index,pixel_0_0,pixel_0_1,pixel_0_2,pixel_0_3,pixel_0_4,pixel_0_5,pixel_0_6,pixel_0_7,pixel_1_0,pixel_1_1,pixel_1_2,pixel_1_3,pixel_1_4,pixel_1_5,pixel_1_6,pixel_1_7,pixel_2_0,pixel_2_1,pixel_2_2,pixel_2_3,pixel_2_4,pixel_2_5,pixel_2_6,pixel_2_7,pixel_3_0,pixel_3_1,pixel_3_2,pixel_3_3,pixel_3_4,pixel_3_5,pixel_3_6,pixel_3_7,pixel_4_0,pixel_4_1,pixel_4_2,pixel_4_3,pixel_4_4,pixel_4_5,pixel_4_6,pixel_4_7,pixel_5_0,pixel_5_1,pixel_5_2,pixel_5_3,pixel_5_4,pixel_5_5,pixel_5_6,pixel_5_7,pixel_6_0,pixel_6_1,pixel_6_2,pixel_6_3,pixel_6_4,pixel_6_5,pixel_6_6,pixel_6_7,pixel_7_0,pixel_7_1,pixel_7_2,pixel_7_3,pixel_7_4,pixel_7_5,pixel_7_6,pixel_7_7,target
1715,0.0,0.0,10.0,12.0,14.0,1.0,0.0,0.0,0.0,0.0,16.0,16.0,16.0,12.0,0.0,0.0,0.0,5.0,16.0,8.0,3.0,16.0,0.0,0.0,0.0,8.0,13.0,0.0,0.0,8.0,7.0,0.0,0.0,8.0,12.0,0.0,0.0,6.0,8.0,0.0,0.0,8.0,13.0,0.0,4.0,12.0,8.0,0.0,0.0,7.0,16.0,16.0,16.0,13.0,0.0,0.0,0.0,0.0,11.0,14.0,8.0,1.0,0.0,0.0,0
1758,0.0,0.0,3.0,13.0,16.0,5.0,0.0,0.0,0.0,6.0,15.0,9.0,15.0,7.0,0.0,0.0,0.0,0.0,0.0,6.0,16.0,10.0,0.0,0.0,0.0,0.0,7.0,14.0,16.0,3.0,0.0,0.0,0.0,0.0,9.0,16.0,16.0,14.0,3.0,0.0,0.0,0.0,0.0,3.0,2.0,15.0,10.0,0.0,0.0,0.0,4.0,5.0,12.0,16.0,14.0,0.0,0.0,0.0,5.0,13.0,14.0,8.0,2.0,0.0,3
1624,0.0,1.0,11.0,16.0,16.0,12.0,0.0,0.0,0.0,8.0,16.0,13.0,16.0,16.0,3.0,0.0,0.0,1.0,5.0,7.0,16.0,14.0,0.0,0.0,0.0,0.0,0.0,11.0,16.0,4.0,0.0,0.0,0.0,0.0,0.0,2.0,15.0,9.0,0.0,0.0,0.0,0.0,0.0,0.0,11.0,13.0,0.0,0.0,0.0,0.0,3.0,7.0,15.0,14.0,0.0,0.0,0.0,0.0,14.0,16.0,16.0,6.0,0.0,0.0,3
706,0.0,1.0,7.0,13.0,16.0,11.0,0.0,0.0,0.0,11.0,16.0,13.0,15.0,16.0,0.0,0.0,0.0,3.0,8.0,2.0,16.0,9.0,0.0,0.0,0.0,0.0,0.0,8.0,16.0,4.0,0.0,0.0,0.0,0.0,0.0,5.0,16.0,16.0,5.0,0.0,0.0,0.0,0.0,0.0,3.0,14.0,11.0,0.0,0.0,0.0,3.0,8.0,14.0,16.0,8.0,0.0,0.0,0.0,7.0,16.0,12.0,7.0,0.0,0.0,3
161,0.0,0.0,2.0,13.0,6.0,0.0,0.0,0.0,0.0,0.0,4.0,16.0,15.0,5.0,0.0,0.0,0.0,0.0,1.0,15.0,12.0,15.0,0.0,0.0,0.0,0.0,0.0,10.0,16.0,16.0,1.0,0.0,0.0,0.0,0.0,0.0,2.0,16.0,2.0,0.0,0.0,0.0,0.0,0.0,0.0,15.0,5.0,0.0,0.0,0.0,4.0,4.0,6.0,16.0,3.0,0.0,0.0,0.0,2.0,14.0,16.0,10.0,0.0,0.0,9
495,0.0,1.0,8.0,8.0,11.0,15.0,10.0,0.0,0.0,4.0,16.0,16.0,11.0,12.0,6.0,0.0,0.0,4.0,16.0,4.0,0.0,0.0,0.0,0.0,0.0,1.0,16.0,15.0,8.0,0.0,0.0,0.0,0.0,0.0,4.0,10.0,16.0,6.0,0.0,0.0,0.0,0.0,0.0,0.0,12.0,12.0,0.0,0.0,0.0,6.0,15.0,9.0,13.0,10.0,0.0,0.0,0.0,1.0,13.0,16.0,13.0,4.0,0.0,0.0,5
663,0.0,0.0,2.0,11.0,16.0,16.0,16.0,4.0,0.0,0.0,5.0,11.0,8.0,8.0,16.0,1.0,0.0,0.0,0.0,0.0,0.0,14.0,6.0,0.0,0.0,0.0,2.0,10.0,13.0,16.0,13.0,0.0,0.0,0.0,12.0,16.0,16.0,9.0,2.0,0.0,0.0,0.0,2.0,5.0,14.0,0.0,0.0,0.0,0.0,0.0,0.0,11.0,9.0,0.0,0.0,0.0,0.0,0.0,0.0,16.0,6.0,0.0,0.0,0.0,7
203,0.0,0.0,10.0,15.0,7.0,0.0,0.0,0.0,0.0,4.0,16.0,13.0,11.0,11.0,0.0,0.0,0.0,10.0,16.0,12.0,15.0,16.0,4.0,0.0,0.0,3.0,12.0,12.0,14.0,16.0,4.0,0.0,0.0,0.0,0.0,0.0,10.0,16.0,4.0,0.0,0.0,0.0,0.0,0.0,9.0,16.0,4.0,0.0,0.0,0.0,4.0,4.0,15.0,15.0,0.0,0.0,0.0,1.0,12.0,15.0,12.0,3.0,0.0,0.0,9
248,0.0,0.0,3.0,14.0,13.0,1.0,0.0,0.0,0.0,0.0,9.0,16.0,16.0,9.0,0.0,0.0,0.0,0.0,8.0,16.0,11.0,15.0,1.0,0.0,0.0,0.0,2.0,14.0,16.0,15.0,2.0,0.0,0.0,0.0,6.0,16.0,16.0,6.0,0.0,0.0,0.0,0.0,15.0,11.0,10.0,12.0,0.0,0.0,0.0,1.0,16.0,11.0,11.0,15.0,0.0,0.0,0.0,0.0,5.0,13.0,15.0,7.0,0.0,0.0,8
1228,0.0,0.0,10.0,12.0,16.0,16.0,8.0,0.0,0.0,4.0,16.0,16.0,11.0,5.0,4.0,0.0,0.0,10.0,12.0,3.0,0.0,0.0,0.0,0.0,0.0,12.0,11.0,0.0,0.0,0.0,0.0,0.0,0.0,6.0,16.0,14.0,8.0,0.0,0.0,0.0,0.0,0.0,5.0,10.0,16.0,3.0,0.0,0.0,0.0,0.0,4.0,8.0,16.0,3.0,0.0,0.0,0.0,0.0,13.0,16.0,11.0,0.0,0.0,0.0,5
875,0.0,0.0,4.0,14.0,11.0,3.0,0.0,0.0,0.0,0.0,1.0,15.0,16.0,6.0,0.0,0.0,0.0,0.0,0.0,16.0,16.0,9.0,0.0,0.0,0.0,0.0,1.0,14.0,16.0,3.0,0.0,0.0,0.0,0.0,6.0,16.0,16.0,2.0,0.0,0.0,0.0,0.0,8.0,16.0,15.0,0.0,0.0,0.0,0.0,0.0,7.0,16.0,11.0,0.0,0.0,0.0,0.0,0.0,6.0,15.0,14.0,4.0,0.0,0.0,1
1679,0.0,0.0,8.0,16.0,8.0,0.0,0.0,0.0,0.0,0.0,10.0,16.0,16.0,3.0,0.0,0.0,0.0,0.0,2.0,4.0,14.0,4.0,0.0,0.0,0.0,0.0,0.0,8.0,14.0,0.0,0.0,0.0,0.0,0.0,5.0,16.0,8.0,0.0,0.0,0.0,0.0,2.0,15.0,14.0,7.0,6.0,3.0,0.0,0.0,5.0,16.0,15.0,16.0,15.0,3.0,0.0,0.0,0.0,10.0,13.0,8.0,2.0,0.0,0.0,2
1198,0.0,0.0,0.0,3.0,16.0,2.0,0.0,0.0,0.0,0.0,0.0,12.0,12.0,0.0,0.0,0.0,0.0,0.0,5.0,16.0,2.0,5.0,12.0,0.0,0.0,3.0,15.0,8.0,0.0,11.0,13.0,0.0,0.0,9.0,16.0,4.0,7.0,16.0,8.0,0.0,0.0,9.0,16.0,16.0,16.0,16.0,2.0,0.0,0.0,0.0,0.0,0.0,13.0,12.0,0.0,0.0,0.0,0.0,0.0,1.0,16.0,9.0,0.0,0.0,4
839,0.0,0.0,8.0,16.0,16.0,16.0,3.0,0.0,0.0,0.0,6.0,8.0,8.0,15.0,10.0,0.0,0.0,0.0,0.0,0.0,7.0,16.0,5.0,0.0,0.0,0.0,1.0,10.0,16.0,9.0,0.0,0.0,0.0,0.0,0.0,15.0,16.0,12.0,0.0,0.0,0.0,0.0,0.0,1.0,13.0,16.0,5.0,0.0,0.0,0.0,7.0,8.0,11.0,16.0,2.0,0.0,0.0,0.0,6.0,16.0,16.0,11.0,0.0,0.0,3
320,0.0,0.0,1.0,14.0,8.0,0.0,0.0,0.0,0.0,0.0,8.0,16.0,4.0,0.0,0.0,0.0,0.0,1.0,16.0,9.0,0.0,1.0,5.0,0.0,0.0,8.0,16.0,5.0,1.0,12.0,15.0,0.0,0.0,10.0,16.0,12.0,11.0,16.0,6.0,0.0,0.0,3.0,14.0,16.0,16.0,8.0,0.0,0.0,0.0,0.0,0.0,11.0,16.0,1.0,0.0,0.0,0.0,0.0,0.0,13.0,14.0,0.0,0.0,0.0,4
1071,0.0,0.0,6.0,15.0,12.0,5.0,0.0,0.0,0.0,0.0,8.0,16.0,16.0,13.0,1.0,0.0,0.0,0.0,8.0,16.0,16.0,12.0,0.0,0.0,0.0,0.0,8.0,16.0,16.0,10.0,0.0,0.0,0.0,0.0,16.0,16.0,16.0,5.0,0.0,0.0,0.0,5.0,16.0,16.0,16.0,1.0,0.0,0.0,0.0,3.0,15.0,16.0,16.0,2.0,0.0,0.0,0.0,0.0,10.0,16.0,15.0,3.0,0.0,0.0,1
1139,0.0,0.0,8.0,16.0,14.0,15.0,0.0,0.0,0.0,0.0,13.0,11.0,15.0,11.0,0.0,0.0,0.0,4.0,14.0,1.0,13.0,5.0,0.0,0.0,0.0,3.0,7.0,8.0,16.0,4.0,3.0,0.0,0.0,0.0,14.0,16.0,16.0,13.0,7.0,0.0,0.0,0.0,5.0,13.0,2.0,0.0,0.0,0.0,0.0,0.0,6.0,10.0,0.0,0.0,0.0,0.0,0.0,0.0,10.0,6.0,0.0,0.0,0.0,0.0,7
1038,0.0,1.0,11.0,16.0,11.0,1.0,0.0,0.0,0.0,6.0,11.0,16.0,16.0,7.0,0.0,0.0,0.0,1.0,2.0,9.0,16.0,11.0,0.0,0.0,0.0,2.0,14.0,12.0,16.0,12.0,0.0,0.0,0.0,0.0,3.0,8.0,4.0,13.0,4.0,0.0,0.0,0.0,0.0,0.0,0.0,10.0,8.0,0.0,0.0,0.0,4.0,12.0,16.0,14.0,6.0,0.0,0.0,0.0,14.0,8.0,4.0,0.0,0.0,0.0,9
1234,0.0,1.0,12.0,16.0,14.0,8.0,0.0,0.0,0.0,4.0,16.0,8.0,10.0,15.0,3.0,0.0,0.0,0.0,0.0,0.0,5.0,16.0,3.0,0.0,0.0,0.0,0.0,1.0,12.0,15.0,0.0,0.0,0.0,0.0,0.0,10.0,16.0,5.0,0.0,0.0,0.0,0.0,5.0,16.0,10.0,0.0,0.0,0.0,0.0,1.0,14.0,15.0,6.0,10.0,11.0,0.0,0.0,0.0,13.0,16.0,16.0,14.0,8.0,1.0,2
1576,0.0,8.0,13.0,15.0,16.0,16.0,8.0,0.0,0.0,9.0,16.0,16.0,13.0,11.0,5.0,0.0,0.0,6.0,16.0,12.0,0.0,0.0,0.0,0.0,0.0,1.0,14.0,14.0,0.0,0.0,0.0,0.0,0.0,0.0,8.0,16.0,2.0,0.0,0.0,0.0,0.0,0.0,8.0,15.0,0.0,0.0,0.0,0.0,0.0,3.0,14.0,11.0,0.0,0.0,0.0,0.0,0.0,9.0,16.0,6.0,0.0,0.0,0.0,0.0,5
1226,0.0,0.0,9.0,16.0,10.0,2.0,0.0,0.0,0.0,0.0,16.0,14.0,11.0,10.0,0.0,0.0,0.0,1.0,16.0,9.0,12.0,15.0,0.0,0.0,0.0,0.0,7.0,15.0,16.0,16.0,8.0,0.0,0.0,0.0,0.0,10.0,6.0,16.0,10.0,0.0,0.0,0.0,0.0,0.0,1.0,15.0,9.0,0.0,0.0,0.0,0.0,1.0,7.0,16.0,8.0,0.0,0.0,0.0,6.0,16.0,16.0,14.0,1.0,0.0,9
912,0.0,0.0,3.0,14.0,8.0,6.0,4.0,0.0,0.0,0.0,11.0,16.0,16.0,16.0,15.0,1.0,0.0,3.0,16.0,3.0,2.0,15.0,6.0,0.0,0.0,5.0,8.0,0.0,9.0,14.0,0.0,0.0,0.0,0.0,7.0,9.0,15.0,13.0,4.0,0.0,0.0,0.0,10.0,16.0,16.0,15.0,3.0,0.0,0.0,0.0,0.0,13.0,7.0,0.0,0.0,0.0,0.0,0.0,6.0,15.0,2.0,0.0,0.0,0.0,7
1241,0.0,1.0,13.0,16.0,16.0,5.0,0.0,0.0,0.0,7.0,10.0,4.0,10.0,12.0,0.0,0.0,0.0,0.0,0.0,0.0,11.0,7.0,0.0,0.0,0.0,0.0,0.0,2.0,15.0,2.0,0.0,0.0,0.0,0.0,0.0,12.0,7.0,0.0,0.0,0.0,0.0,0.0,6.0,12.0,1.0,0.0,0.0,0.0,0.0,0.0,16.0,3.0,1.0,5.0,3.0,0.0,0.0,1.0,15.0,16.0,16.0,15.0,3.0,0.0,2
1649,0.0,0.0,3.0,16.0,15.0,5.0,0.0,0.0,0.0,0.0,7.0,16.0,15.0,14.0,0.0,0.0,0.0,0.0,0.0,1.0,7.0,16.0,4.0,0.0,0.0,2.0,6.0,9.0,14.0,16.0,5.0,0.0,0.0,9.0,16.0,16.0,16.0,12.0,1.0,0.0,0.0,0.0,9.0,15.0,16.0,4.0,0.0,0.0,0.0,0.0,6.0,16.0,11.0,0.0,0.0,0.0,0.0,0.0,2.0,15.0,4.0,0.0,0.0,0.0,7
1439,0.0,0.0,0.0,12.0,7.0,0.0,0.0,0.0,0.0,0.0,6.0,15.0,1.0,1.0,0.0,0.0,0.0,1.0,14.0,8.0,10.0,8.0,0.0,0.0,0.0,6.0,15.0,0.0,13.0,12.0,6.0,0.0,0.0,14.0,15.0,12.0,16.0,16.0,9.0,0.0,0.0,10.0,16.0,15.0,16.0,8.0,1.0,0.0,0.0,0.0,0.0,10.0,16.0,1.0,0.0,0.0,0.0,0.0,0.0,12.0,9.0,0.0,0.0,0.0,4
345,0.0,0.0,12.0,16.0,16.0,13.0,1.0,0.0,0.0,4.0,15.0,9.0,12.0,16.0,2.0,0.0,0.0,0.0,2.0,0.0,11.0,15.0,0.0,0.0,0.0,0.0,0.0,12.0,16.0,4.0,0.0,0.0,0.0,0.0,0.0,8.0,16.0,13.0,1.0,0.0,0.0,0.0,0.0,0.0,6.0,16.0,6.0,0.0,0.0,0.0,4.0,6.0,6.0,16.0,6.0,0.0,0.0,0.0,12.0,16.0,16.0,9.0,0.0,0.0,3
1515,0.0,0.0,0.0,14.0,8.0,0.0,0.0,0.0,0.0,0.0,3.0,16.0,3.0,0.0,0.0,0.0,0.0,0.0,12.0,9.0,9.0,7.0,0.0,0.0,0.0,6.0,15.0,1.0,14.0,11.0,6.0,0.0,0.0,13.0,14.0,8.0,16.0,16.0,7.0,0.0,0.0,8.0,16.0,16.0,16.0,3.0,0.0,0.0,0.0,0.0,1.0,11.0,14.0,0.0,0.0,0.0,0.0,0.0,0.0,14.0,14.0,0.0,0.0,0.0,4
1015,0.0,0.0,10.0,16.0,8.0,0.0,0.0,0.0,0.0,7.0,13.0,4.0,14.0,7.0,0.0,0.0,0.0,7.0,13.0,2.0,7.0,8.0,0.0,0.0,0.0,0.0,7.0,16.0,16.0,5.0,0.0,0.0,0.0,1.0,12.0,13.0,15.0,6.0,0.0,0.0,0.0,3.0,16.0,2.0,4.0,13.0,6.0,0.0,0.0,4.0,16.0,4.0,1.0,11.0,12.0,0.0,0.0,0.0,7.0,15.0,16.0,14.0,2.0,0.0,8
1229,0.0,0.0,7.0,5.0,14.0,13.0,0.0,0.0,0.0,0.0,16.0,15.0,6.0,9.0,2.0,0.0,0.0,4.0,16.0,7.0,0.0,4.0,4.0,0.0,0.0,6.0,12.0,1.0,0.0,5.0,7.0,0.0,0.0,8.0,7.0,0.0,0.0,12.0,3.0,0.0,0.0,4.0,8.0,0.0,4.0,12.0,0.0,0.0,0.0,2.0,12.0,5.0,15.0,4.0,0.0,0.0,0.0,0.0,6.0,15.0,6.0,0.0,0.0,0.0,0
1676,0.0,1.0,8.0,13.0,15.0,5.0,0.0,0.0,0.0,8.0,14.0,7.0,16.0,14.0,0.0,0.0,0.0,10.0,12.0,1.0,10.0,16.0,2.0,0.0,0.0,2.0,12.0,14.0,15.0,16.0,4.0,0.0,0.0,0.0,0.0,4.0,4.0,15.0,8.0,0.0,0.0,0.0,0.0,0.0,0.0,9.0,9.0,0.0,0.0,0.0,9.0,7.0,1.0,10.0,12.0,0.0,0.0,0.0,6.0,13.0,16.0,15.0,6.0,0.0,9
860,0.0,0.0,9.0,16.0,16.0,13.0,1.0,0.0,0.0,0.0,12.0,13.0,14.0,16.0,7.0,0.0,0.0,0.0,0.0,0.0,6.0,16.0,4.0,0.0,0.0,0.0,0.0,0.0,13.0,14.0,1.0,0.0,0.0,0.0,1.0,10.0,16.0,6.0,0.0,0.0,0.0,0.0,7.0,16.0,8.0,0.0,0.0,0.0,0.0,2.0,15.0,16.0,12.0,7.0,0.0,0.0,0.0,0.0,9.0,14.0,16.0,16.0,2.0,0.0,2
588,0.0,0.0,0.0,16.0,6.0,0.0,0.0,0.0,0.0,0.0,11.0,16.0,16.0,11.0,0.0,0.0,0.0,4.0,16.0,11.0,13.0,14.0,0.0,0.0,0.0,7.0,12.0,1.0,3.0,13.0,0.0,0.0,0.0,4.0,10.0,0.0,0.0,16.0,0.0,0.0,0.0,2.0,14.0,0.0,1.0,16.0,1.0,0.0,0.0,0.0,9.0,7.0,9.0,14.0,0.0,0.0,0.0,0.0,1.0,11.0,15.0,3.0,0.0,0.0,0
1571,0.0,0.0,5.0,12.0,16.0,15.0,0.0,0.0,0.0,3.0,16.0,8.0,9.0,16.0,0.0,0.0,0.0,4.0,16.0,14.0,16.0,7.0,0.0,0.0,0.0,5.0,16.0,15.0,5.0,0.0,0.0,0.0,0.0,8.0,15.0,6.0,0.0,0.0,0.0,0.0,0.0,4.0,8.0,14.0,0.0,0.0,0.0,0.0,0.0,3.0,10.0,16.0,1.0,0.0,0.0,0.0,0.0,0.0,6.0,15.0,2.0,0.0,0.0,0.0,8
1052,0.0,0.0,6.0,14.0,16.0,11.0,0.0,0.0,0.0,6.0,14.0,7.0,4.0,16.0,4.0,0.0,0.0,7.0,7.0,0.0,5.0,16.0,2.0,0.0,0.0,0.0,0.0,14.0,16.0,5.0,0.0,0.0,0.0,0.0,0.0,4.0,13.0,11.0,0.0,0.0,0.0,0.0,0.0,0.0,0.0,11.0,8.0,0.0,0.0,0.0,0.0,2.0,4.0,10.0,12.0,0.0,0.0,0.0,9.0,16.0,16.0,11.0,3.0,0.0,3
289,0.0,0.0,3.0,8.0,9.0,9.0,0.0,0.0,0.0,6.0,16.0,12.0,8.0,5.0,0.0,0.0,0.0,11.0,13.0,0.0,0.0,0.0,0.0,0.0,0.0,9.0,16.0,10.0,5.0,0.0,0.0,0.0,0.0,0.0,3.0,8.0,13.0,10.0,1.0,0.0,0.0,0.0,0.0,0.0,0.0,10.0,7.0,0.0,0.0,0.0,5.0,2.0,4.0,13.0,8.0,0.0,0.0,0.0,7.0,16.0,14.0,8.0,0.0,0.0,5
146,0.0,0.0,0.0,6.0,14.0,1.0,0.0,0.0,0.0,0.0,2.0,16.0,10.0,0.0,0.0,0.0,0.0,0.0,11.0,15.0,2.0,0.0,0.0,0.0,0.0,0.0,13.0,13.0,8.0,5.0,0.0,0.0,0.0,2.0,16.0,14.0,12.0,16.0,3.0,0.0,0.0,1.0,16.0,11.0,0.0,5.0,12.0,0.0,0.0,0.0,11.0,15.0,5.0,12.0,12.0,0.0,0.0,0.0,0.0,9.0,15.0,14.0,6.0,0.0,6
682,0.0,0.0,5.0,16.0,12.0,2.0,0.0,0.0,0.0,0.0,13.0,14.0,15.0,11.0,0.0,0.0,0.0,6.0,15.0,1.0,2.0,16.0,4.0,0.0,0.0,6.0,14.0,0.0,0.0,9.0,8.0,0.0,0.0,8.0,10.0,0.0,0.0,13.0,8.0,0.0,0.0,4.0,13.0,0.0,1.0,14.0,8.0,0.0,0.0,0.0,14.0,14.0,15.0,15.0,3.0,0.0,0.0,0.0,5.0,12.0,13.0,8.0,0.0,0.0,0
1322,0.0,1.0,14.0,16.0,16.0,14.0,1.0,0.0,0.0,0.0,10.0,13.0,6.0,4.0,0.0,0.0,0.0,3.0,15.0,11.0,3.0,0.0,0.0,0.0,0.0,5.0,16.0,16.0,16.0,6.0,0.0,0.0,0.0,0.0,0.0,1.0,10.0,15.0,0.0,0.0,0.0,0.0,0.0,0.0,11.0,11.0,0.0,0.0,0.0,0.0,7.0,12.0,16.0,5.0,0.0,0.0,0.0,2.0,15.0,15.0,5.0,0.0,0.0,0.0,5
815,0.0,0.0,3.0,14.0,16.0,9.0,0.0,0.0,0.0,0.0,13.0,10.0,6.0,16.0,7.0,0.0,0.0,5.0,16.0,3.0,2.0,14.0,6.0,0.0,0.0,0.0,10.0,16.0,16.0,16.0,4.0,0.0,0.0,0.0,0.0,0.0,0.0,12.0,5.0,0.0,0.0,0.0,0.0,0.0,0.0,13.0,4.0,0.0,0.0,3.0,11.0,2.0,5.0,15.0,0.0,0.0,0.0,0.0,4.0,12.0,16.0,10.0,0.0,0.0,9
1426,0.0,0.0,0.0,0.0,9.0,15.0,0.0,0.0,0.0,0.0,1.0,10.0,16.0,16.0,1.0,0.0,0.0,5.0,16.0,15.0,14.0,16.0,0.0,0.0,0.0,1.0,8.0,0.0,10.0,16.0,0.0,0.0,0.0,0.0,0.0,0.0,11.0,16.0,0.0,0.0,0.0,0.0,0.0,0.0,10.0,15.0,0.0,0.0,0.0,0.0,0.0,0.0,12.0,16.0,3.0,0.0,0.0,0.0,0.0,0.0,8.0,16.0,3.0,0.0,1
1793,0.0,0.0,6.0,16.0,13.0,11.0,1.0,0.0,0.0,0.0,16.0,15.0,12.0,16.0,1.0,0.0,0.0,3.0,16.0,7.0,0.0,13.0,6.0,0.0,0.0,4.0,16.0,0.0,0.0,10.0,8.0,0.0,0.0,8.0,16.0,0.0,0.0,14.0,6.0,0.0,0.0,5.0,16.0,7.0,9.0,16.0,5.0,0.0,0.0,1.0,15.0,16.0,16.0,16.0,1.0,0.0,0.0,0.0,6.0,16.0,14.0,6.0,0.0,0.0,0
1208,0.0,0.0,9.0,16.0,15.0,3.0,0.0,0.0,0.0,7.0,15.0,7.0,16.0,7.0,0.0,0.0,0.0,2.0,2.0,0.0,16.0,2.0,0.0,0.0,0.0,0.0,0.0,6.0,15.0,0.0,0.0,0.0,0.0,0.0,0.0,13.0,10.0,0.0,0.0,0.0,0.0,0.0,3.0,16.0,3.0,3.0,5.0,0.0,0.0,0.0,11.0,14.0,10.0,16.0,6.0,0.0,0.0,0.0,11.0,16.0,13.0,5.0,0.0,0.0,2
760,0.0,0.0,0.0,8.0,15.0,9.0,1.0,0.0,0.0,0.0,11.0,14.0,12.0,15.0,8.0,0.0,0.0,0.0,15.0,5.0,6.0,14.0,2.0,0.0,0.0,0.0,14.0,14.0,15.0,1.0,0.0,0.0,0.0,1.0,13.0,16.0,6.0,0.0,0.0,0.0,0.0,6.0,16.0,9.0,13.0,0.0,0.0,0.0,0.0,2.0,13.0,15.0,16.0,4.0,0.0,0.0,0.0,0.0,1.0,9.0,15.0,2.0,0.0,0.0,8
341,0.0,0.0,0.0,0.0,10.0,11.0,0.0,0.0,0.0,0.0,0.0,0.0,16.0,13.0,0.0,0.0,0.0,0.0,0.0,7.0,16.0,9.0,0.0,0.0,0.0,0.0,0.0,13.0,16.0,3.0,0.0,0.0,0.0,0.0,10.0,16.0,16.0,0.0,0.0,0.0,0.0,0.0,15.0,16.0,16.0,4.0,0.0,0.0,0.0,3.0,12.0,6.0,16.0,6.0,0.0,0.0,0.0,0.0,0.0,0.0,10.0,13.0,7.0,0.0,1
1145,0.0,0.0,8.0,11.0,8.0,10.0,14.0,8.0,0.0,3.0,15.0,11.0,12.0,16.0,5.0,1.0,0.0,1.0,16.0,0.0,11.0,8.0,0.0,0.0,0.0,0.0,1.0,5.0,16.0,5.0,0.0,0.0,0.0,0.0,3.0,15.0,16.0,14.0,0.0,0.0,0.0,0.0,7.0,16.0,3.0,0.0,0.0,0.0,0.0,0.0,6.0,13.0,0.0,0.0,0.0,0.0,0.0,0.0,11.0,7.0,0.0,0.0,0.0,0.0,7
346,0.0,0.0,0.0,12.0,15.0,2.0,0.0,0.0,0.0,0.0,0.0,13.0,16.0,8.0,0.0,0.0,0.0,0.0,0.0,14.0,16.0,9.0,0.0,0.0,0.0,0.0,0.0,13.0,16.0,6.0,0.0,0.0,0.0,0.0,7.0,16.0,16.0,3.0,0.0,0.0,0.0,1.0,16.0,16.0,16.0,1.0,0.0,0.0,0.0,0.0,8.0,16.0,16.0,2.0,0.0,0.0,0.0,0.0,0.0,9.0,16.0,7.0,0.0,0.0,1
1199,0.0,0.0,7.0,16.0,13.0,4.0,0.0,0.0,0.0,0.0,7.0,16.0,16.0,9.0,0.0,0.0,0.0,0.0,1.0,16.0,16.0,9.0,0.0,0.0,0.0,0.0,3.0,16.0,16.0,9.0,0.0,0.0,0.0,0.0,8.0,16.0,16.0,8.0,0.0,0.0,0.0,0.0,10.0,16.0,16.0,4.0,0.0,0.0,0.0,0.0,9.0,16.0,14.0,1.0,0.0,0.0,0.0,0.0,4.0,12.0,14.0,8.0,0.0,0.0,1
271,0.0,0.0,15.0,16.0,16.0,15.0,9.0,0.0,0.0,6.0,16.0,13.0,12.0,12.0,11.0,2.0,0.0,3.0,15.0,14.0,2.0,0.0,0.0,0.0,0.0,0.0,6.0,16.0,5.0,0.0,0.0,0.0,0.0,0.0,0.0,14.0,11.0,0.0,0.0,0.0,0.0,0.0,0.0,12.0,8.0,0.0,0.0,0.0,0.0,1.0,14.0,14.0,10.0,0.0,0.0,0.0,0.0,0.0,13.0,16.0,3.0,0.0,0.0,0.0,5
1564,0.0,0.0,2.0,15.0,14.0,1.0,0.0,0.0,0.0,0.0,11.0,16.0,16.0,4.0,0.0,0.0,0.0,4.0,16.0,16.0,16.0,1.0,0.0,0.0,0.0,7.0,16.0,16.0,14.0,0.0,0.0,0.0,0.0,9.0,16.0,16.0,11.0,0.0,0.0,0.0,0.0,1.0,13.0,16.0,9.0,0.0,0.0,0.0,0.0,0.0,5.0,16.0,5.0,0.0,0.0,0.0,0.0,0.0,2.0,14.0,9.0,0.0,0.0,0.0,1
1503,0.0,0.0,0.0,13.0,3.0,0.0,0.0,0.0,0.0,0.0,6.0,15.0,0.0,0.0,0.0,0.0,0.0,0.0,12.0,7.0,0.0,0.0,0.0,0.0,0.0,0.0,16.0,10.0,7.0,1.0,0.0,0.0,0.0,6.0,16.0,12.0,13.0,16.0,6.0,0.0,0.0,0.0,16.0,4.0,0.0,6.0,12.0,0.0,0.0,0.0,12.0,10.0,2.0,11.0,9.0,0.0,0.0,0.0,1.0,13.0,16.0,15.0,3.0,0.0,6
297,0.0,0.0,0.0,7.0,10.0,0.0,0.0,0.0,0.0,0.0,3.0,15.0,5.0,0.0,0.0,0.0,0.0,0.0,11.0,11.0,0.0,2.0,2.0,0.0,0.0,5.0,14.0,2.0,1.0,13.0,7.0,0.0,0.0,7.0,15.0,2.0,8.0,16.0,3.0,0.0,0.0,3.0,14.0,16.0,16.0,8.0,0.0,0.0,0.0,0.0,0.0,7.0,16.0,0.0,0.0,0.0,0.0,0.0,0.0,6.0,16.0,2.0,0.0,0.0,4
114,0.0,0.0,4.0,9.0,13.0,5.0,0.0,0.0,0.0,1.0,16.0,16.0,12.0,11.0,0.0,0.0,0.0,0.0,11.0,8.0,5.0,16.0,0.0,0.0,0.0,0.0,7.0,10.0,13.0,10.0,0.0,0.0,0.0,0.0,4.0,16.0,13.0,0.0,0.0,0.0,0.0,0.0,13.0,15.0,12.0,0.0,0.0,0.0,0.0,0.0,11.0,9.0,14.0,5.0,0.0,0.0,0.0,0.0,0.0,10.0,16.0,8.0,0.0,0.0,8
78,0.0,0.0,10.0,12.0,10.0,0.0,0.0,0.0,0.0,3.0,16.0,16.0,16.0,4.0,0.0,0.0,0.0,7.0,15.0,3.0,8.0,13.0,0.0,0.0,0.0,8.0,12.0,0.0,0.0,14.0,1.0,0.0,0.0,8.0,12.0,0.0,0.0,7.0,8.0,0.0,0.0,5.0,13.0,0.0,0.0,4.0,8.0,0.0,0.0,0.0,14.0,8.0,0.0,10.0,8.0,0.0,0.0,0.0,7.0,12.0,13.0,12.0,4.0,0.0,0
335,0.0,0.0,7.0,15.0,9.0,5.0,0.0,0.0,0.0,0.0,14.0,16.0,14.0,15.0,0.0,0.0,0.0,1.0,16.0,8.0,4.0,6.0,4.0,0.0,0.0,4.0,15.0,1.0,0.0,6.0,5.0,0.0,0.0,3.0,11.0,0.0,0.0,7.0,5.0,0.0,0.0,3.0,11.0,0.0,1.0,13.0,2.0,0.0,0.0,1.0,13.0,8.0,13.0,13.0,0.0,0.0,0.0,0.0,6.0,15.0,11.0,1.0,0.0,0.0,0
1545,0.0,0.0,4.0,16.0,15.0,2.0,0.0,0.0,0.0,0.0,11.0,16.0,13.0,13.0,0.0,0.0,0.0,1.0,16.0,8.0,1.0,16.0,2.0,0.0,0.0,7.0,16.0,6.0,0.0,11.0,8.0,0.0,0.0,7.0,16.0,4.0,0.0,11.0,8.0,0.0,0.0,4.0,15.0,1.0,1.0,15.0,7.0,0.0,0.0,0.0,13.0,12.0,14.0,15.0,1.0,0.0,0.0,0.0,3.0,14.0,16.0,6.0,0.0,0.0,0
681,0.0,0.0,15.0,12.0,11.0,6.0,2.0,0.0,0.0,4.0,16.0,15.0,12.0,12.0,10.0,0.0,0.0,7.0,14.0,1.0,0.0,0.0,0.0,0.0,0.0,10.0,12.0,3.0,1.0,0.0,0.0,0.0,0.0,8.0,16.0,16.0,14.0,2.0,0.0,0.0,0.0,1.0,8.0,8.0,16.0,8.0,0.0,0.0,0.0,0.0,1.0,11.0,15.0,2.0,0.0,0.0,0.0,0.0,13.0,16.0,6.0,0.0,0.0,0.0,5
1470,0.0,0.0,11.0,16.0,10.0,1.0,0.0,0.0,0.0,1.0,15.0,14.0,15.0,11.0,0.0,0.0,0.0,7.0,14.0,1.0,4.0,16.0,3.0,0.0,0.0,7.0,13.0,0.0,0.0,10.0,11.0,0.0,0.0,9.0,12.0,0.0,0.0,8.0,12.0,0.0,0.0,5.0,14.0,0.0,0.0,7.0,13.0,0.0,0.0,1.0,16.0,10.0,5.0,15.0,8.0,0.0,0.0,0.0,7.0,16.0,16.0,15.0,0.0,0.0,0
401,0.0,1.0,8.0,8.0,9.0,13.0,8.0,0.0,0.0,2.0,16.0,16.0,16.0,14.0,9.0,0.0,0.0,3.0,16.0,2.0,0.0,0.0,0.0,0.0,0.0,5.0,16.0,16.0,15.0,1.0,0.0,0.0,0.0,5.0,10.0,8.0,15.0,5.0,0.0,0.0,0.0,0.0,0.0,0.0,13.0,7.0,0.0,0.0,0.0,0.0,15.0,12.0,16.0,2.0,0.0,0.0,0.0,0.0,11.0,16.0,9.0,0.0,0.0,0.0,5
1294,0.0,3.0,15.0,16.0,15.0,3.0,0.0,0.0,0.0,3.0,10.0,8.0,15.0,12.0,0.0,0.0,0.0,0.0,0.0,0.0,14.0,8.0,0.0,0.0,0.0,0.0,11.0,13.0,16.0,16.0,8.0,0.0,0.0,1.0,15.0,16.0,15.0,7.0,2.0,0.0,0.0,0.0,5.0,16.0,5.0,0.0,0.0,0.0,0.0,2.0,16.0,11.0,0.0,0.0,0.0,0.0,0.0,3.0,16.0,5.0,0.0,0.0,0.0,0.0,7
84,0.0,1.0,13.0,15.0,2.0,0.0,0.0,0.0,0.0,6.0,15.0,15.0,9.0,0.0,0.0,0.0,0.0,9.0,8.0,10.0,13.0,0.0,0.0,0.0,0.0,5.0,3.0,12.0,12.0,0.0,0.0,0.0,0.0,0.0,3.0,16.0,6.0,0.0,0.0,0.0,0.0,5.0,15.0,15.0,1.0,0.0,0.0,0.0,0.0,6.0,16.0,15.0,12.0,12.0,11.0,0.0,0.0,1.0,11.0,13.0,16.0,16.0,12.0,0.0,2
1245,0.0,0.0,0.0,7.0,12.0,0.0,0.0,0.0,0.0,0.0,4.0,16.0,8.0,0.0,0.0,0.0,0.0,0.0,12.0,11.0,0.0,0.0,0.0,0.0,0.0,0.0,15.0,10.0,8.0,6.0,1.0,0.0,0.0,0.0,15.0,16.0,8.0,10.0,8.0,0.0,0.0,0.0,14.0,7.0,0.0,0.0,12.0,0.0,0.0,0.0,8.0,11.0,0.0,5.0,16.0,2.0,0.0,0.0,0.0,9.0,14.0,14.0,5.0,0.0,6
425,0.0,1.0,7.0,12.0,13.0,3.0,0.0,0.0,0.0,7.0,13.0,6.0,15.0,14.0,0.0,0.0,0.0,6.0,10.0,0.0,13.0,16.0,0.0,0.0,0.0,1.0,13.0,13.0,15.0,16.0,1.0,0.0,0.0,0.0,0.0,4.0,1.0,12.0,8.0,0.0,0.0,0.0,0.0,0.0,0.0,12.0,8.0,0.0,0.0,0.0,12.0,13.0,5.0,14.0,8.0,0.0,0.0,0.0,5.0,12.0,16.0,11.0,1.0,0.0,9
961,0.0,0.0,8.0,15.0,11.0,1.0,0.0,0.0,0.0,0.0,10.0,4.0,10.0,6.0,0.0,0.0,0.0,0.0,0.0,1.0,13.0,6.0,0.0,0.0,0.0,0.0,0.0,15.0,16.0,2.0,0.0,0.0,0.0,0.0,0.0,4.0,8.0,15.0,1.0,0.0,0.0,1.0,1.0,0.0,0.0,9.0,7.0,0.0,0.0,4.0,13.0,5.0,3.0,10.0,8.0,0.0,0.0,0.0,7.0,14.0,16.0,15.0,2.0,0.0,3
1005,0.0,0.0,2.0,14.0,5.0,0.0,0.0,0.0,0.0,0.0,9.0,12.0,0.0,0.0,0.0,0.0,0.0,1.0,15.0,1.0,0.0,0.0,0.0,0.0,0.0,3.0,15.0,0.0,0.0,0.0,0.0,0.0,0.0,6.0,16.0,16.0,16.0,13.0,1.0,0.0,0.0,2.0,16.0,8.0,4.0,7.0,11.0,0.0,0.0,0.0,12.0,11.0,1.0,8.0,11.0,0.0,0.0,0.0,3.0,12.0,16.0,15.0,4.0,0.0,6
1740,0.0,0.0,8.0,16.0,11.0,0.0,0.0,0.0,0.0,2.0,15.0,8.0,16.0,7.0,0.0,0.0,0.0,3.0,13.0,1.0,14.0,13.0,0.0,0.0,0.0,0.0,10.0,16.0,16.0,16.0,3.0,0.0,0.0,0.0,0.0,2.0,5.0,15.0,4.0,0.0,0.0,0.0,0.0,0.0,0.0,12.0,6.0,0.0,0.0,0.0,5.0,6.0,5.0,15.0,4.0,0.0,0.0,0.0,6.0,15.0,16.0,12.0,1.0,0.0,9
202,0.0,0.0,4.0,15.0,11.0,1.0,0.0,0.0,0.0,2.0,14.0,14.0,16.0,8.0,0.0,0.0,0.0,8.0,15.0,2.0,3.0,13.0,0.0,0.0,0.0,4.0,16.0,0.0,0.0,12.0,7.0,0.0,0.0,7.0,16.0,0.0,0.0,12.0,8.0,0.0,0.0,3.0,16.0,6.0,1.0,14.0,9.0,0.0,0.0,0.0,15.0,16.0,16.0,16.0,2.0,0.0,0.0,0.0,4.0,13.0,14.0,6.0,0.0,0.0,0
820,0.0,0.0,3.0,15.0,16.0,15.0,1.0,0.0,0.0,0.0,9.0,11.0,9.0,16.0,3.0,0.0,0.0,0.0,1.0,0.0,3.0,16.0,3.0,0.0,0.0,0.0,0.0,0.0,9.0,14.0,0.0,0.0,0.0,0.0,4.0,15.0,15.0,16.0,6.0,0.0,0.0,0.0,2.0,12.0,15.0,7.0,1.0,0.0,0.0,0.0,0.0,13.0,8.0,0.0,0.0,0.0,0.0,0.0,4.0,14.0,1.0,0.0,0.0,0.0,7
562,0.0,0.0,11.0,13.0,12.0,12.0,3.0,0.0,0.0,5.0,14.0,4.0,4.0,7.0,2.0,0.0,0.0,7.0,10.0,1.0,4.0,1.0,0.0,0.0,0.0,8.0,15.0,14.0,12.0,15.0,2.0,0.0,0.0,2.0,7.0,0.0,0.0,12.0,4.0,0.0,0.0,0.0,0.0,0.0,1.0,16.0,3.0,0.0,0.0,1.0,8.0,3.0,10.0,12.0,0.0,0.0,0.0,1.0,12.0,16.0,12.0,2.0,0.0,0.0,5
644,0.0,0.0,3.0,13.0,14.0,4.0,0.0,0.0,0.0,0.0,13.0,12.0,14.0,16.0,0.0,0.0,0.0,1.0,16.0,3.0,14.0,16.0,4.0,0.0,0.0,1.0,14.0,9.0,16.0,16.0,6.0,0.0,0.0,0.0,2.0,8.0,4.0,11.0,9.0,0.0,0.0,0.0,2.0,2.0,0.0,12.0,10.0,0.0,0.0,0.0,14.0,14.0,4.0,11.0,9.0,0.0,0.0,0.0,4.0,8.0,11.0,16.0,9.0,0.0,9
614,0.0,0.0,3.0,11.0,15.0,8.0,0.0,0.0,0.0,4.0,14.0,8.0,13.0,14.0,0.0,0.0,0.0,8.0,11.0,3.0,15.0,6.0,0.0,0.0,0.0,1.0,1.0,9.0,14.0,0.0,0.0,0.0,0.0,0.0,0.0,0.0,13.0,10.0,0.0,0.0,0.0,0.0,0.0,0.0,1.0,13.0,7.0,0.0,0.0,0.0,9.0,8.0,2.0,6.0,11.0,0.0,0.0,0.0,4.0,10.0,14.0,16.0,10.0,0.0,3
989,0.0,0.0,0.0,6.0,14.0,3.0,0.0,0.0,0.0,0.0,5.0,15.0,7.0,1.0,0.0,0.0,0.0,0.0,10.0,10.0,0.0,0.0,0.0,0.0,0.0,0.0,12.0,5.0,0.0,0.0,0.0,0.0,0.0,0.0,14.0,16.0,16.0,11.0,2.0,0.0,0.0,2.0,16.0,13.0,3.0,8.0,12.0,0.0,0.0,0.0,8.0,15.0,5.0,4.0,16.0,2.0,0.0,0.0,0.0,4.0,14.0,16.0,13.0,0.0,6
1356,0.0,0.0,0.0,12.0,14.0,5.0,0.0,0.0,0.0,0.0,6.0,11.0,4.0,15.0,0.0,0.0,0.0,0.0,8.0,9.0,8.0,16.0,3.0,0.0,0.0,0.0,3.0,14.0,13.0,13.0,4.0,0.0,0.0,0.0,0.0,0.0,0.0,10.0,7.0,0.0,0.0,0.0,0.0,0.0,0.0,7.0,8.0,0.0,0.0,0.0,13.0,6.0,1.0,7.0,9.0,0.0,0.0,0.0,1.0,10.0,14.0,15.0,2.0,0.0,9
281,0.0,0.0,11.0,7.0,12.0,15.0,1.0,0.0,0.0,1.0,16.0,14.0,9.0,6.0,0.0,0.0,0.0,8.0,12.0,0.0,0.0,0.0,0.0,0.0,0.0,5.0,14.0,15.0,15.0,5.0,0.0,0.0,0.0,1.0,6.0,4.0,10.0,9.0,0.0,0.0,0.0,0.0,0.0,0.0,4.0,11.0,0.0,0.0,0.0,0.0,10.0,4.0,13.0,8.0,0.0,0.0,0.0,0.0,12.0,16.0,10.0,1.0,0.0,0.0,5
1149,0.0,0.0,15.0,12.0,3.0,0.0,0.0,0.0,0.0,0.0,15.0,9.0,14.0,1.0,0.0,0.0,0.0,0.0,12.0,10.0,15.0,1.0,0.0,0.0,0.0,0.0,5.0,16.0,4.0,10.0,7.0,0.0,0.0,0.0,0.0,11.0,14.0,11.0,0.0,0.0,0.0,0.0,1.0,12.0,13.0,11.0,0.0,0.0,0.0,0.0,12.0,6.0,0.0,9.0,4.0,0.0,0.0,0.0,15.0,4.0,5.0,13.0,6.0,0.0,8
1325,0.0,0.0,7.0,10.0,16.0,9.0,0.0,0.0,0.0,0.0,15.0,16.0,13.0,15.0,1.0,0.0,0.0,0.0,10.0,13.0,10.0,16.0,2.0,0.0,0.0,0.0,1.0,16.0,16.0,11.0,0.0,0.0,0.0,0.0,8.0,16.0,16.0,5.0,0.0,0.0,0.0,0.0,15.0,8.0,14.0,7.0,0.0,0.0,0.0,0.0,16.0,7.0,16.0,4.0,0.0,0.0,0.0,0.0,9.0,16.0,14.0,0.0,0.0,0.0,8
1417,0.0,1.0,10.0,16.0,3.0,0.0,0.0,0.0,0.0,5.0,16.0,14.0,8.0,0.0,0.0,0.0,0.0,10.0,11.0,8.0,12.0,0.0,0.0,0.0,0.0,1.0,1.0,8.0,12.0,0.0,0.0,0.0,0.0,0.0,0.0,12.0,8.0,0.0,0.0,0.0,0.0,0.0,2.0,15.0,5.0,1.0,2.0,0.0,0.0,0.0,10.0,16.0,14.0,14.0,12.0,0.0,0.0,0.0,14.0,16.0,16.0,13.0,7.0,0.0,2
67,0.0,0.0,5.0,14.0,0.0,0.0,0.0,0.0,0.0,0.0,12.0,9.0,0.0,0.0,0.0,0.0,0.0,0.0,15.0,3.0,0.0,0.0,0.0,0.0,0.0,1.0,16.0,0.0,0.0,0.0,0.0,0.0,0.0,1.0,16.0,2.0,7.0,4.0,0.0,0.0,0.0,3.0,16.0,16.0,16.0,16.0,9.0,0.0,0.0,0.0,15.0,15.0,4.0,10.0,16.0,0.0,0.0,0.0,4.0,14.0,16.0,12.0,7.0,0.0,6
486,0.0,0.0,0.0,7.0,6.0,0.0,0.0,0.0,0.0,0.0,1.0,15.0,16.0,7.0,0.0,0.0,0.0,0.0,8.0,13.0,15.0,6.0,0.0,0.0,0.0,3.0,16.0,3.0,12.0,7.0,1.0,0.0,0.0,4.0,14.0,9.0,15.0,16.0,8.0,0.0,0.0,4.0,12.0,12.0,16.0,10.0,2.0,0.0,0.0,0.0,0.0,5.0,16.0,0.0,0.0,0.0,0.0,0.0,0.0,4.0,14.0,0.0,0.0,0.0,4
59,0.0,1.0,10.0,15.0,11.0,1.0,0.0,0.0,0.0,3.0,8.0,8.0,11.0,12.0,0.0,0.0,0.0,0.0,0.0,5.0,14.0,15.0,1.0,0.0,0.0,0.0,0.0,11.0,15.0,2.0,0.0,0.0,0.0,0.0,0.0,4.0,15.0,2.0,0.0,0.0,0.0,0.0,0.0,0.0,12.0,10.0,0.0,0.0,0.0,0.0,3.0,4.0,10.0,16.0,1.0,0.0,0.0,0.0,13.0,16.0,15.0,10.0,0.0,0.0,3
1299,0.0,0.0,6.0,16.0,8.0,0.0,0.0,0.0,0.0,0.0,8.0,13.0,16.0,3.0,0.0,0.0,0.0,0.0,2.0,12.0,10.0,8.0,0.0,0.0,0.0,0.0,0.0,0.0,7.0,11.0,0.0,0.0,0.0,0.0,0.0,0.0,9.0,10.0,0.0,0.0,0.0,0.0,0.0,0.0,13.0,7.0,0.0,0.0,0.0,0.0,1.0,10.0,16.0,10.0,8.0,3.0,0.0,0.0,4.0,16.0,16.0,15.0,16.0,16.0,2
1016,0.0,0.0,9.0,16.0,7.0,0.0,0.0,0.0,0.0,0.0,14.0,13.0,16.0,2.0,0.0,0.0,0.0,0.0,7.0,9.0,15.0,8.0,0.0,0.0,0.0,0.0,0.0,1.0,13.0,9.0,0.0,0.0,0.0,0.0,0.0,0.0,14.0,7.0,0.0,0.0,0.0,0.0,0.0,4.0,16.0,5.0,0.0,0.0,0.0,0.0,7.0,16.0,16.0,8.0,6.0,0.0,0.0,0.0,9.0,15.0,12.0,16.0,16.0,9.0,2
1054,0.0,0.0,5.0,10.0,14.0,16.0,11.0,0.0,0.0,2.0,15.0,15.0,5.0,4.0,1.0,0.0,0.0,2.0,16.0,9.0,4.0,1.0,0.0,0.0,0.0,2.0,16.0,16.0,16.0,11.0,0.0,0.0,0.0,2.0,9.0,1.0,0.0,14.0,4.0,0.0,0.0,0.0,0.0,0.0,1.0,14.0,3.0,0.0,0.0,0.0,0.0,2.0,13.0,7.0,0.0,0.0,0.0,0.0,7.0,14.0,7.0,0.0,0.0,0.0,5
100,0.0,0.0,0.0,2.0,13.0,0.0,0.0,0.0,0.0,0.0,0.0,8.0,15.0,0.0,0.0,0.0,0.0,0.0,5.0,16.0,5.0,2.0,0.0,0.0,0.0,0.0,15.0,12.0,1.0,16.0,4.0,0.0,0.0,4.0,16.0,2.0,9.0,16.0,8.0,0.0,0.0,0.0,10.0,14.0,16.0,16.0,4.0,0.0,0.0,0.0,0.0,0.0,13.0,8.0,0.0,0.0,0.0,0.0,0.0,0.0,13.0,6.0,0.0,0.0,4
1216,0.0,2.0,9.0,15.0,16.0,15.0,2.0,0.0,0.0,11.0,11.0,5.0,9.0,16.0,3.0,0.0,0.0,0.0,0.0,0.0,9.0,12.0,0.0,0.0,0.0,0.0,0.0,0.0,6.0,15.0,1.0,0.0,0.0,0.0,0.0,0.0,0.0,14.0,9.0,0.0,0.0,0.0,0.0,0.0,0.0,12.0,12.0,0.0,0.0,0.0,5.0,3.0,6.0,15.0,7.0,0.0,0.0,0.0,12.0,16.0,15.0,9.0,1.0,0.0,3
40,0.0,0.0,11.0,10.0,12.0,4.0,0.0,0.0,0.0,0.0,12.0,13.0,9.0,16.0,1.0,0.0,0.0,0.0,7.0,13.0,11.0,16.0,0.0,0.0,0.0,0.0,1.0,16.0,14.0,4.0,0.0,0.0,0.0,0.0,10.0,16.0,13.0,0.0,0.0,0.0,0.0,0.0,14.0,7.0,12.0,7.0,0.0,0.0,0.0,4.0,14.0,4.0,12.0,13.0,0.0,0.0,0.0,1.0,11.0,14.0,12.0,4.0,0.0,0.0,8
1562,0.0,0.0,0.0,7.0,16.0,16.0,11.0,0.0,0.0,0.0,6.0,16.0,16.0,16.0,16.0,0.0,0.0,0.0,11.0,16.0,16.0,16.0,9.0,0.0,0.0,0.0,2.0,9.0,11.0,14.0,10.0,0.0,0.0,0.0,0.0,0.0,0.0,10.0,6.0,0.0,0.0,0.0,0.0,0.0,4.0,11.0,1.0,0.0,0.0,0.0,0.0,2.0,14.0,2.0,0.0,0.0,0.0,0.0,0.0,11.0,3.0,0.0,0.0,0.0,9
1750,0.0,0.0,7.0,16.0,16.0,15.0,8.0,0.0,0.0,0.0,12.0,15.0,15.0,16.0,11.0,0.0,0.0,0.0,0.0,3.0,14.0,15.0,2.0,0.0,0.0,0.0,1.0,14.0,12.0,1.0,0.0,0.0,0.0,0.0,1.0,16.0,15.0,5.0,0.0,0.0,0.0,0.0,0.0,3.0,12.0,15.0,0.0,0.0,0.0,0.0,0.0,4.0,12.0,14.0,1.0,0.0,0.0,0.0,10.0,15.0,10.0,4.0,0.0,0.0,3
394,0.0,0.0,1.0,6.0,8.0,9.0,3.0,0.0,0.0,0.0,13.0,15.0,12.0,11.0,7.0,0.0,0.0,0.0,13.0,11.0,0.0,9.0,7.0,0.0,0.0,0.0,5.0,15.0,15.0,15.0,0.0,0.0,0.0,0.0,1.0,14.0,16.0,16.0,0.0,0.0,0.0,0.0,11.0,9.0,0.0,16.0,1.0,0.0,0.0,0.0,9.0,10.0,10.0,13.0,0.0,0.0,0.0,0.0,3.0,11.0,9.0,2.0,0.0,0.0,8
241,0.0,2.0,15.0,13.0,0.0,0.0,0.0,0.0,0.0,12.0,16.0,16.0,3.0,0.0,0.0,0.0,0.0,5.0,13.0,16.0,4.0,0.0,0.0,0.0,0.0,0.0,8.0,16.0,4.0,0.0,0.0,0.0,0.0,0.0,8.0,16.0,4.0,0.0,0.0,0.0,0.0,0.0,12.0,16.0,0.0,0.0,0.0,0.0,0.0,0.0,16.0,16.0,16.0,14.0,6.0,0.0,0.0,1.0,16.0,16.0,16.0,12.0,7.0,0.0,2
1787,0.0,0.0,10.0,16.0,15.0,1.0,0.0,0.0,0.0,0.0,16.0,12.0,5.0,0.0,0.0,0.0,0.0,2.0,16.0,9.0,4.0,0.0,0.0,0.0,0.0,4.0,16.0,16.0,16.0,14.0,2.0,0.0,0.0,1.0,10.0,4.0,1.0,16.0,4.0,0.0,0.0,0.0,0.0,0.0,2.0,16.0,7.0,0.0,0.0,0.0,7.0,8.0,14.0,16.0,3.0,0.0,0.0,0.0,6.0,13.0,10.0,4.0,0.0,0.0,5
251,0.0,0.0,7.0,16.0,11.0,1.0,0.0,0.0,0.0,1.0,15.0,12.0,12.0,12.0,0.0,0.0,0.0,2.0,16.0,2.0,6.0,16.0,2.0,0.0,0.0,1.0,16.0,6.0,6.0,16.0,6.0,0.0,0.0,0.0,7.0,16.0,15.0,16.0,9.0,0.0,0.0,0.0,0.0,0.0,0.0,12.0,11.0,0.0,0.0,0.0,3.0,3.0,6.0,16.0,5.0,0.0,0.0,0.0,8.0,16.0,14.0,6.0,0.0,0.0,9
232,0.0,0.0,0.0,11.0,14.0,0.0,0.0,0.0,0.0,0.0,10.0,16.0,4.0,0.0,0.0,0.0,0.0,1.0,15.0,11.0,0.0,0.0,0.0,0.0,0.0,3.0,16.0,12.0,8.0,2.0,0.0,0.0,0.0,7.0,16.0,16.0,12.0,14.0,3.0,0.0,0.0,4.0,16.0,8.0,0.0,10.0,9.0,0.0,0.0,1.0,12.0,15.0,9.0,14.0,10.0,0.0,0.0,0.0,2.0,10.0,13.0,11.0,1.0,0.0,6
1101,0.0,1.0,12.0,16.0,16.0,16.0,4.0,0.0,0.0,4.0,16.0,10.0,4.0,1.0,1.0,0.0,0.0,6.0,13.0,0.0,0.0,0.0,0.0,0.0,0.0,6.0,16.0,12.0,5.0,0.0,0.0,0.0,0.0,7.0,11.0,11.0,15.0,0.0,0.0,0.0,0.0,0.0,0.0,4.0,16.0,2.0,0.0,0.0,0.0,0.0,2.0,13.0,10.0,0.0,0.0,0.0,0.0,2.0,16.0,11.0,0.0,0.0,0.0,0.0,5
907,0.0,1.0,15.0,16.0,10.0,0.0,0.0,0.0,0.0,4.0,16.0,9.0,16.0,4.0,0.0,0.0,0.0,2.0,12.0,5.0,16.0,3.0,0.0,0.0,0.0,0.0,0.0,6.0,16.0,3.0,0.0,0.0,0.0,0.0,1.0,15.0,13.0,0.0,0.0,0.0,0.0,0.0,8.0,16.0,4.0,0.0,0.0,0.0,0.0,2.0,16.0,13.0,4.0,4.0,3.0,0.0,0.0,2.0,13.0,16.0,16.0,16.0,16.0,2.0,2
708,0.0,0.0,4.0,13.0,16.0,11.0,0.0,0.0,0.0,9.0,16.0,9.0,10.0,15.0,0.0,0.0,0.0,5.0,4.0,0.0,12.0,11.0,0.0,0.0,0.0,0.0,0.0,5.0,16.0,12.0,1.0,0.0,0.0,0.0,0.0,1.0,9.0,15.0,8.0,0.0,0.0,0.0,0.0,0.0,0.0,8.0,12.0,0.0,0.0,0.0,1.0,6.0,8.0,16.0,8.0,0.0,0.0,0.0,5.0,16.0,15.0,9.0,1.0,0.0,3
1487,0.0,0.0,7.0,16.0,15.0,1.0,0.0,0.0,0.0,5.0,16.0,13.0,16.0,8.0,0.0,0.0,0.0,9.0,11.0,0.0,4.0,16.0,4.0,0.0,0.0,12.0,8.0,0.0,0.0,11.0,11.0,0.0,0.0,11.0,8.0,0.0,0.0,8.0,12.0,0.0,0.0,8.0,13.0,0.0,0.0,12.0,10.0,0.0,0.0,2.0,16.0,9.0,12.0,15.0,3.0,0.0,0.0,0.0,8.0,16.0,13.0,5.0,0.0,0.0,0
138,0.0,0.0,5.0,12.0,13.0,2.0,0.0,0.0,0.0,3.0,16.0,14.0,16.0,13.0,1.0,0.0,0.0,4.0,16.0,9.0,16.0,12.0,1.0,0.0,0.0,1.0,9.0,16.0,15.0,1.0,0.0,0.0,0.0,1.0,13.0,16.0,16.0,5.0,0.0,0.0,0.0,3.0,16.0,5.0,12.0,16.0,0.0,0.0,0.0,3.0,15.0,7.0,14.0,12.0,0.0,0.0,0.0,0.0,6.0,16.0,13.0,3.0,0.0,0.0,8
686,0.0,0.0,4.0,12.0,16.0,6.0,0.0,0.0,0.0,4.0,16.0,10.0,5.0,16.0,4.0,0.0,0.0,8.0,13.0,0.0,5.0,15.0,5.0,0.0,0.0,6.0,12.0,7.0,15.0,3.0,0.0,0.0,0.0,0.0,12.0,16.0,12.0,1.0,0.0,0.0,0.0,0.0,11.0,10.0,9.0,11.0,0.0,0.0,0.0,0.0,12.0,6.0,0.0,13.0,3.0,0.0,0.0,0.0,6.0,13.0,13.0,8.0,0.0,0.0,8
751,0.0,0.0,0.0,0.0,5.0,11.0,14.0,1.0,0.0,0.0,0.0,10.0,13.0,8.0,15.0,2.0,0.0,0.0,11.0,9.0,4.0,9.0,12.0,0.0,0.0,5.0,16.0,16.0,16.0,16.0,6.0,0.0,0.0,0.0,15.0,16.0,13.0,16.0,3.0,0.0,0.0,0.0,2.0,3.0,1.0,15.0,0.0,0.0,0.0,0.0,0.0,0.0,5.0,5.0,0.0,0.0,0.0,0.0,0.0,0.0,6.0,0.0,0.0,0.0,9
1366,0.0,0.0,4.0,15.0,13.0,2.0,0.0,0.0,0.0,4.0,16.0,15.0,7.0,11.0,0.0,0.0,0.0,8.0,14.0,14.0,0.0,14.0,2.0,0.0,0.0,7.0,9.0,12.0,4.0,8.0,7.0,0.0,0.0,6.0,11.0,0.0,0.0,7.0,9.0,0.0,0.0,2.0,15.0,1.0,0.0,10.0,8.0,0.0,0.0,0.0,11.0,8.0,4.0,15.0,4.0,0.0,0.0,0.0,2.0,14.0,16.0,10.0,0.0,0.0,0
1476,0.0,0.0,3.0,13.0,16.0,16.0,13.0,0.0,0.0,0.0,11.0,14.0,8.0,15.0,9.0,0.0,0.0,0.0,3.0,5.0,2.0,14.0,2.0,0.0,0.0,0.0,0.0,0.0,9.0,11.0,1.0,0.0,0.0,0.0,2.0,15.0,15.0,16.0,9.0,0.0,0.0,0.0,2.0,15.0,14.0,8.0,2.0,0.0,0.0,0.0,0.0,11.0,10.0,0.0,0.0,0.0,0.0,0.0,2.0,15.0,4.0,0.0,0.0,0.0,7
1792,0.0,0.0,4.0,10.0,13.0,6.0,0.0,0.0,0.0,1.0,16.0,14.0,12.0,16.0,3.0,0.0,0.0,4.0,16.0,6.0,3.0,16.0,4.0,0.0,0.0,0.0,12.0,16.0,16.0,16.0,5.0,0.0,0.0,0.0,0.0,4.0,4.0,16.0,8.0,0.0,0.0,0.0,0.0,0.0,0.0,15.0,5.0,0.0,0.0,0.0,5.0,7.0,7.0,16.0,4.0,0.0,0.0,0.0,2.0,14.0,15.0,9.0,0.0,0.0,9
1003,0.0,3.0,10.0,11.0,12.0,12.0,6.0,0.0,0.0,8.0,14.0,11.0,8.0,8.0,4.0,0.0,0.0,8.0,10.0,7.0,3.0,0.0,0.0,0.0,0.0,8.0,16.0,14.0,15.0,4.0,0.0,0.0,0.0,2.0,2.0,0.0,6.0,9.0,0.0,0.0,0.0,0.0,0.0,0.0,4.0,12.0,0.0,0.0,0.0,1.0,8.0,4.0,10.0,10.0,0.0,0.0,0.0,2.0,15.0,16.0,13.0,2.0,0.0,0.0,5
524,0.0,0.0,0.0,5.0,15.0,13.0,2.0,0.0,0.0,0.0,0.0,12.0,7.0,11.0,6.0,0.0,0.0,0.0,0.0,9.0,12.0,15.0,1.0,0.0,0.0,0.0,1.0,8.0,16.0,4.0,0.0,0.0,0.0,3.0,15.0,8.0,13.0,0.0,0.0,0.0,0.0,7.0,12.0,0.0,10.0,7.0,0.0,0.0,0.0,0.0,12.0,11.0,10.0,8.0,0.0,0.0,0.0,0.0,0.0,6.0,13.0,10.0,0.0,0.0,8
369,0.0,0.0,7.0,12.0,12.0,2.0,0.0,0.0,0.0,5.0,15.0,6.0,10.0,9.0,0.0,0.0,0.0,11.0,4.0,0.0,11.0,6.0,0.0,0.0,0.0,3.0,0.0,2.0,15.0,2.0,0.0,0.0,0.0,0.0,1.0,13.0,6.0,0.0,0.0,0.0,0.0,0.0,11.0,11.0,1.0,0.0,0.0,0.0,0.0,1.0,16.0,7.0,4.0,4.0,2.0,0.0,0.0,0.0,11.0,12.0,13.0,14.0,11.0,0.0,2
228,0.0,0.0,0.0,2.0,15.0,8.0,0.0,0.0,0.0,0.0,0.0,11.0,16.0,4.0,0.0,0.0,0.0,0.0,9.0,16.0,16.0,0.0,0.0,0.0,0.0,3.0,15.0,16.0,16.0,0.0,0.0,0.0,0.0,12.0,16.0,16.0,16.0,14.0,6.0,0.0,0.0,6.0,12.0,14.0,16.0,12.0,5.0,0.0,0.0,0.0,0.0,8.0,13.0,0.0,0.0,0.0,0.0,0.0,0.0,2.0,14.0,1.0,0.0,0.0,4
32,0.0,2.0,13.0,16.0,16.0,16.0,11.0,0.0,0.0,5.0,16.0,10.0,5.0,4.0,1.0,0.0,0.0,6.0,16.0,7.0,3.0,0.0,0.0,0.0,0.0,9.0,16.0,16.0,16.0,6.0,0.0,0.0,0.0,3.0,8.0,4.0,11.0,15.0,0.0,0.0,0.0,0.0,0.0,1.0,12.0,15.0,0.0,0.0,0.0,0.0,4.0,13.0,16.0,6.0,0.0,0.0,0.0,2.0,16.0,15.0,8.0,0.0,0.0,0.0,5
1255,0.0,0.0,5.0,12.0,16.0,10.0,0.0,0.0,0.0,8.0,15.0,5.0,12.0,13.0,0.0,0.0,0.0,0.0,0.0,3.0,16.0,4.0,0.0,0.0,0.0,0.0,0.0,5.0,16.0,3.0,0.0,0.0,0.0,0.0,0.0,2.0,15.0,8.0,0.0,0.0,0.0,0.0,0.0,0.0,2.0,14.0,7.0,0.0,0.0,0.0,0.0,0.0,0.0,13.0,11.0,0.0,0.0,0.0,5.0,16.0,16.0,11.0,3.0,0.0,3
1423,0.0,0.0,4.0,12.0,13.0,5.0,0.0,0.0,0.0,3.0,15.0,8.0,10.0,15.0,2.0,0.0,0.0,3.0,14.0,2.0,2.0,15.0,3.0,0.0,0.0,0.0,10.0,16.0,16.0,7.0,0.0,0.0,0.0,0.0,0.0,7.0,13.0,15.0,3.0,0.0,0.0,0.0,2.0,11.0,1.0,12.0,5.0,0.0,0.0,0.0,7.0,9.0,1.0,14.0,2.0,0.0,0.0,0.0,4.0,16.0,16.0,7.0,0.0,0.0,8
1330,0.0,0.0,3.0,11.0,16.0,15.0,2.0,0.0,0.0,4.0,16.0,10.0,4.0,16.0,4.0,0.0,0.0,7.0,6.0,0.0,5.0,16.0,1.0,0.0,0.0,0.0,0.0,0.0,10.0,12.0,0.0,0.0,0.0,0.0,0.0,9.0,16.0,16.0,10.0,0.0,0.0,0.0,0.0,6.0,15.0,6.0,1.0,0.0,0.0,0.0,0.0,13.0,9.0,0.0,0.0,0.0,0.0,0.0,1.0,15.0,2.0,0.0,0.0,0.0,7
586,0.0,0.0,3.0,15.0,5.0,0.0,0.0,0.0,0.0,0.0,5.0,16.0,10.0,0.0,0.0,0.0,0.0,0.0,6.0,16.0,7.0,0.0,0.0,0.0,0.0,2.0,12.0,16.0,9.0,0.0,0.0,0.0,0.0,8.0,16.0,15.0,14.0,0.0,0.0,0.0,0.0,0.0,6.0,3.0,16.0,6.0,0.0,0.0,0.0,0.0,6.0,8.0,12.0,15.0,12.0,10.0,0.0,0.0,2.0,13.0,16.0,16.0,15.0,11.0,1
570,0.0,0.0,7.0,13.0,14.0,1.0,0.0,0.0,0.0,7.0,15.0,9.0,13.0,7.0,0.0,0.0,0.0,5.0,15.0,3.0,8.0,8.0,0.0,0.0,0.0,0.0,1.0,0.0,12.0,5.0,0.0,0.0,0.0,0.0,0.0,1.0,14.0,0.0,0.0,0.0,0.0,0.0,0.0,10.0,6.0,0.0,0.0,0.0,0.0,0.0,2.0,15.0,5.0,4.0,4.0,0.0,0.0,0.0,6.0,16.0,16.0,13.0,16.0,6.0,2
1774,0.0,0.0,6.0,12.0,12.0,6.0,0.0,0.0,0.0,0.0,11.0,16.0,16.0,13.0,0.0,0.0,0.0,0.0,12.0,16.0,16.0,8.0,0.0,0.0,0.0,0.0,8.0,16.0,16.0,12.0,0.0,0.0,0.0,2.0,13.0,16.0,16.0,12.0,0.0,0.0,0.0,1.0,16.0,16.0,16.0,10.0,0.0,0.0,0.0,0.0,16.0,16.0,16.0,8.0,0.0,0.0,0.0,0.0,2.0,11.0,10.0,4.0,0.0,0.0,1
1114,0.0,0.0,0.0,9.0,12.0,0.0,0.0,0.0,0.0,0.0,4.0,16.0,5.0,0.0,1.0,0.0,0.0,2.0,14.0,9.0,0.0,5.0,15.0,1.0,0.0,8.0,16.0,9.0,12.0,16.0,9.0,0.0,0.0,5.0,16.0,13.0,13.0,13.0,0.0,0.0,0.0,0.0,0.0,1.0,15.0,7.0,0.0,0.0,0.0,0.0,0.0,4.0,16.0,1.0,0.0,0.0,0.0,0.0,0.0,12.0,12.0,0.0,0.0,0.0,4
109,0.0,0.0,15.0,16.0,16.0,12.0,2.0,0.0,0.0,2.0,16.0,15.0,12.0,12.0,3.0,0.0,0.0,4.0,16.0,8.0,0.0,0.0,0.0,0.0,0.0,8.0,16.0,12.0,4.0,0.0,0.0,0.0,0.0,0.0,12.0,16.0,16.0,0.0,0.0,0.0,0.0,0.0,0.0,3.0,16.0,8.0,0.0,0.0,0.0,2.0,6.0,9.0,16.0,8.0,0.0,0.0,0.0,1.0,15.0,16.0,15.0,3.0,0.0,0.0,5
323,0.0,0.0,1.0,13.0,4.0,0.0,0.0,0.0,0.0,0.0,5.0,15.0,2.0,0.0,0.0,0.0,0.0,0.0,12.0,7.0,0.0,0.0,0.0,0.0,0.0,0.0,14.0,6.0,0.0,0.0,0.0,0.0,0.0,0.0,16.0,12.0,15.0,15.0,7.0,0.0,0.0,0.0,14.0,14.0,6.0,4.0,14.0,1.0,0.0,0.0,9.0,14.0,3.0,4.0,14.0,2.0,0.0,0.0,1.0,7.0,14.0,16.0,11.0,0.0,6
1485,0.0,0.0,0.0,1.0,9.0,16.0,7.0,0.0,0.0,0.0,4.0,13.0,16.0,16.0,2.0,0.0,0.0,8.0,16.0,15.0,13.0,16.0,3.0,0.0,0.0,3.0,7.0,0.0,8.0,16.0,2.0,0.0,0.0,0.0,0.0,0.0,8.0,16.0,5.0,0.0,0.0,0.0,0.0,0.0,8.0,16.0,4.0,0.0,0.0,0.0,0.0,0.0,8.0,16.0,8.0,0.0,0.0,0.0,0.0,0.0,12.0,16.0,7.0,0.0,1
1730,0.0,1.0,9.0,16.0,16.0,12.0,1.0,0.0,0.0,0.0,7.0,8.0,10.0,16.0,9.0,0.0,0.0,0.0,0.0,0.0,9.0,16.0,4.0,0.0,0.0,0.0,5.0,13.0,13.0,3.0,0.0,0.0,0.0,0.0,13.0,16.0,8.0,0.0,0.0,0.0,0.0,0.0,0.0,11.0,16.0,8.0,0.0,0.0,0.0,0.0,3.0,5.0,14.0,15.0,0.0,0.0,0.0,0.0,10.0,16.0,11.0,4.0,0.0,0.0,3
857,0.0,0.0,2.0,15.0,15.0,4.0,0.0,0.0,0.0,0.0,11.0,10.0,14.0,9.0,0.0,0.0,0.0,0.0,1.0,0.0,11.0,9.0,0.0,0.0,0.0,0.0,0.0,3.0,15.0,4.0,0.0,0.0,0.0,0.0,1.0,16.0,16.0,14.0,6.0,0.0,0.0,0.0,0.0,8.0,13.0,6.0,1.0,0.0,0.0,0.0,0.0,9.0,7.0,0.0,0.0,0.0,0.0,0.0,1.0,15.0,2.0,0.0,0.0,0.0,7
807,0.0,0.0,2.0,10.0,10.0,11.0,0.0,0.0,0.0,0.0,10.0,9.0,9.0,16.0,0.0,0.0,0.0,0.0,14.0,0.0,6.0,15.0,0.0,0.0,0.0,0.0,11.0,14.0,9.0,16.0,1.0,0.0,0.0,0.0,0.0,0.0,0.0,13.0,3.0,0.0,0.0,0.0,0.0,0.0,0.0,12.0,3.0,0.0,0.0,10.0,9.0,5.0,0.0,15.0,1.0,0.0,0.0,0.0,2.0,14.0,16.0,13.0,0.0,0.0,9
111,0.0,0.0,1.0,10.0,9.0,0.0,0.0,0.0,0.0,0.0,9.0,15.0,4.0,0.0,0.0,0.0,0.0,1.0,16.0,5.0,0.0,0.0,0.0,0.0,0.0,4.0,16.0,1.0,4.0,14.0,4.0,0.0,0.0,4.0,16.0,12.0,14.0,16.0,5.0,0.0,0.0,0.0,1.0,7.0,16.0,9.0,0.0,0.0,0.0,0.0,0.0,2.0,16.0,4.0,0.0,0.0,0.0,0.0,0.0,10.0,13.0,0.0,0.0,0.0,4
1702,0.0,0.0,7.0,11.0,13.0,8.0,1.0,0.0,0.0,1.0,15.0,9.0,8.0,6.0,0.0,0.0,0.0,10.0,16.0,0.0,0.0,0.0,0.0,0.0,0.0,8.0,16.0,16.0,16.0,9.0,0.0,0.0,0.0,0.0,6.0,5.0,10.0,13.0,0.0,0.0,0.0,0.0,0.0,1.0,14.0,16.0,0.0,0.0,0.0,0.0,6.0,14.0,14.0,4.0,0.0,0.0,0.0,1.0,10.0,14.0,2.0,0.0,0.0,0.0,5
600,0.0,0.0,10.0,15.0,2.0,0.0,0.0,0.0,0.0,7.0,16.0,16.0,6.0,0.0,0.0,0.0,0.0,12.0,13.0,12.0,9.0,0.0,0.0,0.0,0.0,8.0,9.0,13.0,7.0,0.0,0.0,0.0,0.0,0.0,0.0,16.0,5.0,0.0,0.0,0.0,0.0,0.0,6.0,15.0,1.0,0.0,0.0,0.0,0.0,0.0,16.0,14.0,4.0,5.0,8.0,3.0,0.0,0.0,8.0,16.0,16.0,16.0,16.0,9.0,2
975,0.0,0.0,8.0,16.0,11.0,1.0,0.0,0.0,0.0,0.0,14.0,2.0,5.0,9.0,0.0,0.0,0.0,0.0,14.0,1.0,5.0,12.0,0.0,0.0,0.0,0.0,6.0,16.0,16.0,14.0,1.0,0.0,0.0,0.0,0.0,3.0,7.0,10.0,7.0,0.0,0.0,0.0,0.0,0.0,0.0,4.0,12.0,0.0,0.0,0.0,6.0,1.0,0.0,2.0,14.0,0.0,0.0,0.0,9.0,16.0,16.0,16.0,12.0,0.0,9
540,0.0,0.0,0.0,11.0,8.0,0.0,0.0,0.0,0.0,0.0,2.0,16.0,5.0,0.0,0.0,0.0,0.0,0.0,12.0,10.0,4.0,10.0,0.0,0.0,0.0,6.0,15.0,2.0,15.0,8.0,0.0,0.0,0.0,10.0,12.0,4.0,16.0,7.0,6.0,0.0,0.0,10.0,16.0,15.0,16.0,14.0,6.0,0.0,0.0,3.0,8.0,16.0,9.0,0.0,0.0,0.0,0.0,0.0,0.0,14.0,11.0,0.0,0.0,0.0,4
71,0.0,1.0,13.0,15.0,12.0,12.0,5.0,0.0,0.0,4.0,16.0,8.0,8.0,6.0,0.0,0.0,0.0,7.0,13.0,0.0,0.0,0.0,0.0,0.0,0.0,8.0,15.0,13.0,15.0,7.0,0.0,0.0,0.0,1.0,6.0,5.0,8.0,12.0,0.0,0.0,0.0,0.0,0.0,0.0,12.0,11.0,0.0,0.0,0.0,0.0,2.0,13.0,14.0,1.0,0.0,0.0,0.0,3.0,14.0,10.0,1.0,0.0,0.0,0.0,5
567,0.0,0.0,2.0,14.0,8.0,0.0,0.0,0.0,0.0,3.0,14.0,10.0,16.0,1.0,0.0,0.0,0.0,11.0,8.0,2.0,15.0,0.0,0.0,0.0,0.0,9.0,8.0,1.0,13.0,0.0,0.0,0.0,0.0,1.0,3.0,6.0,10.0,0.0,0.0,0.0,0.0,0.0,0.0,9.0,7.0,0.0,0.0,0.0,0.0,0.0,0.0,14.0,9.0,4.0,7.0,3.0,0.0,0.0,1.0,14.0,16.0,16.0,13.0,8.0,2
579,0.0,0.0,0.0,7.0,13.0,10.0,0.0,0.0,0.0,0.0,10.0,13.0,5.0,13.0,0.0,0.0,0.0,7.0,12.0,0.0,8.0,8.0,0.0,0.0,0.0,6.0,6.0,3.0,15.0,1.0,0.0,0.0,0.0,0.0,0.0,2.0,13.0,9.0,0.0,0.0,0.0,0.0,0.0,0.0,0.0,11.0,7.0,0.0,0.0,0.0,5.0,9.0,1.0,2.0,12.0,0.0,0.0,0.0,0.0,9.0,15.0,16.0,9.0,0.0,3
714,0.0,0.0,0.0,1.0,11.0,7.0,0.0,0.0,0.0,0.0,0.0,11.0,16.0,5.0,0.0,0.0,0.0,0.0,9.0,15.0,15.0,7.0,0.0,0.0,0.0,5.0,16.0,3.0,16.0,4.0,0.0,0.0,0.0,10.0,13.0,9.0,16.0,14.0,8.0,0.0,0.0,3.0,15.0,16.0,16.0,13.0,6.0,0.0,0.0,0.0,0.0,0.0,16.0,3.0,0.0,0.0,0.0,0.0,0.0,0.0,14.0,2.0,0.0,0.0,4
167,0.0,0.0,2.0,13.0,8.0,6.0,0.0,0.0,0.0,0.0,7.0,14.0,14.0,16.0,0.0,0.0,0.0,0.0,7.0,9.0,3.0,16.0,4.0,0.0,0.0,0.0,5.0,14.0,15.0,16.0,4.0,0.0,0.0,0.0,0.0,3.0,2.0,13.0,5.0,0.0,0.0,0.0,3.0,0.0,0.0,12.0,6.0,0.0,0.0,1.0,12.0,6.0,0.0,11.0,7.0,0.0,0.0,0.0,3.0,12.0,16.0,16.0,1.0,0.0,9
1391,0.0,0.0,0.0,15.0,2.0,0.0,0.0,0.0,0.0,0.0,0.0,16.0,4.0,0.0,0.0,0.0,0.0,0.0,6.0,9.0,0.0,0.0,0.0,0.0,0.0,0.0,12.0,16.0,16.0,9.0,1.0,0.0,0.0,0.0,14.0,11.0,0.0,8.0,9.0,0.0,0.0,0.0,11.0,14.0,3.0,2.0,14.0,0.0,0.0,0.0,8.0,11.0,4.0,14.0,7.0,0.0,0.0,0.0,1.0,12.0,14.0,6.0,0.0,0.0,6
654,0.0,0.0,4.0,11.0,15.0,2.0,0.0,0.0,0.0,2.0,16.0,9.0,8.0,9.0,0.0,0.0,0.0,4.0,15.0,0.0,5.0,16.0,3.0,0.0,0.0,0.0,11.0,11.0,16.0,9.0,0.0,0.0,0.0,0.0,4.0,16.0,15.0,1.0,0.0,0.0,0.0,0.0,13.0,9.0,6.0,12.0,1.0,0.0,0.0,0.0,15.0,3.0,0.0,9.0,5.0,0.0,0.0,0.0,5.0,13.0,13.0,12.0,5.0,0.0,8
399,0.0,0.0,10.0,16.0,10.0,0.0,0.0,0.0,0.0,8.0,16.0,14.0,16.0,2.0,0.0,0.0,0.0,3.0,15.0,8.0,16.0,3.0,0.0,0.0,0.0,0.0,0.0,11.0,16.0,7.0,0.0,0.0,0.0,0.0,0.0,3.0,10.0,15.0,2.0,0.0,0.0,0.0,10.0,0.0,0.0,14.0,8.0,0.0,0.0,1.0,16.0,6.0,8.0,13.0,8.0,0.0,0.0,1.0,15.0,16.0,13.0,10.0,1.0,0.0,3
1032,0.0,0.0,6.0,12.0,13.0,9.0,0.0,0.0,0.0,7.0,14.0,6.0,7.0,16.0,3.0,0.0,0.0,4.0,6.0,5.0,14.0,6.0,0.0,0.0,0.0,0.0,0.0,12.0,14.0,4.0,0.0,0.0,0.0,0.0,0.0,0.0,3.0,14.0,2.0,0.0,0.0,0.0,0.0,0.0,0.0,9.0,7.0,0.0,0.0,0.0,3.0,1.0,0.0,9.0,8.0,0.0,0.0,0.0,5.0,14.0,12.0,13.0,2.0,0.0,3
108,0.0,0.0,2.0,11.0,16.0,4.0,0.0,0.0,0.0,0.0,12.0,9.0,11.0,15.0,1.0,0.0,0.0,0.0,2.0,0.0,4.0,16.0,0.0,0.0,0.0,0.0,0.0,2.0,8.0,15.0,1.0,0.0,0.0,4.0,16.0,16.0,16.0,15.0,7.0,0.0,0.0,3.0,6.0,4.0,16.0,3.0,0.0,0.0,0.0,0.0,0.0,6.0,11.0,0.0,0.0,0.0,0.0,0.0,0.0,12.0,7.0,0.0,0.0,0.0,7
229,0.0,0.0,4.0,12.0,10.0,1.0,0.0,0.0,0.0,3.0,16.0,13.0,15.0,10.0,0.0,0.0,0.0,5.0,16.0,2.0,1.0,14.0,3.0,0.0,0.0,8.0,13.0,0.0,0.0,10.0,8.0,0.0,0.0,8.0,12.0,0.0,0.0,8.0,8.0,0.0,0.0,8.0,14.0,0.0,0.0,11.0,8.0,0.0,0.0,3.0,16.0,14.0,13.0,16.0,2.0,0.0,0.0,0.0,8.0,16.0,13.0,5.0,0.0,0.0,0
134,0.0,0.0,0.0,3.0,16.0,3.0,0.0,0.0,0.0,0.0,0.0,12.0,16.0,2.0,0.0,0.0,0.0,0.0,8.0,16.0,16.0,4.0,0.0,0.0,0.0,7.0,16.0,15.0,16.0,12.0,11.0,0.0,0.0,8.0,16.0,16.0,16.0,13.0,3.0,0.0,0.0,0.0,0.0,7.0,14.0,1.0,0.0,0.0,0.0,0.0,0.0,6.0,16.0,0.0,0.0,0.0,0.0,0.0,0.0,4.0,14.0,0.0,0.0,0.0,4
1136,0.0,0.0,2.0,10.0,16.0,12.0,0.0,0.0,0.0,2.0,15.0,14.0,8.0,1.0,0.0,0.0,0.0,2.0,16.0,4.0,0.0,0.0,0.0,0.0,0.0,6.0,16.0,14.0,13.0,3.0,0.0,0.0,0.0,10.0,16.0,7.0,11.0,12.0,0.0,0.0,0.0,0.0,1.0,0.0,4.0,16.0,0.0,0.0,0.0,0.0,0.0,0.0,7.0,16.0,2.0,0.0,0.0,0.0,2.0,14.0,16.0,8.0,0.0,0.0,5
49,0.0,0.0,1.0,15.0,13.0,1.0,0.0,0.0,0.0,0.0,7.0,16.0,14.0,8.0,0.0,0.0,0.0,8.0,12.0,9.0,2.0,13.0,2.0,0.0,0.0,7.0,9.0,1.0,0.0,6.0,6.0,0.0,0.0,5.0,9.0,0.0,0.0,3.0,9.0,0.0,0.0,0.0,15.0,2.0,0.0,8.0,12.0,0.0,0.0,0.0,9.0,15.0,13.0,16.0,6.0,0.0,0.0,0.0,0.0,13.0,14.0,8.0,0.0,0.0,0
733,0.0,0.0,0.0,2.0,14.0,2.0,0.0,0.0,0.0,0.0,1.0,13.0,15.0,6.0,0.0,0.0,0.0,0.0,12.0,15.0,12.0,11.0,0.0,0.0,0.0,5.0,16.0,4.0,15.0,6.0,0.0,0.0,0.0,12.0,15.0,8.0,16.0,16.0,11.0,0.0,0.0,6.0,16.0,16.0,16.0,8.0,2.0,0.0,0.0,0.0,2.0,6.0,16.0,0.0,0.0,0.0,0.0,0.0,0.0,2.0,14.0,0.0,0.0,0.0,4
15,0.0,5.0,12.0,13.0,16.0,16.0,2.0,0.0,0.0,11.0,16.0,15.0,8.0,4.0,0.0,0.0,0.0,8.0,14.0,11.0,1.0,0.0,0.0,0.0,0.0,8.0,16.0,16.0,14.0,0.0,0.0,0.0,0.0,1.0,6.0,6.0,16.0,0.0,0.0,0.0,0.0,0.0,0.0,5.0,16.0,3.0,0.0,0.0,0.0,1.0,5.0,15.0,13.0,0.0,0.0,0.0,0.0,4.0,15.0,16.0,2.0,0.0,0.0,0.0,5
1185,0.0,1.0,12.0,15.0,16.0,13.0,1.0,0.0,0.0,4.0,16.0,15.0,7.0,15.0,4.0,0.0,0.0,0.0,16.0,6.0,11.0,15.0,2.0,0.0,0.0,0.0,9.0,16.0,15.0,4.0,0.0,0.0,0.0,0.0,8.0,16.0,8.0,0.0,0.0,0.0,0.0,0.0,15.0,15.0,11.0,0.0,0.0,0.0,0.0,2.0,16.0,10.0,12.0,0.0,0.0,0.0,0.0,2.0,13.0,16.0,10.0,0.0,0.0,0.0,8
1720,0.0,0.0,6.0,14.0,9.0,5.0,2.0,0.0,0.0,7.0,15.0,6.0,2.0,12.0,8.0,0.0,0.0,5.0,15.0,2.0,8.0,15.0,1.0,0.0,0.0,1.0,12.0,14.0,16.0,4.0,0.0,0.0,0.0,0.0,1.0,16.0,11.0,0.0,0.0,0.0,0.0,0.0,4.0,10.0,16.0,3.0,0.0,0.0,0.0,0.0,9.0,2.0,13.0,8.0,0.0,0.0,0.0,0.0,5.0,14.0,11.0,3.0,0.0,0.0,8
873,0.0,0.0,0.0,6.0,14.0,0.0,0.0,0.0,0.0,0.0,4.0,16.0,6.0,0.0,0.0,0.0,0.0,0.0,14.0,10.0,1.0,2.0,0.0,0.0,0.0,6.0,16.0,4.0,12.0,10.0,0.0,0.0,0.0,14.0,11.0,0.0,16.0,8.0,0.0,0.0,4.0,16.0,16.0,16.0,16.0,10.0,0.0,0.0,1.0,11.0,12.0,12.0,16.0,5.0,0.0,0.0,0.0,0.0,0.0,8.0,16.0,4.0,0.0,0.0,4
1358,0.0,0.0,7.0,16.0,16.0,10.0,0.0,0.0,0.0,0.0,14.0,13.0,7.0,4.0,0.0,0.0,0.0,5.0,16.0,6.0,0.0,0.0,0.0,0.0,0.0,14.0,15.0,8.0,6.0,1.0,0.0,0.0,0.0,4.0,12.0,12.0,16.0,13.0,2.0,0.0,0.0,0.0,0.0,0.0,1.0,15.0,6.0,0.0,0.0,0.0,5.0,6.0,6.0,16.0,4.0,0.0,0.0,0.0,7.0,16.0,16.0,11.0,1.0,0.0,5
1024,0.0,0.0,11.0,14.0,5.0,0.0,0.0,0.0,0.0,6.0,12.0,4.0,13.0,4.0,0.0,0.0,0.0,10.0,10.0,0.0,4.0,14.0,0.0,0.0,0.0,7.0,13.0,5.0,13.0,16.0,2.0,0.0,0.0,1.0,10.0,12.0,12.0,14.0,8.0,0.0,0.0,0.0,0.0,0.0,0.0,7.0,12.0,0.0,0.0,0.0,1.0,0.0,0.0,1.0,15.0,0.0,0.0,0.0,11.0,8.0,4.0,5.0,16.0,1.0,9
1593,0.0,0.0,5.0,16.0,15.0,5.0,0.0,0.0,0.0,0.0,8.0,13.0,9.0,15.0,0.0,0.0,0.0,0.0,0.0,4.0,0.0,15.0,5.0,0.0,0.0,0.0,0.0,0.0,0.0,12.0,6.0,0.0,0.0,0.0,0.0,0.0,0.0,15.0,4.0,0.0,0.0,0.0,11.0,10.0,10.0,15.0,0.0,0.0,0.0,0.0,16.0,16.0,16.0,15.0,13.0,4.0,0.0,0.0,7.0,16.0,13.0,10.0,8.0,3.0,2
1133,0.0,0.0,1.0,10.0,7.0,0.0,0.0,0.0,0.0,0.0,6.0,13.0,0.0,0.0,0.0,0.0,0.0,0.0,13.0,5.0,0.0,0.0,0.0,0.0,0.0,2.0,16.0,1.0,5.0,2.0,0.0,0.0,0.0,3.0,16.0,15.0,11.0,9.0,5.0,0.0,0.0,2.0,16.0,6.0,0.0,2.0,14.0,0.0,0.0,0.0,10.0,10.0,1.0,5.0,15.0,0.0,0.0,0.0,1.0,12.0,15.0,14.0,6.0,0.0,6
87,0.0,0.0,0.0,9.0,16.0,4.0,0.0,0.0,0.0,1.0,9.0,16.0,13.0,2.0,0.0,0.0,0.0,14.0,16.0,14.0,8.0,0.0,0.0,0.0,1.0,15.0,15.0,5.0,16.0,9.0,0.0,0.0,0.0,5.0,16.0,16.0,16.0,8.0,0.0,0.0,0.0,0.0,2.0,13.0,16.0,1.0,0.0,0.0,0.0,0.0,0.0,11.0,13.0,0.0,0.0,0.0,0.0,0.0,0.0,11.0,13.0,0.0,0.0,0.0,4
306,0.0,2.0,15.0,16.0,7.0,0.0,0.0,0.0,0.0,10.0,15.0,10.0,16.0,2.0,0.0,0.0,0.0,9.0,11.0,5.0,16.0,0.0,0.0,0.0,0.0,0.0,0.0,12.0,11.0,0.0,0.0,0.0,0.0,0.0,5.0,16.0,2.0,0.0,0.0,0.0,0.0,3.0,15.0,8.0,0.0,0.0,0.0,0.0,0.0,8.0,15.0,5.0,5.0,8.0,3.0,0.0,0.0,3.0,15.0,16.0,16.0,16.0,10.0,0.0,2
1477,0.0,1.0,11.0,16.0,16.0,4.0,0.0,0.0,0.0,7.0,16.0,8.0,14.0,11.0,0.0,0.0,0.0,0.0,0.0,10.0,16.0,6.0,0.0,0.0,0.0,0.0,0.0,15.0,16.0,6.0,0.0,0.0,0.0,0.0,0.0,0.0,8.0,16.0,2.0,0.0,0.0,1.0,5.0,0.0,0.0,14.0,9.0,0.0,0.0,4.0,16.0,10.0,11.0,16.0,6.0,0.0,0.0,1.0,13.0,16.0,16.0,10.0,0.0,0.0,3
1181,0.0,0.0,0.0,11.0,10.0,0.0,0.0,0.0,0.0,0.0,8.0,16.0,5.0,0.0,0.0,0.0,0.0,3.0,16.0,10.0,4.0,11.0,0.0,0.0,0.0,11.0,13.0,0.0,9.0,16.0,0.0,0.0,0.0,12.0,13.0,5.0,14.0,16.0,8.0,0.0,0.0,3.0,12.0,14.0,16.0,11.0,3.0,0.0,0.0,0.0,0.0,10.0,11.0,0.0,0.0,0.0,0.0,0.0,0.0,11.0,8.0,0.0,0.0,0.0,4
808,0.0,0.0,13.0,10.0,8.0,8.0,7.0,0.0,0.0,4.0,16.0,16.0,16.0,16.0,15.0,2.0,0.0,0.0,10.0,16.0,5.0,0.0,0.0,0.0,0.0,0.0,0.0,13.0,12.0,0.0,0.0,0.0,0.0,0.0,0.0,6.0,15.0,0.0,0.0,0.0,0.0,0.0,0.0,8.0,15.0,0.0,0.0,0.0,0.0,1.0,6.0,10.0,12.0,0.0,0.0,0.0,0.0,1.0,13.0,16.0,5.0,0.0,0.0,0.0,5
43,0.0,0.0,0.0,9.0,15.0,12.0,0.0,0.0,0.0,0.0,4.0,7.0,7.0,14.0,0.0,0.0,0.0,0.0,0.0,0.0,0.0,13.0,3.0,0.0,0.0,4.0,9.0,8.0,10.0,13.0,1.0,0.0,0.0,4.0,16.0,15.0,16.0,16.0,6.0,0.0,0.0,0.0,0.0,0.0,14.0,3.0,0.0,0.0,0.0,0.0,0.0,9.0,12.0,0.0,0.0,0.0,0.0,0.0,0.0,11.0,7.0,0.0,0.0,0.0,7
963,0.0,0.0,4.0,15.0,16.0,16.0,16.0,1.0,0.0,0.0,10.0,13.0,8.0,15.0,8.0,0.0,0.0,0.0,14.0,5.0,3.0,16.0,2.0,0.0,0.0,0.0,1.0,0.0,12.0,11.0,0.0,0.0,0.0,0.0,2.0,5.0,16.0,9.0,1.0,0.0,0.0,0.0,15.0,16.0,16.0,14.0,3.0,0.0,0.0,0.0,1.0,15.0,9.0,0.0,0.0,0.0,0.0,0.0,7.0,14.0,2.0,0.0,0.0,0.0,7
1077,0.0,0.0,0.0,10.0,11.0,1.0,0.0,0.0,0.0,0.0,1.0,15.0,8.0,8.0,0.0,0.0,0.0,5.0,4.0,10.0,0.0,12.0,0.0,0.0,0.0,7.0,8.0,10.0,0.0,7.0,5.0,0.0,0.0,6.0,10.0,0.0,0.0,2.0,9.0,0.0,0.0,1.0,13.0,0.0,0.0,2.0,11.0,0.0,0.0,0.0,6.0,11.0,4.0,10.0,11.0,0.0,0.0,0.0,0.0,9.0,15.0,14.0,5.0,0.0,0
432,0.0,0.0,3.0,8.0,9.0,11.0,14.0,1.0,0.0,0.0,9.0,16.0,16.0,16.0,13.0,0.0,0.0,0.0,16.0,5.0,8.0,0.0,0.0,0.0,0.0,4.0,16.0,16.0,16.0,6.0,0.0,0.0,0.0,2.0,9.0,2.0,9.0,10.0,0.0,0.0,0.0,0.0,0.0,0.0,8.0,8.0,0.0,0.0,0.0,0.0,8.0,12.0,13.0,5.0,0.0,0.0,0.0,0.0,5.0,13.0,10.0,1.0,0.0,0.0,5
69,0.0,0.0,6.0,12.0,13.0,6.0,0.0,0.0,0.0,6.0,16.0,9.0,12.0,16.0,2.0,0.0,0.0,7.0,16.0,9.0,15.0,13.0,0.0,0.0,0.0,0.0,11.0,15.0,16.0,4.0,0.0,0.0,0.0,0.0,0.0,12.0,10.0,0.0,0.0,0.0,0.0,0.0,3.0,16.0,4.0,0.0,0.0,0.0,0.0,0.0,1.0,16.0,2.0,0.0,0.0,0.0,0.0,0.0,6.0,11.0,0.0,0.0,0.0,0.0,9
1744,0.0,2.0,11.0,16.0,13.0,2.0,0.0,0.0,0.0,11.0,15.0,12.0,16.0,7.0,0.0,0.0,0.0,7.0,6.0,0.0,14.0,8.0,0.0,0.0,0.0,0.0,0.0,1.0,16.0,6.0,0.0,0.0,0.0,0.0,0.0,10.0,10.0,0.0,0.0,0.0,0.0,0.0,7.0,16.0,4.0,3.0,3.0,0.0,0.0,3.0,15.0,16.0,15.0,15.0,11.0,0.0,0.0,2.0,13.0,12.0,9.0,0.0,0.0,0.0,2
1067,0.0,1.0,13.0,14.0,2.0,0.0,0.0,0.0,0.0,7.0,14.0,9.0,5.0,0.0,0.0,0.0,0.0,6.0,13.0,3.0,12.0,6.0,4.0,0.0,0.0,1.0,14.0,12.0,14.0,16.0,4.0,0.0,0.0,0.0,2.0,16.0,16.0,7.0,0.0,0.0,0.0,0.0,11.0,14.0,8.0,13.0,0.0,0.0,0.0,4.0,16.0,4.0,2.0,14.0,2.0,0.0,0.0,1.0,12.0,14.0,13.0,6.0,0.0,0.0,8
308,0.0,0.0,3.0,11.0,16.0,16.0,4.0,0.0,0.0,0.0,9.0,12.0,12.0,16.0,9.0,0.0,0.0,0.0,0.0,0.0,1.0,16.0,8.0,0.0,0.0,0.0,0.0,9.0,14.0,16.0,9.0,0.0,0.0,0.0,1.0,16.0,16.0,14.0,5.0,0.0,0.0,0.0,0.0,6.0,16.0,4.0,0.0,0.0,0.0,0.0,0.0,11.0,14.0,0.0,0.0,0.0,0.0,0.0,1.0,15.0,7.0,0.0,0.0,0.0,7
1147,0.0,0.0,1.0,10.0,16.0,13.0,0.0,0.0,0.0,2.0,15.0,15.0,9.0,6.0,0.0,0.0,0.0,5.0,16.0,1.0,0.0,0.0,0.0,0.0,0.0,8.0,16.0,14.0,5.0,0.0,0.0,0.0,0.0,11.0,16.0,13.0,15.0,3.0,0.0,0.0,0.0,1.0,3.0,0.0,11.0,12.0,0.0,0.0,0.0,0.0,0.0,2.0,13.0,10.0,0.0,0.0,0.0,0.0,1.0,14.0,15.0,3.0,0.0,0.0,5
1643,0.0,0.0,7.0,12.0,15.0,6.0,0.0,0.0,0.0,14.0,16.0,15.0,6.0,0.0,0.0,0.0,0.0,16.0,16.0,13.0,0.0,0.0,0.0,0.0,0.0,10.0,16.0,14.0,8.0,0.0,0.0,0.0,0.0,0.0,2.0,8.0,13.0,0.0,0.0,0.0,0.0,0.0,0.0,10.0,15.0,0.0,0.0,0.0,0.0,0.0,4.0,13.0,15.0,0.0,0.0,0.0,0.0,0.0,7.0,16.0,7.0,0.0,0.0,0.0,5
1220,0.0,2.0,13.0,16.0,16.0,15.0,4.0,0.0,0.0,7.0,12.0,8.0,8.0,16.0,12.0,0.0,0.0,0.0,0.0,0.0,8.0,16.0,7.0,0.0,0.0,0.0,0.0,0.0,14.0,10.0,0.0,0.0,0.0,0.0,0.0,0.0,12.0,15.0,3.0,0.0,0.0,0.0,0.0,0.0,2.0,16.0,11.0,0.0,0.0,0.0,4.0,4.0,7.0,16.0,10.0,0.0,0.0,2.0,15.0,16.0,16.0,12.0,1.0,0.0,3
45,0.0,0.0,9.0,16.0,13.0,6.0,0.0,0.0,0.0,0.0,6.0,5.0,16.0,16.0,0.0,0.0,0.0,0.0,0.0,8.0,15.0,5.0,0.0,0.0,0.0,0.0,0.0,5.0,14.0,3.0,0.0,0.0,0.0,0.0,0.0,0.0,9.0,15.0,2.0,0.0,0.0,0.0,0.0,0.0,0.0,11.0,12.0,0.0,0.0,0.0,4.0,8.0,11.0,15.0,12.0,0.0,0.0,0.0,11.0,14.0,12.0,8.0,0.0,0.0,3
676,0.0,0.0,3.0,12.0,8.0,3.0,0.0,0.0,0.0,0.0,7.0,16.0,13.0,13.0,1.0,0.0,0.0,0.0,13.0,8.0,0.0,9.0,4.0,0.0,0.0,0.0,16.0,2.0,0.0,6.0,6.0,0.0,0.0,4.0,12.0,0.0,0.0,10.0,3.0,0.0,0.0,3.0,12.0,0.0,0.0,13.0,2.0,0.0,0.0,0.0,12.0,4.0,12.0,10.0,0.0,0.0,0.0,0.0,5.0,16.0,13.0,2.0,0.0,0.0,0
1084,0.0,0.0,9.0,16.0,14.0,0.0,0.0,0.0,0.0,0.0,16.0,8.0,13.0,7.0,0.0,0.0,0.0,0.0,12.0,0.0,8.0,8.0,0.0,0.0,0.0,0.0,0.0,0.0,12.0,8.0,0.0,0.0,0.0,0.0,0.0,0.0,16.0,5.0,0.0,0.0,0.0,0.0,0.0,9.0,13.0,0.0,0.0,0.0,0.0,0.0,10.0,16.0,15.0,10.0,9.0,1.0,0.0,0.0,12.0,14.0,13.0,16.0,16.0,5.0,2
47,0.0,0.0,0.0,1.0,11.0,9.0,0.0,0.0,0.0,0.0,0.0,7.0,16.0,13.0,0.0,0.0,0.0,0.0,4.0,14.0,16.0,9.0,0.0,0.0,0.0,10.0,16.0,11.0,16.0,8.0,0.0,0.0,0.0,0.0,0.0,3.0,16.0,6.0,0.0,0.0,0.0,0.0,0.0,3.0,16.0,8.0,0.0,0.0,0.0,0.0,0.0,5.0,16.0,10.0,0.0,0.0,0.0,0.0,0.0,2.0,14.0,6.0,0.0,0.0,1
1711,0.0,0.0,1.0,11.0,16.0,16.0,8.0,0.0,0.0,0.0,5.0,11.0,9.0,16.0,11.0,0.0,0.0,0.0,0.0,0.0,2.0,16.0,6.0,0.0,0.0,0.0,6.0,9.0,12.0,16.0,9.0,0.0,0.0,1.0,16.0,16.0,16.0,14.0,3.0,0.0,0.0,0.0,3.0,5.0,16.0,7.0,0.0,0.0,0.0,0.0,0.0,8.0,14.0,0.0,0.0,0.0,0.0,0.0,1.0,16.0,5.0,0.0,0.0,0.0,7
1621,0.0,0.0,0.0,12.0,9.0,0.0,0.0,0.0,0.0,0.0,2.0,16.0,16.0,0.0,0.0,0.0,0.0,0.0,3.0,16.0,16.0,1.0,0.0,0.0,0.0,0.0,4.0,16.0,13.0,0.0,0.0,0.0,0.0,0.0,3.0,16.0,11.0,0.0,0.0,0.0,0.0,0.0,5.0,16.0,10.0,0.0,0.0,0.0,0.0,0.0,2.0,16.0,10.0,0.0,0.0,0.0,0.0,0.0,0.0,11.0,13.0,0.0,0.0,0.0,1
423,0.0,0.0,9.0,16.0,11.0,1.0,0.0,0.0,0.0,5.0,16.0,10.0,16.0,9.0,0.0,0.0,0.0,6.0,14.0,1.0,9.0,15.0,0.0,0.0,0.0,1.0,15.0,6.0,11.0,16.0,2.0,0.0,0.0,0.0,7.0,16.0,15.0,16.0,7.0,0.0,0.0,0.0,0.0,3.0,1.0,11.0,9.0,0.0,0.0,3.0,14.0,9.0,9.0,14.0,12.0,0.0,0.0,0.0,12.0,16.0,16.0,13.0,3.0,0.0,9
801,0.0,2.0,12.0,13.0,16.0,16.0,4.0,0.0,0.0,11.0,16.0,13.0,7.0,4.0,1.0,0.0,0.0,13.0,14.0,0.0,0.0,0.0,0.0,0.0,0.0,1.0,15.0,12.0,0.0,0.0,0.0,0.0,0.0,0.0,6.0,16.0,3.0,0.0,0.0,0.0,0.0,0.0,0.0,13.0,7.0,0.0,0.0,0.0,0.0,3.0,5.0,16.0,7.0,0.0,0.0,0.0,0.0,3.0,13.0,15.0,0.0,0.0,0.0,0.0,5
1089,0.0,1.0,13.0,16.0,16.0,10.0,0.0,0.0,0.0,8.0,15.0,8.0,15.0,15.0,0.0,0.0,0.0,3.0,8.0,5.0,16.0,6.0,0.0,0.0,0.0,0.0,0.0,4.0,16.0,9.0,0.0,0.0,0.0,0.0,0.0,0.0,6.0,16.0,5.0,0.0,0.0,0.0,0.0,0.0,0.0,5.0,16.0,0.0,0.0,0.0,8.0,6.0,6.0,13.0,12.0,0.0,0.0,1.0,15.0,16.0,16.0,14.0,3.0,0.0,3
1083,0.0,0.0,0.0,14.0,14.0,9.0,0.0,0.0,0.0,0.0,4.0,16.0,16.0,10.0,0.0,0.0,0.0,0.0,13.0,16.0,15.0,2.0,0.0,0.0,0.0,1.0,15.0,16.0,11.0,0.0,0.0,0.0,0.0,7.0,16.0,16.0,5.0,0.0,0.0,0.0,0.0,3.0,16.0,16.0,7.0,0.0,0.0,0.0,0.0,0.0,16.0,16.0,8.0,0.0,0.0,0.0,0.0,0.0,3.0,12.0,12.0,0.0,0.0,0.0,1
809,0.0,0.0,6.0,15.0,16.0,15.0,11.0,0.0,0.0,1.0,15.0,14.0,8.0,8.0,7.0,0.0,0.0,4.0,16.0,5.0,0.0,0.0,0.0,0.0,0.0,7.0,16.0,8.0,0.0,0.0,0.0,0.0,0.0,1.0,11.0,16.0,8.0,0.0,0.0,0.0,0.0,0.0,0.0,15.0,11.0,0.0,0.0,0.0,0.0,0.0,0.0,14.0,11.0,0.0,0.0,0.0,0.0,0.0,9.0,16.0,5.0,0.0,0.0,0.0,5
1479,0.0,0.0,0.0,10.0,10.0,0.0,0.0,0.0,0.0,0.0,6.0,15.0,3.0,0.0,0.0,0.0,0.0,0.0,15.0,6.0,5.0,1.0,0.0,0.0,0.0,7.0,15.0,2.0,16.0,3.0,5.0,0.0,0.0,11.0,11.0,6.0,16.0,15.0,10.0,0.0,0.0,12.0,16.0,16.0,16.0,8.0,1.0,0.0,0.0,4.0,8.0,13.0,12.0,0.0,0.0,0.0,0.0,0.0,0.0,13.0,9.0,0.0,0.0,0.0,4
1687,0.0,0.0,7.0,12.0,1.0,0.0,0.0,0.0,0.0,0.0,15.0,16.0,15.0,4.0,0.0,0.0,0.0,2.0,16.0,9.0,10.0,11.0,0.0,0.0,0.0,6.0,12.0,0.0,0.0,12.0,3.0,0.0,0.0,8.0,12.0,0.0,0.0,6.0,8.0,0.0,0.0,6.0,13.0,0.0,0.0,9.0,8.0,0.0,0.0,1.0,16.0,13.0,15.0,16.0,3.0,0.0,0.0,0.0,6.0,15.0,9.0,3.0,0.0,0.0,0
932,0.0,0.0,3.0,14.0,13.0,12.0,14.0,0.0,0.0,0.0,11.0,14.0,12.0,15.0,9.0,0.0,0.0,0.0,16.0,5.0,3.0,16.0,2.0,0.0,0.0,1.0,9.0,1.0,10.0,12.0,0.0,0.0,0.0,0.0,0.0,7.0,16.0,14.0,6.0,0.0,0.0,0.0,4.0,16.0,16.0,11.0,1.0,0.0,0.0,0.0,0.0,15.0,5.0,0.0,0.0,0.0,0.0,0.0,6.0,13.0,0.0,0.0,0.0,0.0,7
1634,0.0,0.0,0.0,16.0,11.0,0.0,0.0,0.0,0.0,0.0,2.0,16.0,16.0,2.0,0.0,0.0,0.0,0.0,3.0,16.0,16.0,6.0,0.0,0.0,0.0,0.0,3.0,16.0,15.0,2.0,0.0,0.0,0.0,0.0,2.0,16.0,16.0,2.0,0.0,0.0,0.0,0.0,4.0,16.0,15.0,0.0,0.0,0.0,0.0,0.0,1.0,16.0,15.0,1.0,0.0,0.0,0.0,0.0,0.0,12.0,16.0,2.0,0.0,0.0,1
869,0.0,0.0,4.0,16.0,15.0,7.0,0.0,0.0,0.0,0.0,6.0,16.0,16.0,6.0,0.0,0.0,0.0,0.0,5.0,16.0,16.0,4.0,0.0,0.0,0.0,0.0,7.0,16.0,15.0,0.0,0.0,0.0,0.0,0.0,11.0,16.0,14.0,0.0,0.0,0.0,0.0,0.0,6.0,16.0,14.0,0.0,0.0,0.0,0.0,0.0,6.0,16.0,16.0,5.0,0.0,0.0,0.0,0.0,2.0,12.0,16.0,3.0,0.0,0.0,1
89,0.0,0.0,13.0,16.0,15.0,4.0,0.0,0.0,0.0,0.0,9.0,8.0,13.0,16.0,3.0,0.0,0.0,0.0,0.0,0.0,13.0,16.0,7.0,0.0,0.0,0.0,0.0,1.0,16.0,12.0,0.0,0.0,0.0,0.0,0.0,0.0,15.0,10.0,0.0,0.0,0.0,0.0,0.0,0.0,8.0,15.0,0.0,0.0,0.0,0.0,3.0,6.0,15.0,16.0,7.0,0.0,0.0,0.0,15.0,16.0,16.0,11.0,1.0,0.0,3
334,0.0,0.0,3.0,11.0,16.0,10.0,0.0,0.0,0.0,0.0,10.0,16.0,10.0,14.0,6.0,0.0,0.0,0.0,15.0,7.0,0.0,11.0,8.0,0.0,0.0,3.0,16.0,2.0,0.0,8.0,8.0,0.0,0.0,4.0,12.0,0.0,0.0,9.0,8.0,0.0,0.0,6.0,15.0,1.0,0.0,12.0,8.0,0.0,0.0,3.0,15.0,10.0,8.0,15.0,4.0,0.0,0.0,0.0,5.0,12.0,14.0,9.0,0.0,0.0,0
988,0.0,0.0,0.0,4.0,15.0,2.0,0.0,0.0,0.0,0.0,0.0,13.0,13.0,0.0,0.0,0.0,0.0,0.0,3.0,16.0,6.0,0.0,10.0,1.0,0.0,0.0,12.0,12.0,1.0,7.0,15.0,1.0,0.0,5.0,16.0,3.0,0.0,14.0,10.0,0.0,2.0,16.0,13.0,8.0,8.0,16.0,3.0,0.0,8.0,16.0,16.0,16.0,16.0,13.0,0.0,0.0,0.0,0.0,0.0,7.0,16.0,6.0,0.0,0.0,4
52,0.0,0.0,3.0,12.0,16.0,16.0,6.0,0.0,0.0,0.0,10.0,11.0,7.0,16.0,11.0,0.0,0.0,0.0,0.0,0.0,2.0,14.0,10.0,0.0,0.0,5.0,11.0,8.0,9.0,16.0,3.0,0.0,0.0,9.0,16.0,16.0,16.0,16.0,9.0,0.0,0.0,1.0,4.0,9.0,16.0,6.0,0.0,0.0,0.0,0.0,0.0,11.0,14.0,0.0,0.0,0.0,0.0,0.0,4.0,16.0,5.0,0.0,0.0,0.0,7
1427,0.0,3.0,16.0,15.0,1.0,0.0,0.0,0.0,0.0,10.0,16.0,15.0,6.0,0.0,0.0,0.0,0.0,13.0,10.0,13.0,8.0,0.0,0.0,0.0,0.0,1.0,3.0,11.0,10.0,0.0,0.0,0.0,0.0,0.0,0.0,15.0,8.0,0.0,0.0,0.0,0.0,0.0,4.0,16.0,10.0,5.0,7.0,0.0,0.0,1.0,13.0,16.0,16.0,16.0,16.0,0.0,0.0,2.0,14.0,15.0,11.0,8.0,3.0,0.0,2
908,0.0,0.0,6.0,13.0,12.0,2.0,0.0,0.0,0.0,0.0,7.0,7.0,10.0,12.0,0.0,0.0,0.0,0.0,0.0,1.0,12.0,9.0,0.0,0.0,0.0,0.0,0.0,7.0,16.0,7.0,0.0,0.0,0.0,0.0,0.0,0.0,5.0,14.0,1.0,0.0,0.0,1.0,7.0,0.0,0.0,7.0,11.0,0.0,0.0,1.0,16.0,4.0,0.0,9.0,11.0,0.0,0.0,0.0,5.0,13.0,12.0,16.0,3.0,0.0,3
888,0.0,0.0,5.0,16.0,16.0,7.0,0.0,0.0,0.0,0.0,6.0,9.0,13.0,11.0,0.0,0.0,0.0,0.0,0.0,0.0,10.0,12.0,0.0,0.0,0.0,0.0,1.0,6.0,13.0,8.0,0.0,0.0,0.0,0.0,8.0,16.0,16.0,15.0,6.0,0.0,0.0,0.0,1.0,11.0,14.0,8.0,2.0,0.0,0.0,0.0,0.0,13.0,7.0,0.0,0.0,0.0,0.0,0.0,4.0,16.0,2.0,0.0,0.0,0.0,7
1340,0.0,0.0,6.0,14.0,16.0,6.0,0.0,0.0,0.0,6.0,16.0,16.0,8.0,15.0,0.0,0.0,0.0,7.0,14.0,14.0,12.0,14.0,0.0,0.0,0.0,0.0,13.0,10.0,16.0,6.0,0.0,0.0,0.0,0.0,4.0,16.0,10.0,0.0,0.0,0.0,0.0,0.0,11.0,13.0,16.0,2.0,0.0,0.0,0.0,0.0,15.0,5.0,15.0,4.0,0.0,0.0,0.0,0.0,8.0,16.0,15.0,1.0,0.0,0.0,8
1783,0.0,0.0,15.0,13.0,1.0,0.0,0.0,0.0,0.0,0.0,14.0,14.0,4.0,0.0,0.0,0.0,0.0,0.0,1.0,4.0,12.0,0.0,0.0,0.0,0.0,0.0,0.0,6.0,12.0,0.0,0.0,0.0,0.0,0.0,0.0,11.0,10.0,0.0,0.0,0.0,0.0,0.0,1.0,16.0,8.0,6.0,5.0,0.0,0.0,0.0,13.0,16.0,16.0,16.0,14.0,0.0,0.0,0.0,10.0,13.0,10.0,6.0,2.0,0.0,2
737,0.0,0.0,7.0,15.0,12.0,0.0,0.0,0.0,0.0,3.0,15.0,8.0,14.0,2.0,0.0,0.0,0.0,0.0,5.0,2.0,11.0,0.0,0.0,0.0,0.0,0.0,1.0,11.0,8.0,2.0,0.0,0.0,0.0,0.0,8.0,16.0,16.0,15.0,4.0,0.0,0.0,0.0,1.0,4.0,2.0,12.0,6.0,0.0,0.0,0.0,2.0,4.0,13.0,12.0,0.0,0.0,0.0,0.0,5.0,13.0,9.0,1.0,0.0,0.0,3
366,0.0,0.0,0.0,10.0,14.0,0.0,0.0,0.0,0.0,0.0,1.0,16.0,10.0,0.0,0.0,0.0,0.0,0.0,10.0,16.0,1.0,0.0,0.0,0.0,0.0,4.0,16.0,8.0,0.0,3.0,5.0,0.0,0.0,10.0,15.0,0.0,2.0,15.0,10.0,0.0,0.0,12.0,16.0,14.0,16.0,13.0,1.0,0.0,0.0,2.0,11.0,14.0,16.0,3.0,0.0,0.0,0.0,0.0,0.0,8.0,16.0,2.0,0.0,0.0,4
891,0.0,0.0,4.0,12.0,16.0,16.0,4.0,0.0,0.0,0.0,9.0,7.0,4.0,14.0,12.0,0.0,0.0,0.0,0.0,0.0,0.0,11.0,14.0,0.0,0.0,0.0,0.0,0.0,3.0,16.0,6.0,0.0,0.0,0.0,0.0,1.0,13.0,6.0,0.0,0.0,0.0,0.0,1.0,12.0,8.0,0.0,0.0,0.0,0.0,0.0,6.0,16.0,9.0,5.0,0.0,0.0,0.0,0.0,3.0,12.0,13.0,9.0,0.0,0.0,2
1004,0.0,0.0,14.0,16.0,15.0,3.0,0.0,0.0,0.0,0.0,6.0,5.0,13.0,8.0,0.0,0.0,0.0,0.0,0.0,8.0,16.0,5.0,0.0,0.0,0.0,0.0,0.0,11.0,16.0,10.0,0.0,0.0,0.0,1.0,3.0,0.0,4.0,15.0,8.0,0.0,0.0,6.0,15.0,0.0,0.0,9.0,15.0,0.0,0.0,5.0,16.0,5.0,6.0,14.0,14.0,0.0,0.0,1.0,11.0,16.0,16.0,14.0,2.0,0.0,3
1193,0.0,0.0,7.0,14.0,16.0,13.0,1.0,0.0,0.0,0.0,15.0,13.0,3.0,13.0,8.0,0.0,0.0,6.0,15.0,2.0,0.0,8.0,8.0,0.0,0.0,6.0,16.0,0.0,0.0,6.0,11.0,0.0,0.0,9.0,13.0,0.0,0.0,13.0,9.0,0.0,0.0,5.0,15.0,0.0,5.0,16.0,5.0,0.0,0.0,4.0,16.0,9.0,16.0,12.0,0.0,0.0,0.0,0.0,8.0,16.0,12.0,3.0,0.0,0.0,0
392,0.0,0.0,1.0,11.0,14.0,0.0,0.0,0.0,0.0,0.0,9.0,16.0,12.0,0.0,0.0,0.0,0.0,1.0,16.0,7.0,0.0,0.0,0.0,0.0,0.0,7.0,16.0,5.0,5.0,4.0,0.0,0.0,0.0,7.0,16.0,16.0,16.0,16.0,5.0,0.0,0.0,0.0,16.0,13.0,4.0,13.0,7.0,0.0,0.0,0.0,9.0,16.0,14.0,16.0,4.0,0.0,0.0,0.0,1.0,11.0,14.0,9.0,0.0,0.0,6
852,0.0,0.0,11.0,14.0,10.0,1.0,0.0,0.0,0.0,0.0,16.0,15.0,14.0,13.0,0.0,0.0,0.0,1.0,14.0,8.0,3.0,16.0,2.0,0.0,0.0,0.0,7.0,16.0,13.0,16.0,2.0,0.0,0.0,0.0,0.0,12.0,16.0,9.0,0.0,0.0,0.0,0.0,1.0,14.0,16.0,12.0,0.0,0.0,0.0,0.0,10.0,16.0,15.0,16.0,0.0,0.0,0.0,0.0,7.0,14.0,15.0,11.0,0.0,0.0,8
790,0.0,0.0,0.0,8.0,15.0,5.0,0.0,0.0,0.0,0.0,3.0,16.0,13.0,1.0,0.0,0.0,0.0,0.0,12.0,16.0,2.0,0.0,0.0,0.0,0.0,5.0,16.0,7.0,9.0,4.0,0.0,0.0,0.0,14.0,16.0,13.0,16.0,14.0,3.0,0.0,0.0,8.0,14.0,16.0,16.0,14.0,2.0,0.0,0.0,0.0,0.0,9.0,16.0,3.0,0.0,0.0,0.0,0.0,0.0,11.0,14.0,0.0,0.0,0.0,4
1222,0.0,0.0,0.0,9.0,9.0,0.0,0.0,0.0,0.0,0.0,3.0,15.0,4.0,0.0,0.0,0.0,0.0,0.0,10.0,12.0,0.0,0.0,0.0,0.0,0.0,0.0,12.0,8.0,4.0,3.0,0.0,0.0,0.0,0.0,14.0,16.0,12.0,14.0,5.0,0.0,0.0,0.0,12.0,10.0,0.0,4.0,13.0,0.0,0.0,0.0,9.0,11.0,0.0,6.0,16.0,1.0,0.0,0.0,0.0,8.0,14.0,15.0,8.0,0.0,6
77,0.0,0.0,0.0,0.0,11.0,15.0,4.0,0.0,0.0,0.0,0.0,3.0,16.0,16.0,12.0,0.0,0.0,0.0,0.0,8.0,14.0,16.0,12.0,0.0,0.0,0.0,0.0,5.0,10.0,16.0,6.0,0.0,0.0,1.0,7.0,11.0,16.0,13.0,0.0,0.0,0.0,9.0,16.0,16.0,14.0,1.0,0.0,0.0,0.0,3.0,8.0,14.0,16.0,9.0,0.0,0.0,0.0,0.0,0.0,1.0,11.0,16.0,12.0,0.0,2
1640,0.0,0.0,0.0,14.0,9.0,0.0,0.0,0.0,0.0,0.0,0.0,14.0,13.0,0.0,0.0,0.0,0.0,0.0,0.0,11.0,16.0,2.0,0.0,0.0,0.0,0.0,0.0,14.0,16.0,5.0,0.0,0.0,0.0,0.0,0.0,13.0,16.0,4.0,0.0,0.0,0.0,0.0,0.0,16.0,16.0,4.0,0.0,0.0,0.0,0.0,1.0,16.0,16.0,0.0,0.0,0.0,0.0,0.0,0.0,14.0,12.0,0.0,0.0,0.0,1
1034,0.0,1.0,8.0,15.0,16.0,16.0,9.0,0.0,0.0,8.0,16.0,12.0,8.0,8.0,5.0,0.0,0.0,8.0,14.0,7.0,0.0,0.0,0.0,0.0,0.0,9.0,16.0,16.0,12.0,0.0,0.0,0.0,0.0,8.0,13.0,8.0,16.0,3.0,0.0,0.0,0.0,0.0,0.0,1.0,16.0,4.0,0.0,0.0,0.0,0.0,0.0,8.0,15.0,1.0,0.0,0.0,0.0,0.0,12.0,15.0,5.0,0.0,0.0,0.0,5
787,0.0,0.0,4.0,12.0,13.0,3.0,0.0,0.0,0.0,0.0,7.0,14.0,16.0,9.0,0.0,0.0,0.0,0.0,0.0,12.0,16.0,8.0,0.0,0.0,0.0,0.0,0.0,6.0,16.0,6.0,0.0,0.0,0.0,0.0,0.0,9.0,16.0,6.0,0.0,0.0,0.0,0.0,0.0,12.0,16.0,3.0,0.0,0.0,0.0,0.0,0.0,13.0,16.0,3.0,0.0,0.0,0.0,0.0,0.0,15.0,16.0,11.0,0.0,0.0,1
364,0.0,0.0,8.0,16.0,16.0,1.0,0.0,0.0,0.0,1.0,12.0,10.0,16.0,5.0,0.0,0.0,0.0,0.0,0.0,3.0,16.0,6.0,0.0,0.0,0.0,0.0,0.0,6.0,16.0,2.0,0.0,0.0,0.0,4.0,12.0,14.0,16.0,12.0,5.0,0.0,0.0,12.0,16.0,16.0,14.0,12.0,5.0,0.0,0.0,0.0,6.0,13.0,0.0,0.0,0.0,0.0,0.0,0.0,11.0,8.0,0.0,0.0,0.0,0.0,7
653,0.0,0.0,4.0,10.0,16.0,16.0,7.0,0.0,0.0,3.0,16.0,13.0,11.0,16.0,2.0,0.0,0.0,1.0,3.0,0.0,10.0,9.0,0.0,0.0,0.0,0.0,5.0,8.0,14.0,15.0,13.0,0.0,0.0,0.0,15.0,16.0,14.0,12.0,8.0,0.0,0.0,0.0,3.0,12.0,7.0,0.0,0.0,0.0,0.0,0.0,0.0,15.0,4.0,0.0,0.0,0.0,0.0,0.0,3.0,14.0,1.0,0.0,0.0,0.0,7
132,0.0,2.0,15.0,16.0,6.0,0.0,0.0,0.0,0.0,5.0,16.0,15.0,14.0,0.0,0.0,0.0,0.0,5.0,13.0,10.0,14.0,0.0,0.0,0.0,0.0,0.0,0.0,12.0,12.0,0.0,0.0,0.0,0.0,0.0,1.0,16.0,7.0,0.0,0.0,0.0,0.0,0.0,10.0,15.0,2.0,0.0,0.0,0.0,0.0,3.0,16.0,10.0,8.0,6.0,1.0,0.0,0.0,2.0,15.0,16.0,16.0,16.0,7.0,0.0,2
73,0.0,1.0,12.0,13.0,4.0,0.0,0.0,0.0,0.0,4.0,16.0,16.0,16.0,3.0,0.0,0.0,0.0,4.0,16.0,16.0,16.0,10.0,0.0,0.0,0.0,0.0,6.0,16.0,14.0,16.0,0.0,0.0,0.0,0.0,0.0,0.0,0.0,16.0,4.0,0.0,0.0,0.0,0.0,0.0,0.0,13.0,7.0,0.0,0.0,1.0,2.0,3.0,7.0,14.0,10.0,0.0,0.0,2.0,12.0,16.0,14.0,12.0,3.0,0.0,9
1782,0.0,1.0,10.0,13.0,2.0,0.0,0.0,0.0,0.0,10.0,16.0,16.0,12.0,0.0,0.0,0.0,0.0,9.0,9.0,8.0,16.0,0.0,0.0,0.0,0.0,0.0,0.0,6.0,16.0,2.0,0.0,0.0,0.0,0.0,1.0,11.0,15.0,0.0,0.0,0.0,0.0,0.0,4.0,16.0,13.0,2.0,0.0,0.0,0.0,0.0,14.0,16.0,16.0,16.0,13.0,0.0,0.0,0.0,9.0,13.0,11.0,10.0,9.0,0.0,2
1343,0.0,0.0,0.0,1.0,15.0,12.0,0.0,0.0,0.0,0.0,0.0,12.0,16.0,13.0,0.0,0.0,0.0,0.0,11.0,16.0,16.0,13.0,0.0,0.0,0.0,11.0,16.0,11.0,13.0,13.0,0.0,0.0,0.0,3.0,7.0,0.0,12.0,14.0,0.0,0.0,0.0,0.0,0.0,0.0,11.0,13.0,0.0,0.0,0.0,0.0,0.0,0.0,15.0,13.0,0.0,0.0,0.0,0.0,0.0,2.0,15.0,13.0,0.0,0.0,1
269,0.0,0.0,6.0,15.0,16.0,10.0,0.0,0.0,0.0,3.0,16.0,11.0,15.0,10.0,0.0,0.0,0.0,4.0,10.0,10.0,16.0,4.0,0.0,0.0,0.0,0.0,4.0,16.0,15.0,3.0,0.0,0.0,0.0,0.0,1.0,9.0,16.0,15.0,2.0,0.0,0.0,0.0,0.0,0.0,3.0,16.0,6.0,0.0,0.0,0.0,3.0,9.0,12.0,16.0,5.0,0.0,0.0,0.0,9.0,16.0,16.0,8.0,0.0,0.0,3
1563,0.0,0.0,5.0,16.0,14.0,1.0,0.0,0.0,0.0,0.0,14.0,14.0,14.0,9.0,0.0,0.0,0.0,1.0,15.0,6.0,1.0,12.0,1.0,0.0,0.0,3.0,16.0,1.0,0.0,10.0,4.0,0.0,0.0,5.0,16.0,5.0,0.0,11.0,2.0,0.0,0.0,2.0,16.0,2.0,3.0,16.0,0.0,0.0,0.0,0.0,11.0,13.0,14.0,12.0,0.0,0.0,0.0,0.0,3.0,15.0,15.0,5.0,0.0,0.0,0
851,0.0,5.0,16.0,15.0,5.0,0.0,0.0,0.0,0.0,2.0,12.0,15.0,16.0,0.0,0.0,0.0,0.0,0.0,0.0,14.0,14.0,2.0,0.0,0.0,0.0,0.0,2.0,16.0,9.0,0.0,0.0,0.0,0.0,0.0,11.0,16.0,2.0,0.0,0.0,0.0,0.0,4.0,16.0,8.0,0.0,0.0,0.0,0.0,0.0,13.0,16.0,11.0,8.0,8.0,3.0,0.0,0.0,6.0,16.0,16.0,16.0,16.0,7.0,0.0,2
1316,0.0,1.0,9.0,14.0,8.0,0.0,0.0,0.0,0.0,8.0,11.0,3.0,7.0,11.0,1.0,0.0,0.0,12.0,7.0,0.0,3.0,16.0,4.0,0.0,0.0,3.0,13.0,12.0,14.0,14.0,7.0,0.0,0.0,0.0,0.0,0.0,0.0,6.0,7.0,0.0,0.0,0.0,0.0,0.0,0.0,9.0,9.0,0.0,0.0,0.0,0.0,0.0,2.0,16.0,1.0,0.0,0.0,0.0,8.0,13.0,14.0,5.0,0.0,0.0,9
1231,0.0,0.0,9.0,16.0,16.0,7.0,0.0,0.0,0.0,7.0,16.0,12.0,7.0,11.0,2.0,0.0,0.0,13.0,13.0,1.0,0.0,0.0,0.0,0.0,0.0,10.0,16.0,10.0,7.0,0.0,0.0,0.0,0.0,0.0,8.0,12.0,16.0,10.0,0.0,0.0,0.0,0.0,0.0,0.0,5.0,16.0,3.0,0.0,0.0,0.0,1.0,0.0,11.0,16.0,1.0,0.0,0.0,0.0,7.0,16.0,16.0,6.0,0.0,0.0,5
703,0.0,0.0,1.0,13.0,16.0,10.0,0.0,0.0,0.0,1.0,13.0,15.0,8.0,16.0,3.0,0.0,0.0,8.0,15.0,3.0,4.0,15.0,0.0,0.0,0.0,1.0,3.0,0.0,12.0,8.0,0.0,0.0,0.0,0.0,0.0,4.0,14.0,1.0,0.0,0.0,0.0,0.0,0.0,11.0,8.0,0.0,4.0,0.0,0.0,0.0,1.0,16.0,8.0,13.0,9.0,0.0,0.0,0.0,0.0,14.0,16.0,11.0,0.0,0.0,2
450,0.0,0.0,0.0,5.0,8.0,0.0,0.0,0.0,0.0,0.0,1.0,15.0,10.0,5.0,0.0,0.0,0.0,0.0,9.0,11.0,10.0,10.0,0.0,0.0,0.0,2.0,15.0,2.0,14.0,6.0,0.0,0.0,0.0,8.0,13.0,5.0,14.0,13.0,4.0,0.0,0.0,11.0,16.0,16.0,16.0,14.0,3.0,0.0,0.0,0.0,0.0,3.0,16.0,0.0,0.0,0.0,0.0,0.0,0.0,7.0,10.0,0.0,0.0,0.0,4
301,0.0,0.0,7.0,15.0,16.0,12.0,0.0,0.0,0.0,4.0,16.0,11.0,12.0,12.0,0.0,0.0,0.0,2.0,7.0,1.0,13.0,11.0,0.0,0.0,0.0,0.0,0.0,13.0,16.0,6.0,0.0,0.0,0.0,0.0,0.0,11.0,15.0,16.0,3.0,0.0,0.0,0.0,0.0,0.0,1.0,15.0,8.0,0.0,0.0,0.0,5.0,16.0,12.0,15.0,8.0,0.0,0.0,0.0,7.0,16.0,16.0,13.0,2.0,0.0,3
1357,0.0,0.0,1.0,15.0,15.0,2.0,0.0,0.0,0.0,0.0,0.0,12.0,16.0,7.0,0.0,0.0,0.0,0.0,0.0,14.0,16.0,5.0,0.0,0.0,0.0,0.0,0.0,13.0,16.0,2.0,0.0,0.0,0.0,0.0,2.0,16.0,13.0,0.0,0.0,0.0,0.0,0.0,6.0,16.0,13.0,0.0,0.0,0.0,0.0,0.0,6.0,16.0,11.0,0.0,0.0,0.0,0.0,0.0,1.0,14.0,16.0,7.0,0.0,0.0,1
1778,0.0,0.0,0.0,1.0,13.0,8.0,0.0,0.0,0.0,0.0,0.0,9.0,15.0,3.0,0.0,0.0,0.0,0.0,2.0,16.0,9.0,2.0,1.0,0.0,0.0,2.0,14.0,13.0,1.0,16.0,6.0,0.0,0.0,11.0,16.0,6.0,8.0,16.0,3.0,0.0,1.0,16.0,16.0,16.0,16.0,13.0,0.0,0.0,0.0,7.0,12.0,13.0,16.0,10.0,0.0,0.0,0.0,0.0,0.0,0.0,15.0,7.0,0.0,0.0,4
46,0.0,1.0,15.0,4.0,0.0,0.0,0.0,0.0,0.0,2.0,16.0,16.0,16.0,14.0,2.0,0.0,0.0,6.0,16.0,11.0,8.0,8.0,3.0,0.0,0.0,5.0,16.0,11.0,5.0,0.0,0.0,0.0,0.0,0.0,11.0,14.0,14.0,1.0,0.0,0.0,0.0,0.0,0.0,5.0,16.0,7.0,0.0,0.0,0.0,0.0,6.0,16.0,16.0,4.0,0.0,0.0,0.0,0.0,14.0,14.0,4.0,0.0,0.0,0.0,5
197,0.0,0.0,2.0,14.0,11.0,0.0,0.0,0.0,0.0,0.0,10.0,16.0,1.0,0.0,0.0,0.0,0.0,1.0,16.0,9.0,0.0,0.0,0.0,0.0,0.0,4.0,16.0,5.0,0.0,0.0,0.0,0.0,0.0,5.0,16.0,12.0,12.0,11.0,1.0,0.0,0.0,4.0,16.0,14.0,10.0,14.0,11.0,0.0,0.0,2.0,15.0,10.0,6.0,16.0,10.0,0.0,0.0,0.0,3.0,15.0,16.0,10.0,1.0,0.0,6
528,0.0,0.0,5.0,16.0,14.0,2.0,0.0,0.0,0.0,1.0,13.0,14.0,16.0,8.0,0.0,0.0,0.0,9.0,15.0,3.0,16.0,5.0,0.0,0.0,0.0,10.0,13.0,3.0,16.0,3.0,0.0,0.0,0.0,3.0,3.0,11.0,13.0,0.0,0.0,0.0,0.0,0.0,0.0,13.0,10.0,0.0,0.0,0.0,0.0,0.0,2.0,16.0,16.0,16.0,10.0,0.0,0.0,0.0,6.0,16.0,14.0,12.0,9.0,0.0,2
1588,0.0,2.0,16.0,16.0,16.0,12.0,0.0,0.0,0.0,1.0,9.0,5.0,12.0,16.0,2.0,0.0,0.0,0.0,0.0,6.0,15.0,14.0,2.0,0.0,0.0,0.0,1.0,16.0,16.0,1.0,0.0,0.0,0.0,0.0,0.0,12.0,16.0,1.0,0.0,0.0,0.0,0.0,0.0,6.0,16.0,6.0,0.0,0.0,0.0,0.0,0.0,12.0,16.0,5.0,0.0,0.0,0.0,1.0,16.0,16.0,13.0,1.0,0.0,0.0,3
1710,0.0,0.0,3.0,12.0,16.0,16.0,15.0,0.0,0.0,0.0,9.0,10.0,7.0,12.0,14.0,0.0,0.0,0.0,0.0,0.0,2.0,15.0,6.0,0.0,0.0,0.0,0.0,0.0,11.0,13.0,0.0,0.0,0.0,1.0,9.0,9.0,16.0,11.0,1.0,0.0,0.0,13.0,16.0,16.0,16.0,16.0,4.0,0.0,0.0,0.0,1.0,16.0,7.0,0.0,0.0,0.0,0.0,0.0,6.0,16.0,2.0,0.0,0.0,0.0,7
180,0.0,0.0,7.0,15.0,15.0,4.0,0.0,0.0,0.0,8.0,16.0,16.0,16.0,4.0,0.0,0.0,0.0,8.0,15.0,8.0,16.0,4.0,0.0,0.0,0.0,0.0,0.0,10.0,15.0,0.0,0.0,0.0,0.0,0.0,1.0,15.0,9.0,0.0,0.0,0.0,0.0,0.0,6.0,16.0,2.0,0.0,0.0,0.0,0.0,0.0,8.0,16.0,8.0,11.0,9.0,0.0,0.0,0.0,9.0,16.0,16.0,12.0,3.0,0.0,2
876,0.0,0.0,0.0,1.0,13.0,2.0,0.0,0.0,0.0,0.0,0.0,12.0,14.0,0.0,0.0,0.0,0.0,0.0,6.0,14.0,0.0,0.0,0.0,0.0,0.0,1.0,14.0,5.0,0.0,0.0,0.0,0.0,0.0,9.0,12.0,0.0,12.0,7.0,0.0,0.0,0.0,12.0,14.0,6.0,16.0,14.0,1.0,0.0,0.0,6.0,16.0,16.0,16.0,5.0,0.0,0.0,0.0,0.0,0.0,3.0,14.0,0.0,0.0,0.0,4
541,0.0,1.0,13.0,14.0,16.0,15.0,7.0,0.0,0.0,4.0,15.0,3.0,3.0,4.0,1.0,0.0,0.0,4.0,13.0,5.0,8.0,5.0,0.0,0.0,0.0,6.0,16.0,12.0,8.0,14.0,2.0,0.0,0.0,0.0,4.0,0.0,0.0,12.0,4.0,0.0,0.0,0.0,0.0,0.0,1.0,14.0,2.0,0.0,0.0,2.0,12.0,3.0,11.0,9.0,0.0,0.0,0.0,1.0,11.0,16.0,13.0,1.0,0.0,0.0,5
1613,0.0,0.0,0.0,14.0,7.0,0.0,0.0,0.0,0.0,0.0,0.0,15.0,15.0,1.0,0.0,0.0,0.0,0.0,2.0,16.0,15.0,1.0,0.0,0.0,0.0,0.0,6.0,16.0,15.0,0.0,0.0,0.0,0.0,0.0,9.0,16.0,13.0,0.0,0.0,0.0,0.0,0.0,8.0,16.0,15.0,1.0,0.0,0.0,0.0,0.0,4.0,16.0,16.0,6.0,0.0,0.0,0.0,0.0,0.0,13.0,12.0,0.0,0.0,0.0,1
1346,0.0,0.0,8.0,16.0,16.0,12.0,0.0,0.0,0.0,0.0,14.0,12.0,10.0,14.0,0.0,0.0,0.0,0.0,3.0,3.0,10.0,10.0,0.0,0.0,0.0,0.0,0.0,8.0,16.0,5.0,0.0,0.0,0.0,0.0,0.0,7.0,16.0,6.0,0.0,0.0,0.0,0.0,4.0,0.0,7.0,14.0,0.0,0.0,0.0,2.0,16.0,5.0,10.0,16.0,0.0,0.0,0.0,0.0,7.0,16.0,16.0,7.0,0.0,0.0,3
740,0.0,0.0,0.0,7.0,14.0,16.0,6.0,0.0,0.0,0.0,10.0,16.0,12.0,15.0,9.0,0.0,0.0,0.0,8.0,3.0,2.0,16.0,7.0,0.0,0.0,0.0,1.0,8.0,13.0,16.0,14.0,0.0,0.0,2.0,13.0,16.0,16.0,12.0,1.0,0.0,0.0,6.0,12.0,6.0,16.0,3.0,0.0,0.0,0.0,0.0,0.0,5.0,13.0,0.0,0.0,0.0,0.0,0.0,0.0,9.0,6.0,0.0,0.0,0.0,7
705,0.0,0.0,6.0,14.0,16.0,16.0,2.0,0.0,0.0,5.0,16.0,13.0,11.0,16.0,0.0,0.0,0.0,0.0,7.0,2.0,15.0,12.0,0.0,0.0,0.0,0.0,0.0,7.0,16.0,13.0,1.0,0.0,0.0,0.0,0.0,0.0,6.0,15.0,10.0,0.0,0.0,0.0,0.0,0.0,0.0,15.0,9.0,0.0,0.0,0.0,3.0,11.0,8.0,16.0,6.0,0.0,0.0,0.0,7.0,16.0,16.0,8.0,0.0,0.0,3
747,0.0,0.0,2.0,10.0,15.0,1.0,0.0,0.0,0.0,3.0,16.0,16.0,13.0,13.0,0.0,0.0,0.0,5.0,16.0,12.0,1.0,12.0,1.0,0.0,0.0,7.0,13.0,5.0,0.0,7.0,5.0,0.0,0.0,2.0,14.0,0.0,0.0,7.0,10.0,0.0,0.0,0.0,12.0,2.0,0.0,12.0,7.0,0.0,0.0,0.0,9.0,12.0,12.0,16.0,4.0,0.0,0.0,0.0,0.0,10.0,16.0,6.0,0.0,0.0,0
1348,0.0,0.0,12.0,16.0,16.0,5.0,0.0,0.0,0.0,3.0,13.0,8.0,14.0,15.0,1.0,0.0,0.0,0.0,0.0,0.0,13.0,16.0,0.0,0.0,0.0,6.0,16.0,16.0,16.0,16.0,13.0,0.0,0.0,6.0,9.0,11.0,16.0,9.0,5.0,0.0,0.0,0.0,0.0,14.0,11.0,0.0,0.0,0.0,0.0,0.0,7.0,16.0,2.0,0.0,0.0,0.0,0.0,0.0,13.0,10.0,0.0,0.0,0.0,0.0,7
175,0.0,1.0,10.0,16.0,16.0,11.0,0.0,0.0,0.0,5.0,10.0,8.0,12.0,16.0,4.0,0.0,0.0,0.0,0.0,1.0,10.0,14.0,0.0,0.0,0.0,0.0,0.0,6.0,16.0,4.0,0.0,0.0,0.0,0.0,0.0,7.0,16.0,5.0,0.0,0.0,0.0,0.0,0.0,1.0,12.0,16.0,4.0,0.0,0.0,0.0,2.0,4.0,9.0,16.0,4.0,0.0,0.0,1.0,15.0,14.0,11.0,4.0,0.0,0.0,3
130,0.0,0.0,2.0,12.0,9.0,0.0,0.0,0.0,0.0,0.0,11.0,15.0,12.0,5.0,0.0,0.0,0.0,0.0,15.0,5.0,0.0,14.0,0.0,0.0,0.0,2.0,15.0,1.0,0.0,9.0,7.0,0.0,0.0,4.0,10.0,0.0,0.0,7.0,8.0,0.0,0.0,0.0,12.0,0.0,0.0,8.0,10.0,0.0,0.0,2.0,15.0,5.0,10.0,16.0,1.0,0.0,0.0,0.0,5.0,14.0,12.0,4.0,0.0,0.0,0
1648,0.0,0.0,0.0,12.0,10.0,0.0,0.0,0.0,0.0,0.0,0.0,14.0,16.0,2.0,0.0,0.0,0.0,0.0,0.0,13.0,16.0,0.0,0.0,0.0,0.0,0.0,0.0,11.0,16.0,3.0,0.0,0.0,0.0,0.0,0.0,10.0,16.0,3.0,0.0,0.0,0.0,0.0,0.0,11.0,16.0,2.0,0.0,0.0,0.0,0.0,0.0,14.0,16.0,2.0,0.0,0.0,0.0,0.0,0.0,11.0,14.0,0.0,0.0,0.0,1
675,0.0,0.0,0.0,1.0,7.0,14.0,14.0,0.0,0.0,0.0,3.0,15.0,7.0,1.0,14.0,0.0,0.0,2.0,16.0,10.0,5.0,14.0,8.0,0.0,0.0,4.0,15.0,16.0,12.0,16.0,5.0,0.0,0.0,0.0,5.0,3.0,1.0,15.0,0.0,0.0,0.0,0.0,0.0,0.0,4.0,12.0,0.0,0.0,0.0,0.0,0.0,0.0,7.0,10.0,0.0,0.0,0.0,0.0,0.0,0.0,7.0,12.0,0.0,0.0,9
818,0.0,0.0,4.0,10.0,11.0,4.0,0.0,0.0,0.0,1.0,11.0,16.0,16.0,14.0,0.0,0.0,0.0,4.0,16.0,16.0,16.0,12.0,0.0,0.0,0.0,4.0,16.0,16.0,16.0,7.0,0.0,0.0,0.0,4.0,16.0,16.0,16.0,8.0,0.0,0.0,0.0,4.0,16.0,16.0,16.0,7.0,0.0,0.0,0.0,3.0,15.0,16.0,16.0,12.0,0.0,0.0,0.0,0.0,5.0,12.0,12.0,12.0,1.0,0.0,1
877,0.0,0.0,7.0,13.0,8.0,4.0,0.0,0.0,0.0,1.0,15.0,11.0,9.0,15.0,2.0,0.0,0.0,4.0,16.0,6.0,0.0,8.0,7.0,0.0,0.0,4.0,10.0,0.0,0.0,7.0,8.0,0.0,0.0,4.0,10.0,0.0,0.0,8.0,8.0,0.0,0.0,5.0,12.0,0.0,0.0,12.0,5.0,0.0,0.0,3.0,15.0,5.0,9.0,14.0,2.0,0.0,0.0,0.0,8.0,14.0,12.0,3.0,0.0,0.0,0
983,0.0,0.0,3.0,16.0,12.0,12.0,7.0,0.0,0.0,0.0,12.0,13.0,13.0,16.0,6.0,0.0,0.0,0.0,2.0,0.0,6.0,14.0,0.0,0.0,0.0,0.0,1.0,4.0,13.0,10.0,1.0,0.0,0.0,0.0,9.0,16.0,16.0,16.0,8.0,0.0,0.0,0.0,4.0,12.0,12.0,7.0,1.0,0.0,0.0,0.0,0.0,14.0,6.0,0.0,0.0,0.0,0.0,0.0,4.0,16.0,2.0,0.0,0.0,0.0,7
216,0.0,0.0,9.0,16.0,3.0,0.0,0.0,0.0,0.0,0.0,11.0,16.0,14.0,1.0,0.0,0.0,0.0,0.0,0.0,11.0,16.0,4.0,0.0,0.0,0.0,0.0,0.0,8.0,16.0,10.0,1.0,0.0,0.0,1.0,12.0,16.0,16.0,16.0,9.0,0.0,0.0,1.0,11.0,16.0,11.0,4.0,0.0,0.0,0.0,0.0,6.0,16.0,4.0,0.0,0.0,0.0,0.0,0.0,11.0,11.0,0.0,0.0,0.0,0.0,7
1775,0.0,0.0,6.0,16.0,16.0,3.0,0.0,0.0,0.0,0.0,8.0,16.0,16.0,12.0,0.0,0.0,0.0,0.0,0.0,4.0,15.0,11.0,0.0,0.0,0.0,0.0,6.0,16.0,16.0,16.0,13.0,0.0,0.0,0.0,11.0,16.0,16.0,5.0,1.0,0.0,0.0,0.0,0.0,14.0,7.0,0.0,0.0,0.0,0.0,0.0,4.0,16.0,1.0,0.0,0.0,0.0,0.0,0.0,11.0,11.0,0.0,0.0,0.0,0.0,7
1785,0.0,1.0,10.0,16.0,15.0,2.0,0.0,0.0,0.0,1.0,12.0,13.0,16.0,4.0,0.0,0.0,0.0,0.0,0.0,0.0,16.0,8.0,0.0,0.0,0.0,0.0,7.0,11.0,16.0,13.0,8.0,0.0,0.0,8.0,16.0,16.0,16.0,16.0,6.0,0.0,0.0,2.0,10.0,16.0,9.0,0.0,0.0,0.0,0.0,0.0,3.0,16.0,4.0,0.0,0.0,0.0,0.0,0.0,10.0,15.0,2.0,0.0,0.0,0.0,7
1464,0.0,0.0,3.0,13.0,9.0,1.0,0.0,0.0,0.0,0.0,13.0,14.0,15.0,13.0,0.0,0.0,0.0,2.0,14.0,1.0,2.0,13.0,4.0,0.0,0.0,4.0,8.0,0.0,0.0,5.0,8.0,0.0,0.0,4.0,8.0,0.0,0.0,4.0,8.0,0.0,0.0,4.0,10.0,0.0,0.0,5.0,8.0,0.0,0.0,0.0,14.0,11.0,10.0,14.0,5.0,0.0,0.0,0.0,4.0,12.0,13.0,9.0,0.0,0.0,0
1529,0.0,0.0,1.0,10.0,16.0,15.0,5.0,0.0,0.0,0.0,12.0,12.0,9.0,9.0,10.0,0.0,0.0,4.0,16.0,1.0,0.0,7.0,7.0,0.0,0.0,4.0,14.0,13.0,8.0,11.0,0.0,0.0,0.0,0.0,1.0,6.0,16.0,14.0,1.0,0.0,0.0,0.0,0.0,8.0,11.0,14.0,5.0,0.0,0.0,0.0,0.0,12.0,8.0,15.0,2.0,0.0,0.0,0.0,0.0,10.0,15.0,5.0,0.0,0.0,8
1388,0.0,0.0,4.0,16.0,12.0,1.0,0.0,0.0,0.0,2.0,16.0,16.0,11.0,8.0,0.0,0.0,0.0,3.0,16.0,13.0,1.0,14.0,2.0,0.0,0.0,4.0,16.0,0.0,0.0,13.0,4.0,0.0,0.0,4.0,15.0,0.0,0.0,13.0,8.0,0.0,0.0,1.0,16.0,1.0,0.0,14.0,5.0,0.0,0.0,0.0,10.0,8.0,7.0,15.0,1.0,0.0,0.0,0.0,2.0,13.0,16.0,8.0,0.0,0.0,0
1286,0.0,0.0,13.0,16.0,9.0,4.0,0.0,0.0,0.0,0.0,15.0,9.0,9.0,15.0,1.0,0.0,0.0,0.0,11.0,9.0,13.0,11.0,0.0,0.0,0.0,0.0,5.0,16.0,14.0,1.0,0.0,0.0,0.0,0.0,7.0,16.0,10.0,0.0,0.0,0.0,0.0,0.0,14.0,10.0,16.0,2.0,0.0,0.0,0.0,0.0,16.0,4.0,15.0,7.0,0.0,0.0,0.0,0.0,11.0,16.0,16.0,3.0,0.0,0.0,8
843,0.0,0.0,1.0,13.0,3.0,0.0,0.0,0.0,0.0,0.0,7.0,14.0,2.0,0.0,0.0,0.0,0.0,0.0,13.0,13.0,8.0,5.0,0.0,0.0,0.0,2.0,15.0,15.0,12.0,15.0,5.0,0.0,0.0,7.0,16.0,4.0,0.0,12.0,8.0,0.0,0.0,2.0,15.0,7.0,0.0,12.0,6.0,0.0,0.0,0.0,5.0,15.0,5.0,15.0,5.0,0.0,0.0,0.0,0.0,13.0,16.0,9.0,0.0,0.0,6
1729,0.0,0.0,4.0,12.0,13.0,1.0,0.0,0.0,0.0,0.0,4.0,16.0,16.0,5.0,0.0,0.0,0.0,0.0,9.0,16.0,10.0,0.0,0.0,0.0,0.0,8.0,16.0,16.0,11.0,4.0,0.0,0.0,0.0,0.0,4.0,8.0,16.0,16.0,7.0,0.0,0.0,0.0,0.0,0.0,2.0,14.0,14.0,0.0,0.0,0.0,0.0,4.0,15.0,16.0,11.0,0.0,0.0,0.0,5.0,16.0,14.0,8.0,0.0,0.0,3
623,0.0,0.0,0.0,13.0,12.0,0.0,0.0,0.0,0.0,0.0,0.0,14.0,16.0,1.0,0.0,0.0,0.0,0.0,1.0,15.0,16.0,1.0,0.0,0.0,0.0,0.0,4.0,16.0,16.0,3.0,0.0,0.0,0.0,0.0,5.0,15.0,16.0,9.0,0.0,0.0,0.0,0.0,0.0,0.0,12.0,15.0,1.0,0.0,0.0,0.0,1.0,11.0,9.0,16.0,11.0,2.0,0.0,0.0,0.0,11.0,16.0,16.0,16.0,16.0,1
1085,0.0,0.0,1.0,14.0,16.0,8.0,0.0,0.0,0.0,0.0,10.0,16.0,11.0,4.0,0.0,0.0,0.0,0.0,1.0,11.0,1.0,0.0,0.0,0.0,0.0,1.0,12.0,3.0,0.0,0.0,0.0,0.0,0.0,2.0,16.0,14.0,13.0,8.0,1.0,0.0,0.0,3.0,16.0,16.0,13.0,16.0,8.0,0.0,0.0,0.0,12.0,16.0,7.0,15.0,12.0,0.0,0.0,0.0,1.0,13.0,16.0,16.0,8.0,0.0,6
1258,0.0,0.0,5.0,12.0,0.0,0.0,0.0,0.0,0.0,0.0,14.0,10.0,14.0,12.0,0.0,0.0,0.0,2.0,16.0,16.0,8.0,11.0,2.0,0.0,0.0,3.0,16.0,11.0,0.0,9.0,3.0,0.0,0.0,5.0,12.0,2.0,0.0,12.0,4.0,0.0,0.0,1.0,12.0,0.0,0.0,13.0,3.0,0.0,0.0,0.0,13.0,6.0,8.0,13.0,0.0,0.0,0.0,0.0,3.0,14.0,12.0,3.0,0.0,0.0,0
305,0.0,0.0,5.0,13.0,13.0,5.0,0.0,0.0,0.0,0.0,16.0,16.0,10.0,15.0,3.0,0.0,0.0,5.0,16.0,2.0,1.0,8.0,4.0,0.0,0.0,4.0,13.0,0.0,0.0,4.0,8.0,0.0,0.0,8.0,12.0,0.0,0.0,6.0,7.0,0.0,0.0,5.0,15.0,0.0,0.0,7.0,7.0,0.0,0.0,0.0,16.0,8.0,5.0,15.0,3.0,0.0,0.0,0.0,5.0,14.0,15.0,9.0,0.0,0.0,0
1111,0.0,1.0,15.0,16.0,10.0,0.0,0.0,0.0,0.0,7.0,15.0,10.0,16.0,0.0,0.0,0.0,0.0,4.0,12.0,1.0,16.0,4.0,0.0,0.0,0.0,0.0,2.0,3.0,16.0,1.0,0.0,0.0,0.0,0.0,0.0,4.0,15.0,0.0,0.0,0.0,0.0,0.0,0.0,11.0,12.0,0.0,0.0,0.0,0.0,0.0,11.0,16.0,14.0,14.0,15.0,3.0,0.0,1.0,15.0,16.0,16.0,16.0,16.0,5.0,2
378,0.0,0.0,4.0,11.0,14.0,4.0,0.0,0.0,0.0,5.0,13.0,4.0,9.0,7.0,0.0,0.0,0.0,7.0,10.0,10.0,13.0,2.0,0.0,0.0,0.0,1.0,9.0,16.0,15.0,2.0,0.0,0.0,0.0,0.0,8.0,7.0,9.0,12.0,0.0,0.0,0.0,0.0,12.0,0.0,1.0,14.0,5.0,0.0,0.0,0.0,11.0,6.0,0.0,7.0,8.0,0.0,0.0,0.0,2.0,15.0,16.0,15.0,4.0,0.0,8
214,0.0,0.0,10.0,16.0,9.0,0.0,0.0,0.0,0.0,4.0,16.0,16.0,16.0,0.0,0.0,0.0,0.0,2.0,12.0,9.0,15.0,0.0,0.0,0.0,0.0,0.0,0.0,11.0,11.0,0.0,0.0,0.0,0.0,0.0,1.0,16.0,7.0,0.0,0.0,0.0,0.0,0.0,9.0,16.0,2.0,0.0,0.0,0.0,0.0,0.0,15.0,16.0,8.0,5.0,0.0,0.0,0.0,0.0,11.0,16.0,16.0,16.0,2.0,0.0,2
267,0.0,0.0,0.0,0.0,14.0,4.0,0.0,0.0,0.0,0.0,0.0,3.0,16.0,11.0,0.0,0.0,0.0,0.0,0.0,10.0,16.0,9.0,0.0,0.0,0.0,0.0,0.0,13.0,16.0,7.0,0.0,0.0,0.0,0.0,12.0,16.0,16.0,4.0,0.0,0.0,0.0,1.0,13.0,12.0,16.0,5.0,0.0,0.0,0.0,0.0,0.0,4.0,16.0,9.0,0.0,0.0,0.0,0.0,0.0,0.0,14.0,10.0,0.0,0.0,1
1239,0.0,0.0,1.0,9.0,15.0,2.0,0.0,0.0,0.0,0.0,5.0,16.0,7.0,1.0,0.0,0.0,0.0,0.0,14.0,8.0,0.0,0.0,0.0,0.0,0.0,0.0,15.0,6.0,8.0,4.0,0.0,0.0,0.0,0.0,15.0,16.0,13.0,14.0,7.0,0.0,0.0,0.0,14.0,3.0,0.0,3.0,12.0,0.0,0.0,0.0,6.0,9.0,7.0,9.0,15.0,0.0,0.0,0.0,0.0,10.0,14.0,14.0,2.0,0.0,6
438,0.0,0.0,2.0,12.0,12.0,12.0,9.0,2.0,0.0,0.0,9.0,15.0,12.0,13.0,16.0,5.0,0.0,0.0,12.0,8.0,0.0,8.0,10.0,0.0,0.0,1.0,16.0,3.0,3.0,15.0,2.0,0.0,0.0,1.0,3.0,0.0,12.0,7.0,0.0,0.0,0.0,0.0,0.0,4.0,13.0,0.0,0.0,0.0,0.0,0.0,0.0,13.0,9.0,0.0,0.0,0.0,0.0,0.0,3.0,15.0,3.0,0.0,0.0,0.0,7
274,0.0,0.0,2.0,12.0,16.0,10.0,0.0,0.0,0.0,0.0,12.0,7.0,1.0,13.0,4.0,0.0,0.0,3.0,16.0,0.0,8.0,12.0,0.0,0.0,0.0,4.0,16.0,11.0,14.0,1.0,0.0,0.0,0.0,0.0,7.0,16.0,6.0,0.0,0.0,0.0,0.0,0.0,6.0,12.0,15.0,2.0,0.0,0.0,0.0,0.0,8.0,7.0,13.0,4.0,0.0,0.0,0.0,0.0,3.0,13.0,16.0,3.0,0.0,0.0,8
481,0.0,0.0,0.0,6.0,14.0,8.0,0.0,0.0,0.0,0.0,8.0,16.0,12.0,8.0,0.0,0.0,0.0,3.0,16.0,14.0,3.0,0.0,0.0,0.0,0.0,6.0,16.0,16.0,16.0,11.0,1.0,0.0,0.0,8.0,16.0,13.0,4.0,14.0,5.0,0.0,0.0,2.0,16.0,9.0,0.0,8.0,12.0,0.0,0.0,0.0,10.0,15.0,6.0,13.0,9.0,0.0,0.0,0.0,0.0,8.0,14.0,16.0,9.0,0.0,6
1691,0.0,0.0,0.0,2.0,14.0,2.0,0.0,0.0,0.0,0.0,0.0,14.0,8.0,0.0,0.0,0.0,0.0,0.0,10.0,9.0,0.0,4.0,4.0,0.0,0.0,4.0,14.0,1.0,1.0,15.0,8.0,0.0,0.0,4.0,16.0,5.0,11.0,16.0,2.0,0.0,0.0,6.0,16.0,16.0,16.0,11.0,0.0,0.0,0.0,0.0,4.0,0.0,12.0,6.0,0.0,0.0,0.0,0.0,0.0,1.0,13.0,1.0,0.0,0.0,4
1288,0.0,0.0,0.0,1.0,13.0,13.0,0.0,0.0,0.0,0.0,4.0,15.0,15.0,16.0,0.0,0.0,0.0,8.0,16.0,10.0,6.0,14.0,0.0,0.0,0.0,10.0,6.0,0.0,8.0,13.0,0.0,0.0,0.0,0.0,0.0,0.0,10.0,13.0,0.0,0.0,0.0,0.0,0.0,0.0,13.0,9.0,0.0,0.0,0.0,0.0,0.0,0.0,14.0,7.0,0.0,0.0,0.0,0.0,0.0,0.0,16.0,7.0,0.0,0.0,1
507,0.0,0.0,0.0,0.0,13.0,3.0,0.0,0.0,0.0,0.0,0.0,11.0,13.0,4.0,0.0,0.0,0.0,0.0,6.0,14.0,4.0,16.0,1.0,0.0,0.0,2.0,14.0,3.0,6.0,14.0,0.0,0.0,0.0,6.0,16.0,11.0,12.0,12.0,0.0,0.0,0.0,2.0,7.0,14.0,16.0,14.0,0.0,0.0,0.0,0.0,0.0,0.0,12.0,8.0,0.0,0.0,0.0,0.0,0.0,0.0,15.0,3.0,0.0,0.0,4
1095,0.0,0.0,3.0,15.0,7.0,0.0,0.0,0.0,0.0,3.0,15.0,11.0,1.0,1.0,7.0,0.0,0.0,8.0,16.0,2.0,0.0,13.0,15.0,0.0,0.0,8.0,16.0,13.0,14.0,16.0,5.0,0.0,0.0,0.0,8.0,9.0,15.0,13.0,0.0,0.0,0.0,0.0,0.0,8.0,16.0,2.0,0.0,0.0,0.0,0.0,0.0,12.0,12.0,0.0,0.0,0.0,0.0,0.0,3.0,16.0,4.0,0.0,0.0,0.0,4
710,0.0,0.0,0.0,6.0,15.0,1.0,0.0,0.0,0.0,0.0,3.0,16.0,9.0,15.0,3.0,0.0,0.0,1.0,15.0,7.0,5.0,15.0,0.0,0.0,0.0,9.0,16.0,4.0,11.0,14.0,10.0,0.0,0.0,9.0,16.0,16.0,16.0,16.0,9.0,0.0,0.0,0.0,2.0,4.0,16.0,2.0,0.0,0.0,0.0,0.0,0.0,6.0,14.0,0.0,0.0,0.0,0.0,0.0,0.0,7.0,10.0,0.0,0.0,0.0,4
701,0.0,0.0,0.0,9.0,15.0,6.0,0.0,0.0,0.0,0.0,5.0,15.0,16.0,15.0,0.0,0.0,0.0,0.0,15.0,15.0,4.0,16.0,3.0,0.0,0.0,2.0,14.0,5.0,0.0,12.0,8.0,0.0,0.0,6.0,13.0,0.0,1.0,14.0,6.0,0.0,0.0,1.0,10.0,14.0,15.0,16.0,3.0,0.0,0.0,0.0,3.0,16.0,16.0,14.0,1.0,0.0,0.0,0.0,0.0,9.0,13.0,5.0,0.0,0.0,0
936,0.0,0.0,9.0,15.0,14.0,8.0,0.0,0.0,0.0,6.0,16.0,4.0,2.0,16.0,3.0,0.0,0.0,5.0,16.0,5.0,5.0,16.0,4.0,0.0,0.0,0.0,9.0,16.0,16.0,16.0,4.0,0.0,0.0,0.0,0.0,0.0,0.0,9.0,8.0,0.0,0.0,0.0,0.0,0.0,0.0,8.0,8.0,0.0,0.0,2.0,10.0,2.0,1.0,12.0,6.0,0.0,0.0,1.0,13.0,14.0,14.0,11.0,1.0,0.0,9
276,0.0,0.0,5.0,15.0,12.0,8.0,0.0,0.0,0.0,0.0,13.0,16.0,10.0,13.0,3.0,0.0,0.0,5.0,16.0,9.0,0.0,8.0,4.0,0.0,0.0,4.0,13.0,1.0,0.0,4.0,8.0,0.0,0.0,4.0,8.0,0.0,0.0,8.0,4.0,0.0,0.0,1.0,14.0,0.0,0.0,11.0,3.0,0.0,0.0,0.0,12.0,9.0,9.0,15.0,0.0,0.0,0.0,0.0,4.0,14.0,15.0,4.0,0.0,0.0,0
536,0.0,0.0,5.0,15.0,12.0,4.0,0.0,0.0,0.0,2.0,15.0,8.0,11.0,16.0,4.0,0.0,0.0,8.0,9.0,0.0,6.0,16.0,4.0,0.0,0.0,8.0,8.0,0.0,2.0,10.0,8.0,0.0,0.0,8.0,7.0,0.0,0.0,13.0,5.0,0.0,0.0,2.0,14.0,0.0,0.0,16.0,2.0,0.0,0.0,0.0,14.0,8.0,11.0,10.0,0.0,0.0,0.0,0.0,4.0,13.0,14.0,0.0,0.0,0.0,0
840,0.0,0.0,0.0,8.0,15.0,2.0,0.0,0.0,0.0,0.0,2.0,16.0,10.0,0.0,0.0,0.0,0.0,0.0,14.0,13.0,6.0,11.0,0.0,0.0,0.0,6.0,16.0,3.0,13.0,13.0,2.0,0.0,0.0,14.0,16.0,8.0,15.0,16.0,10.0,0.0,0.0,12.0,16.0,16.0,16.0,11.0,1.0,0.0,0.0,0.0,1.0,6.0,16.0,3.0,0.0,0.0,0.0,0.0,0.0,10.0,14.0,0.0,0.0,0.0,4
1042,0.0,0.0,7.0,13.0,16.0,5.0,0.0,0.0,0.0,6.0,15.0,7.0,6.0,14.0,0.0,0.0,0.0,9.0,5.0,1.0,10.0,9.0,0.0,0.0,0.0,0.0,0.0,8.0,16.0,5.0,0.0,0.0,0.0,0.0,0.0,1.0,6.0,15.0,1.0,0.0,0.0,0.0,0.0,0.0,0.0,1.0,12.0,0.0,0.0,0.0,4.0,5.0,2.0,5.0,13.0,0.0,0.0,0.0,6.0,12.0,16.0,14.0,5.0,0.0,3
927,0.0,2.0,13.0,16.0,10.0,0.0,0.0,0.0,0.0,12.0,15.0,9.0,16.0,2.0,0.0,0.0,0.0,10.0,8.0,1.0,16.0,6.0,0.0,0.0,0.0,1.0,1.0,2.0,16.0,6.0,0.0,0.0,0.0,0.0,0.0,10.0,15.0,2.0,0.0,0.0,0.0,0.0,2.0,15.0,9.0,0.0,0.0,0.0,0.0,2.0,15.0,16.0,9.0,8.0,6.0,0.0,0.0,1.0,13.0,16.0,16.0,16.0,16.0,3.0,2
1118,0.0,0.0,3.0,11.0,14.0,12.0,3.0,0.0,0.0,2.0,13.0,10.0,4.0,10.0,12.0,0.0,0.0,2.0,11.0,2.0,0.0,9.0,9.0,0.0,0.0,0.0,0.0,3.0,10.0,10.0,1.0,0.0,0.0,0.0,7.0,16.0,16.0,2.0,0.0,0.0,0.0,0.0,3.0,0.0,14.0,3.0,0.0,0.0,0.0,0.0,0.0,1.0,13.0,2.0,0.0,0.0,0.0,3.0,7.0,14.0,5.0,0.0,0.0,0.0,3
329,0.0,0.0,3.0,14.0,16.0,8.0,0.0,0.0,0.0,3.0,15.0,8.0,4.0,15.0,1.0,0.0,0.0,8.0,10.0,0.0,3.0,16.0,8.0,0.0,0.0,3.0,15.0,13.0,16.0,14.0,1.0,0.0,0.0,0.0,2.0,5.0,16.0,4.0,0.0,0.0,0.0,0.0,0.0,8.0,11.0,0.0,0.0,0.0,0.0,0.0,0.0,15.0,2.0,0.0,0.0,0.0,0.0,0.0,2.0,13.0,0.0,0.0,0.0,0.0,9
1119,0.0,0.0,11.0,12.0,2.0,0.0,0.0,0.0,0.0,0.0,15.0,8.0,13.0,2.0,0.0,0.0,0.0,0.0,7.0,11.0,9.0,9.0,0.0,0.0,0.0,4.0,12.0,12.0,16.0,7.0,0.0,0.0,0.0,2.0,10.0,12.0,9.0,12.0,1.0,0.0,0.0,0.0,0.0,0.0,0.0,7.0,11.0,0.0,0.0,0.0,0.0,0.0,0.0,0.0,16.0,2.0,0.0,0.0,6.0,12.0,12.0,13.0,11.0,0.0,9
1264,0.0,0.0,0.0,14.0,10.0,0.0,0.0,0.0,0.0,3.0,14.0,16.0,13.0,0.0,0.0,0.0,2.0,16.0,16.0,16.0,5.0,0.0,0.0,0.0,1.0,11.0,14.0,15.0,1.0,0.0,0.0,0.0,0.0,0.0,8.0,16.0,1.0,0.0,0.0,0.0,0.0,0.0,7.0,16.0,1.0,0.0,0.0,0.0,0.0,0.0,1.0,15.0,5.0,0.0,0.0,0.0,0.0,0.0,0.0,13.0,13.0,0.0,0.0,0.0,1
947,0.0,0.0,3.0,15.0,4.0,0.0,0.0,0.0,0.0,0.0,0.0,15.0,11.0,0.0,0.0,0.0,0.0,0.0,0.0,15.0,16.0,2.0,0.0,0.0,0.0,0.0,0.0,14.0,16.0,8.0,0.0,0.0,0.0,0.0,0.0,7.0,13.0,14.0,0.0,0.0,0.0,0.0,0.0,0.0,4.0,16.0,4.0,0.0,0.0,0.0,3.0,9.0,13.0,16.0,12.0,5.0,0.0,0.0,3.0,15.0,16.0,16.0,16.0,16.0,1
970,0.0,0.0,0.0,3.0,16.0,2.0,0.0,0.0,0.0,0.0,0.0,10.0,13.0,3.0,8.0,0.0,0.0,0.0,1.0,16.0,5.0,9.0,16.0,0.0,0.0,2.0,12.0,14.0,5.0,15.0,9.0,0.0,0.0,12.0,16.0,16.0,16.0,16.0,7.0,0.0,0.0,5.0,5.0,6.0,14.0,16.0,0.0,0.0,0.0,0.0,0.0,1.0,13.0,12.0,0.0,0.0,0.0,0.0,0.0,3.0,16.0,4.0,0.0,0.0,4
1548,0.0,0.0,4.0,16.0,16.0,9.0,0.0,0.0,0.0,0.0,1.0,9.0,10.0,16.0,1.0,0.0,0.0,0.0,0.0,5.0,15.0,16.0,1.0,0.0,0.0,0.0,0.0,10.0,16.0,5.0,0.0,0.0,0.0,0.0,0.0,2.0,16.0,6.0,0.0,0.0,0.0,0.0,0.0,0.0,10.0,10.0,0.0,0.0,0.0,0.0,11.0,8.0,12.0,14.0,1.0,0.0,0.0,0.0,5.0,13.0,16.0,15.0,0.0,0.0,3
1134,0.0,0.0,3.0,16.0,12.0,2.0,0.0,0.0,0.0,0.0,6.0,16.0,16.0,3.0,0.0,0.0,0.0,0.0,9.0,16.0,16.0,0.0,0.0,0.0,0.0,0.0,9.0,16.0,16.0,1.0,0.0,0.0,0.0,0.0,9.0,16.0,16.0,0.0,0.0,0.0,0.0,0.0,9.0,16.0,13.0,0.0,0.0,0.0,0.0,0.0,7.0,16.0,13.0,0.0,0.0,0.0,0.0,0.0,3.0,14.0,16.0,3.0,0.0,0.0,1
674,0.0,0.0,3.0,13.0,14.0,4.0,0.0,0.0,0.0,0.0,15.0,8.0,7.0,11.0,0.0,0.0,0.0,0.0,16.0,0.0,0.0,11.0,3.0,0.0,0.0,0.0,10.0,6.0,14.0,14.0,1.0,0.0,0.0,0.0,5.0,16.0,14.0,1.0,0.0,0.0,0.0,0.0,12.0,10.0,8.0,12.0,0.0,0.0,0.0,0.0,14.0,3.0,0.0,9.0,8.0,0.0,0.0,0.0,4.0,14.0,15.0,12.0,4.0,0.0,8
93,0.0,0.0,0.0,11.0,16.0,5.0,0.0,0.0,0.0,0.0,0.0,10.0,16.0,5.0,0.0,0.0,0.0,0.0,4.0,16.0,16.0,5.0,0.0,0.0,0.0,11.0,16.0,16.0,16.0,3.0,0.0,0.0,0.0,5.0,8.0,14.0,16.0,2.0,0.0,0.0,0.0,0.0,0.0,14.0,16.0,2.0,0.0,0.0,0.0,0.0,0.0,11.0,16.0,2.0,0.0,0.0,0.0,0.0,0.0,8.0,16.0,8.0,0.0,0.0,1
1445,0.0,0.0,2.0,12.0,7.0,0.0,0.0,0.0,0.0,0.0,15.0,14.0,15.0,6.0,0.0,0.0,0.0,6.0,10.0,4.0,2.0,14.0,1.0,0.0,0.0,8.0,8.0,0.0,0.0,8.0,5.0,0.0,0.0,7.0,8.0,0.0,0.0,4.0,8.0,0.0,0.0,2.0,14.0,0.0,0.0,5.0,6.0,0.0,0.0,0.0,9.0,12.0,4.0,14.0,3.0,0.0,0.0,0.0,1.0,13.0,15.0,9.0,0.0,0.0,0
1073,0.0,0.0,2.0,15.0,16.0,15.0,0.0,0.0,0.0,0.0,12.0,9.0,11.0,12.0,0.0,0.0,0.0,5.0,15.0,0.0,13.0,7.0,0.0,0.0,0.0,5.0,6.0,3.0,14.0,5.0,2.0,0.0,0.0,0.0,0.0,9.0,16.0,16.0,9.0,0.0,0.0,0.0,7.0,16.0,9.0,2.0,0.0,0.0,0.0,0.0,1.0,15.0,3.0,0.0,0.0,0.0,0.0,0.0,3.0,16.0,0.0,0.0,0.0,0.0,7
1353,0.0,0.0,0.0,14.0,14.0,1.0,0.0,0.0,0.0,0.0,6.0,16.0,12.0,0.0,0.0,0.0,0.0,0.0,12.0,16.0,2.0,0.0,0.0,0.0,0.0,0.0,16.0,16.0,16.0,9.0,0.0,0.0,0.0,1.0,16.0,15.0,8.0,14.0,9.0,0.0,0.0,0.0,14.0,12.0,0.0,12.0,13.0,0.0,0.0,0.0,6.0,14.0,7.0,16.0,10.0,0.0,0.0,0.0,1.0,13.0,16.0,13.0,1.0,0.0,6
1251,0.0,0.0,5.0,14.0,15.0,2.0,0.0,0.0,0.0,6.0,16.0,10.0,15.0,8.0,0.0,0.0,0.0,1.0,4.0,0.0,8.0,8.0,0.0,0.0,0.0,0.0,1.0,7.0,16.0,16.0,8.0,0.0,0.0,0.0,13.0,16.0,16.0,4.0,0.0,0.0,0.0,0.0,6.0,10.0,9.0,0.0,0.0,0.0,0.0,0.0,0.0,13.0,4.0,0.0,0.0,0.0,0.0,0.0,5.0,15.0,2.0,0.0,0.0,0.0,7
1308,0.0,0.0,0.0,0.0,5.0,15.0,1.0,0.0,0.0,0.0,0.0,0.0,11.0,16.0,1.0,0.0,0.0,0.0,0.0,8.0,15.0,16.0,3.0,0.0,0.0,2.0,13.0,15.0,5.0,16.0,0.0,0.0,0.0,8.0,14.0,2.0,3.0,16.0,0.0,0.0,0.0,0.0,0.0,0.0,4.0,15.0,0.0,0.0,0.0,0.0,0.0,0.0,5.0,15.0,0.0,0.0,0.0,0.0,0.0,0.0,5.0,16.0,1.0,0.0,1
441,0.0,0.0,4.0,15.0,12.0,2.0,0.0,0.0,0.0,2.0,15.0,7.0,11.0,10.0,0.0,0.0,0.0,4.0,16.0,0.0,0.0,15.0,1.0,0.0,0.0,6.0,10.0,0.0,0.0,10.0,8.0,0.0,0.0,8.0,8.0,0.0,0.0,6.0,8.0,0.0,0.0,5.0,12.0,0.0,0.0,11.0,8.0,0.0,0.0,2.0,16.0,7.0,8.0,16.0,2.0,0.0,0.0,0.0,6.0,15.0,16.0,8.0,0.0,0.0,0
816,0.0,0.0,2.0,10.0,14.0,9.0,0.0,0.0,0.0,2.0,14.0,11.0,12.0,16.0,0.0,0.0,0.0,4.0,16.0,1.0,0.0,15.0,0.0,0.0,0.0,2.0,13.0,12.0,7.0,13.0,0.0,0.0,0.0,0.0,1.0,8.0,16.0,12.0,0.0,0.0,0.0,0.0,0.0,4.0,14.0,15.0,4.0,0.0,0.0,0.0,0.0,13.0,7.0,14.0,4.0,0.0,0.0,0.0,0.0,14.0,15.0,10.0,0.0,0.0,8
779,0.0,1.0,13.0,16.0,12.0,1.0,0.0,0.0,0.0,1.0,9.0,5.0,16.0,1.0,0.0,0.0,0.0,0.0,0.0,9.0,5.0,0.0,0.0,0.0,0.0,0.0,9.0,10.0,0.0,0.0,0.0,0.0,0.0,0.0,8.0,15.0,16.0,11.0,1.0,0.0,0.0,0.0,0.0,0.0,2.0,12.0,7.0,0.0,0.0,0.0,2.0,4.0,6.0,15.0,3.0,0.0,0.0,0.0,14.0,16.0,11.0,5.0,0.0,0.0,3
1531,0.0,2.0,15.0,13.0,2.0,0.0,0.0,0.0,0.0,7.0,16.0,13.0,15.0,0.0,0.0,0.0,0.0,11.0,11.0,5.0,16.0,4.0,0.0,0.0,0.0,1.0,1.0,7.0,16.0,1.0,0.0,0.0,0.0,0.0,0.0,12.0,11.0,0.0,0.0,0.0,0.0,0.0,4.0,16.0,8.0,8.0,2.0,0.0,0.0,0.0,12.0,16.0,16.0,16.0,11.0,0.0,0.0,2.0,15.0,13.0,6.0,4.0,1.0,0.0,2
893,0.0,1.0,13.0,16.0,16.0,16.0,12.0,1.0,0.0,6.0,16.0,14.0,12.0,11.0,5.0,0.0,0.0,2.0,15.0,15.0,5.0,0.0,0.0,0.0,0.0,0.0,8.0,14.0,15.0,1.0,0.0,0.0,0.0,0.0,0.0,3.0,16.0,6.0,0.0,0.0,0.0,0.0,0.0,3.0,16.0,5.0,0.0,0.0,0.0,0.0,7.0,10.0,16.0,4.0,0.0,0.0,0.0,0.0,15.0,16.0,10.0,0.0,0.0,0.0,5
685,0.0,0.0,0.0,0.0,8.0,15.0,9.0,0.0,0.0,0.0,1.0,12.0,8.0,2.0,11.0,0.0,0.0,0.0,10.0,11.0,0.0,11.0,8.0,0.0,0.0,5.0,16.0,14.0,15.0,15.0,3.0,0.0,0.0,2.0,12.0,10.0,4.0,14.0,0.0,0.0,0.0,0.0,0.0,0.0,6.0,9.0,0.0,0.0,0.0,0.0,0.0,0.0,9.0,6.0,0.0,0.0,0.0,0.0,0.0,0.0,9.0,6.0,0.0,0.0,9
1235,0.0,0.0,11.0,8.0,12.0,5.0,0.0,0.0,0.0,1.0,15.0,11.0,6.0,14.0,2.0,0.0,0.0,4.0,11.0,0.0,0.0,9.0,4.0,0.0,0.0,4.0,8.0,0.0,0.0,8.0,6.0,0.0,0.0,6.0,7.0,0.0,0.0,11.0,3.0,0.0,0.0,5.0,8.0,0.0,5.0,13.0,0.0,0.0,0.0,3.0,13.0,5.0,15.0,3.0,0.0,0.0,0.0,0.0,9.0,14.0,4.0,0.0,0.0,0.0,0
1025,0.0,0.0,9.0,13.0,16.0,5.0,0.0,0.0,0.0,3.0,16.0,8.0,4.0,13.0,0.0,0.0,0.0,6.0,10.0,1.0,0.0,9.0,2.0,0.0,0.0,5.0,4.0,0.0,0.0,4.0,8.0,0.0,0.0,8.0,4.0,0.0,0.0,4.0,8.0,0.0,0.0,6.0,6.0,0.0,0.0,4.0,9.0,0.0,0.0,0.0,13.0,2.0,0.0,7.0,8.0,0.0,0.0,0.0,8.0,12.0,13.0,15.0,2.0,0.0,0
1742,0.0,4.0,15.0,15.0,8.0,0.0,0.0,0.0,0.0,8.0,16.0,16.0,16.0,3.0,0.0,0.0,0.0,1.0,0.0,1.0,15.0,5.0,0.0,0.0,0.0,0.0,0.0,0.0,11.0,6.0,0.0,0.0,0.0,0.0,0.0,3.0,15.0,2.0,0.0,0.0,0.0,0.0,4.0,15.0,16.0,14.0,6.0,0.0,0.0,6.0,16.0,16.0,15.0,11.0,3.0,0.0,0.0,7.0,14.0,11.0,0.0,0.0,0.0,0.0,2
406,0.0,0.0,3.0,12.0,11.0,1.0,0.0,0.0,0.0,1.0,14.0,14.0,15.0,8.0,0.0,0.0,0.0,3.0,16.0,2.0,5.0,16.0,1.0,0.0,0.0,4.0,16.0,0.0,0.0,14.0,6.0,0.0,0.0,4.0,16.0,0.0,0.0,11.0,8.0,0.0,0.0,3.0,16.0,2.0,0.0,10.0,8.0,0.0,0.0,0.0,10.0,15.0,13.0,16.0,3.0,0.0,0.0,0.0,1.0,15.0,14.0,6.0,0.0,0.0,0
856,0.0,1.0,13.0,13.0,10.0,0.0,0.0,0.0,0.0,1.0,13.0,16.0,15.0,0.0,0.0,0.0,0.0,0.0,12.0,16.0,16.0,0.0,0.0,0.0,0.0,0.0,16.0,16.0,12.0,0.0,0.0,0.0,0.0,0.0,15.0,16.0,13.0,1.0,0.0,0.0,0.0,0.0,15.0,16.0,11.0,0.0,0.0,0.0,0.0,0.0,16.0,16.0,16.0,5.0,0.0,0.0,0.0,0.0,14.0,16.0,15.0,8.0,1.0,0.0,1
156,0.0,0.0,0.0,16.0,7.0,0.0,0.0,0.0,0.0,0.0,6.0,16.0,4.0,0.0,0.0,0.0,0.0,0.0,11.0,15.0,0.0,0.0,0.0,0.0,0.0,0.0,12.0,12.0,0.0,0.0,0.0,0.0,0.0,0.0,15.0,16.0,16.0,8.0,0.0,0.0,0.0,0.0,12.0,16.0,13.0,15.0,8.0,0.0,0.0,0.0,12.0,16.0,7.0,13.0,15.0,0.0,0.0,0.0,1.0,11.0,16.0,15.0,9.0,0.0,6
938,0.0,0.0,10.0,12.0,12.0,15.0,4.0,0.0,0.0,0.0,16.0,8.0,8.0,5.0,3.0,0.0,0.0,4.0,15.0,8.0,6.0,0.0,0.0,0.0,0.0,6.0,15.0,12.0,14.0,8.0,0.0,0.0,0.0,0.0,1.0,0.0,2.0,16.0,0.0,0.0,0.0,0.0,0.0,0.0,0.0,14.0,3.0,0.0,0.0,0.0,11.0,4.0,8.0,15.0,3.0,0.0,0.0,0.0,10.0,16.0,15.0,5.0,0.0,0.0,5
231,0.0,0.0,5.0,11.0,16.0,16.0,8.0,0.0,0.0,0.0,15.0,14.0,8.0,12.0,15.0,0.0,0.0,0.0,0.0,0.0,2.0,14.0,9.0,0.0,0.0,0.0,0.0,0.0,11.0,12.0,1.0,0.0,0.0,0.0,0.0,1.0,16.0,5.0,0.0,0.0,0.0,0.0,0.0,1.0,14.0,9.0,0.0,0.0,0.0,0.0,1.0,4.0,15.0,9.0,0.0,0.0,0.0,0.0,7.0,16.0,11.0,2.0,0.0,0.0,3
781,0.0,2.0,13.0,16.0,16.0,16.0,15.0,2.0,0.0,8.0,16.0,12.0,8.0,4.0,1.0,0.0,0.0,5.0,16.0,13.0,1.0,0.0,0.0,0.0,0.0,0.0,8.0,16.0,8.0,0.0,0.0,0.0,0.0,0.0,0.0,10.0,16.0,0.0,0.0,0.0,0.0,0.0,0.0,9.0,16.0,0.0,0.0,0.0,0.0,0.0,3.0,13.0,12.0,0.0,0.0,0.0,0.0,2.0,16.0,16.0,6.0,0.0,0.0,0.0,5
699,0.0,0.0,2.0,12.0,16.0,10.0,0.0,0.0,0.0,3.0,15.0,10.0,7.0,16.0,4.0,0.0,0.0,9.0,8.0,0.0,11.0,10.0,0.0,0.0,0.0,3.0,15.0,11.0,14.0,1.0,0.0,0.0,0.0,0.0,10.0,16.0,9.0,0.0,0.0,0.0,0.0,0.0,14.0,7.0,13.0,4.0,0.0,0.0,0.0,0.0,9.0,7.0,6.0,10.0,0.0,0.0,0.0,0.0,1.0,12.0,16.0,5.0,0.0,0.0,8
42,0.0,0.0,0.0,0.0,12.0,5.0,0.0,0.0,0.0,0.0,0.0,2.0,16.0,12.0,0.0,0.0,0.0,0.0,1.0,12.0,16.0,11.0,0.0,0.0,0.0,2.0,12.0,16.0,16.0,10.0,0.0,0.0,0.0,6.0,11.0,5.0,15.0,6.0,0.0,0.0,0.0,0.0,0.0,1.0,16.0,9.0,0.0,0.0,0.0,0.0,0.0,2.0,16.0,11.0,0.0,0.0,0.0,0.0,0.0,3.0,16.0,8.0,0.0,0.0,1
622,0.0,0.0,0.0,11.0,16.0,10.0,0.0,0.0,0.0,0.0,9.0,16.0,10.0,7.0,0.0,0.0,0.0,3.0,16.0,8.0,0.0,0.0,0.0,0.0,0.0,9.0,16.0,13.0,4.0,0.0,0.0,0.0,0.0,10.0,16.0,8.0,16.0,7.0,0.0,0.0,0.0,4.0,16.0,3.0,7.0,16.0,2.0,0.0,0.0,0.0,13.0,13.0,8.0,16.0,5.0,0.0,0.0,0.0,1.0,11.0,16.0,16.0,1.0,0.0,6
168,0.0,0.0,6.0,15.0,13.0,3.0,0.0,0.0,0.0,0.0,13.0,14.0,15.0,12.0,0.0,0.0,0.0,0.0,14.0,11.0,13.0,15.0,5.0,0.0,0.0,0.0,9.0,16.0,15.0,8.0,0.0,0.0,0.0,2.0,16.0,16.0,16.0,2.0,0.0,0.0,0.0,8.0,16.0,2.0,14.0,10.0,0.0,0.0,0.0,5.0,16.0,9.0,14.0,11.0,0.0,0.0,0.0,0.0,8.0,14.0,13.0,2.0,0.0,0.0,8
1557,0.0,0.0,2.0,10.0,12.0,2.0,0.0,0.0,0.0,0.0,11.0,16.0,13.0,10.0,0.0,0.0,0.0,0.0,9.0,7.0,2.0,15.0,0.0,0.0,0.0,0.0,3.0,2.0,3.0,15.0,0.0,0.0,0.0,0.0,0.0,0.0,10.0,10.0,0.0,0.0,0.0,0.0,2.0,7.0,16.0,7.0,0.0,0.0,0.0,0.0,9.0,16.0,16.0,16.0,16.0,3.0,0.0,0.0,3.0,13.0,9.0,8.0,4.0,0.0,2
1011,0.0,0.0,0.0,6.0,16.0,0.0,0.0,0.0,0.0,0.0,0.0,12.0,13.0,0.0,0.0,0.0,0.0,0.0,5.0,15.0,3.0,6.0,15.0,0.0,0.0,1.0,14.0,11.0,0.0,13.0,13.0,0.0,0.0,10.0,16.0,13.0,12.0,16.0,5.0,0.0,0.0,11.0,12.0,12.0,16.0,14.0,2.0,0.0,0.0,0.0,0.0,3.0,16.0,9.0,0.0,0.0,0.0,0.0,0.0,8.0,16.0,3.0,0.0,0.0,4
1527,0.0,0.0,1.0,12.0,16.0,16.0,12.0,0.0,0.0,0.0,7.0,16.0,11.0,12.0,9.0,0.0,0.0,0.0,6.0,7.0,0.0,14.0,4.0,0.0,0.0,0.0,0.0,0.0,6.0,16.0,3.0,0.0,0.0,0.0,0.0,10.0,16.0,16.0,9.0,0.0,0.0,0.0,0.0,8.0,15.0,5.0,0.0,0.0,0.0,0.0,0.0,8.0,10.0,0.0,0.0,0.0,0.0,0.0,0.0,16.0,5.0,0.0,0.0,0.0,7
1410,0.0,0.0,4.0,15.0,15.0,4.0,0.0,0.0,0.0,6.0,16.0,16.0,12.0,14.0,0.0,0.0,0.0,11.0,11.0,6.0,14.0,12.0,0.0,0.0,0.0,3.0,14.0,13.0,14.0,1.0,0.0,0.0,0.0,0.0,12.0,16.0,5.0,0.0,0.0,0.0,0.0,1.0,16.0,13.0,9.0,0.0,0.0,0.0,0.0,0.0,13.0,10.0,15.0,0.0,0.0,0.0,0.0,0.0,3.0,15.0,15.0,0.0,0.0,0.0,8
34,0.0,0.0,0.0,5.0,14.0,2.0,0.0,0.0,0.0,0.0,1.0,13.0,11.0,0.0,0.0,0.0,0.0,0.0,5.0,16.0,2.0,0.0,0.0,0.0,0.0,0.0,6.0,15.0,5.0,0.0,0.0,0.0,0.0,1.0,15.0,16.0,15.0,11.0,1.0,0.0,0.0,2.0,13.0,14.0,1.0,12.0,9.0,0.0,0.0,0.0,4.0,16.0,7.0,13.0,9.0,0.0,0.0,0.0,0.0,5.0,16.0,15.0,3.0,0.0,6
245,0.0,3.0,11.0,15.0,12.0,7.0,1.0,0.0,0.0,4.0,16.0,13.0,11.0,9.0,6.0,0.0,0.0,4.0,15.0,0.0,0.0,0.0,0.0,0.0,0.0,3.0,16.0,8.0,0.0,0.0,0.0,0.0,0.0,0.0,11.0,16.0,8.0,0.0,0.0,0.0,0.0,0.0,0.0,13.0,12.0,0.0,0.0,0.0,0.0,1.0,7.0,16.0,3.0,0.0,0.0,0.0,0.0,5.0,13.0,6.0,0.0,0.0,0.0,0.0,5
1135,0.0,0.0,11.0,16.0,12.0,12.0,16.0,7.0,0.0,3.0,16.0,9.0,8.0,16.0,10.0,0.0,0.0,1.0,10.0,0.0,6.0,14.0,2.0,0.0,0.0,0.0,1.0,8.0,15.0,15.0,11.0,0.0,0.0,0.0,12.0,16.0,15.0,7.0,2.0,0.0,0.0,0.0,4.0,13.0,7.0,0.0,0.0,0.0,0.0,0.0,4.0,16.0,3.0,0.0,0.0,0.0,0.0,0.0,12.0,12.0,0.0,0.0,0.0,0.0,7
606,0.0,0.0,2.0,15.0,3.0,0.0,0.0,0.0,0.0,0.0,4.0,16.0,4.0,0.0,0.0,0.0,0.0,0.0,4.0,16.0,5.0,0.0,0.0,0.0,0.0,0.0,14.0,16.0,6.0,0.0,0.0,0.0,0.0,0.0,7.0,15.0,7.0,0.0,0.0,0.0,0.0,0.0,2.0,10.0,9.0,0.0,0.0,0.0,0.0,0.0,16.0,16.0,15.0,9.0,16.0,5.0,0.0,0.0,3.0,15.0,16.0,15.0,7.0,1.0,1
572,0.0,0.0,10.0,12.0,0.0,0.0,0.0,0.0,0.0,0.0,8.0,16.0,1.0,0.0,0.0,0.0,0.0,0.0,9.0,16.0,1.0,0.0,0.0,0.0,0.0,0.0,12.0,16.0,5.0,0.0,0.0,0.0,0.0,0.0,13.0,16.0,10.0,0.0,0.0,0.0,0.0,0.0,1.0,10.0,15.0,0.0,0.0,0.0,0.0,0.0,7.0,12.0,16.0,12.0,12.0,4.0,0.0,0.0,7.0,16.0,16.0,16.0,16.0,11.0,1
661,0.0,1.0,10.0,12.0,15.0,11.0,0.0,0.0,0.0,8.0,16.0,13.0,9.0,4.0,0.0,0.0,0.0,5.0,15.0,1.0,0.0,0.0,0.0,0.0,0.0,8.0,10.0,0.0,0.0,0.0,0.0,0.0,0.0,2.0,14.0,16.0,7.0,0.0,0.0,0.0,0.0,0.0,1.0,4.0,13.0,7.0,0.0,0.0,0.0,0.0,0.0,6.0,11.0,11.0,0.0,0.0,0.0,0.0,9.0,16.0,14.0,2.0,0.0,0.0,5
1415,0.0,0.0,4.0,14.0,16.0,4.0,0.0,0.0,0.0,0.0,12.0,8.0,9.0,12.0,0.0,0.0,0.0,2.0,11.0,0.0,0.0,12.0,3.0,0.0,0.0,4.0,7.0,0.0,0.0,5.0,8.0,0.0,0.0,6.0,4.0,0.0,0.0,4.0,8.0,0.0,0.0,4.0,9.0,0.0,0.0,6.0,8.0,0.0,0.0,0.0,14.0,9.0,6.0,15.0,2.0,0.0,0.0,0.0,4.0,16.0,15.0,5.0,0.0,0.0,0
198,0.0,0.0,0.0,2.0,15.0,4.0,0.0,0.0,0.0,0.0,0.0,8.0,15.0,1.0,0.0,0.0,0.0,0.0,1.0,14.0,12.0,0.0,0.0,0.0,0.0,0.0,6.0,16.0,12.0,0.0,0.0,0.0,0.0,0.0,13.0,16.0,15.0,4.0,2.0,0.0,0.0,9.0,16.0,16.0,16.0,16.0,11.0,0.0,0.0,3.0,8.0,8.0,16.0,3.0,0.0,0.0,0.0,0.0,0.0,3.0,15.0,0.0,0.0,0.0,4
240,0.0,0.0,7.0,15.0,6.0,0.0,0.0,0.0,0.0,0.0,2.0,14.0,15.0,2.0,0.0,0.0,0.0,0.0,0.0,5.0,16.0,6.0,0.0,0.0,0.0,0.0,0.0,5.0,16.0,9.0,2.0,0.0,0.0,5.0,14.0,16.0,15.0,11.0,4.0,0.0,0.0,5.0,7.0,12.0,11.0,0.0,0.0,0.0,0.0,0.0,4.0,15.0,1.0,0.0,0.0,0.0,0.0,0.0,10.0,11.0,0.0,0.0,0.0,0.0,7
449,0.0,0.0,5.0,14.0,9.0,0.0,0.0,0.0,0.0,1.0,16.0,13.0,16.0,0.0,0.0,0.0,0.0,2.0,13.0,10.0,14.0,0.0,0.0,0.0,0.0,0.0,4.0,16.0,16.0,7.0,0.0,0.0,0.0,0.0,2.0,4.0,5.0,16.0,4.0,0.0,0.0,0.0,0.0,0.0,0.0,14.0,7.0,0.0,0.0,0.0,11.0,8.0,8.0,16.0,4.0,0.0,0.0,0.0,8.0,13.0,15.0,10.0,0.0,0.0,3
671,0.0,1.0,13.0,16.0,16.0,11.0,1.0,0.0,0.0,8.0,16.0,16.0,13.0,11.0,1.0,0.0,0.0,11.0,13.0,1.0,0.0,0.0,0.0,0.0,0.0,10.0,13.0,2.0,0.0,0.0,0.0,0.0,0.0,2.0,14.0,15.0,6.0,0.0,0.0,0.0,0.0,0.0,0.0,8.0,16.0,6.0,0.0,0.0,0.0,0.0,6.0,9.0,15.0,9.0,0.0,0.0,0.0,0.0,13.0,16.0,15.0,3.0,0.0,0.0,5
145,0.0,4.0,15.0,16.0,16.0,16.0,4.0,0.0,0.0,4.0,16.0,15.0,9.0,7.0,1.0,0.0,0.0,0.0,15.0,14.0,1.0,0.0,0.0,0.0,0.0,0.0,5.0,16.0,9.0,0.0,0.0,0.0,0.0,0.0,0.0,14.0,16.0,0.0,0.0,0.0,0.0,0.0,0.0,9.0,16.0,5.0,0.0,0.0,0.0,3.0,10.0,13.0,16.0,4.0,0.0,0.0,0.0,5.0,16.0,16.0,12.0,0.0,0.0,0.0,5
668,0.0,0.0,8.0,15.0,12.0,1.0,0.0,0.0,0.0,8.0,13.0,8.0,12.0,6.0,0.0,0.0,0.0,4.0,2.0,0.0,8.0,6.0,0.0,0.0,0.0,0.0,0.0,1.0,13.0,2.0,0.0,0.0,0.0,0.0,0.0,9.0,7.0,0.0,0.0,0.0,0.0,0.0,5.0,13.0,0.0,4.0,4.0,0.0,0.0,0.0,10.0,12.0,9.0,15.0,11.0,0.0,0.0,0.0,9.0,16.0,9.0,7.0,1.0,0.0,2
951,0.0,3.0,16.0,16.0,16.0,2.0,0.0,0.0,0.0,4.0,14.0,10.0,5.0,0.0,0.0,0.0,0.0,6.0,16.0,16.0,10.0,3.0,0.0,0.0,0.0,4.0,15.0,12.0,14.0,13.0,0.0,0.0,0.0,0.0,2.0,0.0,1.0,15.0,8.0,0.0,0.0,0.0,0.0,0.0,0.0,8.0,13.0,0.0,0.0,3.0,16.0,10.0,7.0,9.0,16.0,0.0,0.0,3.0,13.0,15.0,16.0,16.0,8.0,0.0,5
748,0.0,0.0,10.0,16.0,16.0,13.0,0.0,0.0,0.0,4.0,16.0,15.0,12.0,4.0,0.0,0.0,0.0,8.0,16.0,4.0,0.0,0.0,0.0,0.0,0.0,4.0,16.0,11.0,6.0,1.0,0.0,0.0,0.0,0.0,8.0,16.0,16.0,13.0,2.0,0.0,0.0,0.0,0.0,1.0,7.0,14.0,12.0,0.0,0.0,0.0,0.0,6.0,13.0,16.0,10.0,0.0,0.0,0.0,12.0,16.0,14.0,6.0,0.0,0.0,5
603,0.0,0.0,2.0,15.0,6.0,0.0,0.0,0.0,0.0,0.0,10.0,14.0,0.0,5.0,0.0,0.0,0.0,0.0,13.0,9.0,9.0,16.0,3.0,0.0,0.0,6.0,15.0,6.0,16.0,3.0,0.0,0.0,0.0,9.0,13.0,12.0,15.0,12.0,8.0,0.0,0.0,9.0,16.0,16.0,14.0,7.0,2.0,0.0,0.0,1.0,7.0,16.0,7.0,0.0,0.0,0.0,0.0,0.0,2.0,16.0,7.0,0.0,0.0,0.0,4
191,0.0,0.0,15.0,15.0,2.0,0.0,0.0,0.0,0.0,0.0,8.0,15.0,11.0,0.0,0.0,0.0,0.0,0.0,0.0,12.0,14.0,0.0,0.0,0.0,0.0,0.0,7.0,12.0,16.0,13.0,9.0,0.0,0.0,7.0,16.0,16.0,16.0,10.0,5.0,0.0,0.0,1.0,5.0,16.0,14.0,0.0,0.0,0.0,0.0,0.0,9.0,15.0,3.0,0.0,0.0,0.0,0.0,2.0,16.0,4.0,0.0,0.0,0.0,0.0,7
534,0.0,0.0,0.0,9.0,16.0,6.0,0.0,0.0,0.0,0.0,4.0,15.0,6.0,15.0,0.0,0.0,0.0,0.0,8.0,11.0,9.0,11.0,0.0,0.0,0.0,0.0,8.0,16.0,14.0,2.0,0.0,0.0,0.0,0.0,11.0,16.0,13.0,0.0,0.0,0.0,0.0,6.0,14.0,2.0,12.0,9.0,0.0,0.0,0.0,5.0,16.0,11.0,5.0,13.0,4.0,0.0,0.0,0.0,3.0,8.0,13.0,16.0,9.0,0.0,8
445,0.0,0.0,3.0,10.0,13.0,7.0,0.0,0.0,0.0,1.0,14.0,13.0,15.0,14.0,0.0,0.0,0.0,0.0,15.0,5.0,14.0,9.0,0.0,0.0,0.0,0.0,0.0,10.0,16.0,5.0,0.0,0.0,0.0,0.0,0.0,7.0,14.0,16.0,3.0,0.0,0.0,4.0,5.0,0.0,2.0,16.0,4.0,0.0,0.0,10.0,16.0,10.0,8.0,16.0,3.0,0.0,0.0,0.0,5.0,12.0,14.0,8.0,0.0,0.0,3
1093,0.0,0.0,0.0,7.0,11.0,0.0,0.0,0.0,0.0,0.0,1.0,16.0,10.0,0.0,0.0,0.0,0.0,0.0,7.0,11.0,0.0,0.0,0.0,0.0,0.0,0.0,11.0,8.0,1.0,1.0,0.0,0.0,0.0,0.0,12.0,16.0,16.0,15.0,5.0,0.0,0.0,0.0,14.0,11.0,0.0,1.0,15.0,0.0,0.0,0.0,6.0,11.0,1.0,3.0,14.0,2.0,0.0,0.0,0.0,8.0,16.0,16.0,7.0,0.0,6
925,0.0,0.0,6.0,14.0,13.0,3.0,0.0,0.0,0.0,0.0,14.0,10.0,7.0,13.0,0.0,0.0,0.0,4.0,13.0,0.0,0.0,12.0,3.0,0.0,0.0,5.0,11.0,0.0,0.0,7.0,6.0,0.0,0.0,4.0,11.0,0.0,0.0,4.0,8.0,0.0,0.0,2.0,12.0,0.0,0.0,6.0,6.0,0.0,0.0,0.0,12.0,8.0,2.0,14.0,2.0,0.0,0.0,0.0,4.0,15.0,16.0,9.0,0.0,0.0,0
999,0.0,0.0,9.0,15.0,14.0,2.0,0.0,0.0,0.0,0.0,9.0,3.0,9.0,8.0,0.0,0.0,0.0,0.0,0.0,0.0,6.0,10.0,0.0,0.0,0.0,0.0,0.0,10.0,15.0,2.0,0.0,0.0,0.0,0.0,2.0,10.0,11.0,15.0,2.0,0.0,0.0,3.0,1.0,0.0,0.0,14.0,4.0,0.0,0.0,10.0,13.0,7.0,2.0,12.0,4.0,0.0,0.0,0.0,7.0,14.0,16.0,10.0,0.0,0.0,3
854,0.0,0.0,4.0,12.0,14.0,5.0,0.0,0.0,0.0,0.0,11.0,16.0,16.0,16.0,3.0,0.0,0.0,3.0,16.0,14.0,2.0,16.0,7.0,0.0,0.0,8.0,16.0,7.0,0.0,16.0,6.0,0.0,0.0,4.0,16.0,4.0,3.0,16.0,4.0,0.0,0.0,4.0,16.0,5.0,10.0,14.0,0.0,0.0,0.0,0.0,14.0,16.0,16.0,10.0,0.0,0.0,0.0,0.0,4.0,14.0,14.0,2.0,0.0,0.0,0
1611,0.0,0.0,10.0,14.0,0.0,0.0,0.0,0.0,0.0,1.0,16.0,7.0,1.0,7.0,0.0,0.0,0.0,0.0,15.0,7.0,12.0,16.0,2.0,0.0,0.0,0.0,10.0,16.0,16.0,4.0,0.0,0.0,0.0,0.0,0.0,9.0,14.0,0.0,0.0,0.0,0.0,0.0,0.0,14.0,10.0,0.0,0.0,0.0,0.0,0.0,5.0,16.0,2.0,0.0,0.0,0.0,0.0,0.0,11.0,12.0,0.0,0.0,0.0,0.0,4
641,0.0,0.0,5.0,14.0,14.0,8.0,2.0,0.0,0.0,3.0,15.0,3.0,0.0,13.0,8.0,0.0,0.0,5.0,12.0,0.0,2.0,15.0,8.0,0.0,0.0,2.0,15.0,9.0,14.0,14.0,8.0,0.0,0.0,0.0,1.0,3.0,0.0,12.0,5.0,0.0,0.0,0.0,0.0,0.0,0.0,12.0,4.0,0.0,0.0,6.0,15.0,2.0,0.0,14.0,1.0,0.0,0.0,1.0,7.0,14.0,12.0,9.0,0.0,0.0,9
1342,0.0,0.0,10.0,16.0,14.0,2.0,0.0,0.0,0.0,3.0,16.0,9.0,8.0,14.0,0.0,0.0,0.0,5.0,16.0,3.0,2.0,15.0,6.0,0.0,0.0,5.0,16.0,3.0,0.0,12.0,10.0,0.0,0.0,7.0,14.0,0.0,0.0,12.0,11.0,0.0,0.0,7.0,16.0,1.0,3.0,16.0,5.0,0.0,0.0,4.0,16.0,7.0,12.0,11.0,1.0,0.0,0.0,0.0,10.0,16.0,14.0,3.0,0.0,0.0,0
601,0.0,0.0,6.0,16.0,4.0,0.0,0.0,0.0,0.0,0.0,4.0,16.0,9.0,0.0,0.0,0.0,0.0,0.0,7.0,16.0,12.0,0.0,0.0,0.0,0.0,0.0,13.0,16.0,15.0,0.0,0.0,0.0,0.0,0.0,13.0,15.0,16.0,2.0,0.0,0.0,0.0,0.0,1.0,2.0,15.0,8.0,0.0,0.0,0.0,0.0,6.0,9.0,14.0,15.0,13.0,7.0,0.0,0.0,5.0,15.0,16.0,16.0,15.0,3.0,1
1159,0.0,2.0,14.0,16.0,6.0,0.0,0.0,0.0,0.0,12.0,14.0,12.0,15.0,0.0,0.0,0.0,0.0,11.0,2.0,8.0,12.0,0.0,0.0,0.0,0.0,0.0,0.0,11.0,11.0,0.0,0.0,0.0,0.0,0.0,2.0,16.0,4.0,0.0,0.0,0.0,0.0,0.0,7.0,13.0,0.0,0.0,0.0,0.0,0.0,1.0,14.0,13.0,8.0,8.0,7.0,0.0,0.0,2.0,15.0,16.0,16.0,15.0,8.0,0.0,2
1692,0.0,0.0,3.0,10.0,15.0,8.0,0.0,0.0,0.0,0.0,12.0,14.0,8.0,1.0,0.0,0.0,0.0,1.0,16.0,3.0,0.0,0.0,0.0,0.0,0.0,2.0,16.0,9.0,11.0,16.0,3.0,0.0,0.0,4.0,16.0,14.0,9.0,15.0,7.0,0.0,0.0,1.0,4.0,0.0,0.0,15.0,3.0,0.0,0.0,0.0,0.0,3.0,12.0,8.0,0.0,0.0,0.0,0.0,2.0,10.0,8.0,0.0,0.0,0.0,5
461,0.0,0.0,10.0,13.0,2.0,0.0,0.0,0.0,0.0,0.0,12.0,16.0,10.0,0.0,0.0,0.0,0.0,0.0,7.0,14.0,16.0,0.0,0.0,0.0,0.0,0.0,0.0,2.0,16.0,1.0,0.0,0.0,0.0,0.0,0.0,2.0,16.0,1.0,0.0,0.0,0.0,0.0,4.0,8.0,15.0,0.0,0.0,0.0,0.0,0.0,16.0,16.0,16.0,13.0,11.0,0.0,0.0,0.0,8.0,14.0,8.0,11.0,14.0,1.0,2
64,0.0,0.0,0.0,6.0,16.0,4.0,0.0,0.0,0.0,0.0,1.0,13.0,15.0,1.0,0.0,0.0,0.0,1.0,11.0,16.0,5.0,0.0,0.0,0.0,0.0,8.0,16.0,10.0,0.0,10.0,6.0,0.0,0.0,12.0,16.0,8.0,9.0,16.0,12.0,0.0,0.0,2.0,15.0,16.0,16.0,16.0,7.0,0.0,0.0,0.0,0.0,4.0,16.0,11.0,0.0,0.0,0.0,0.0,0.0,7.0,16.0,3.0,0.0,0.0,4
900,0.0,0.0,0.0,4.0,15.0,6.0,0.0,0.0,0.0,0.0,0.0,13.0,13.0,1.0,0.0,0.0,0.0,0.0,7.0,16.0,2.0,0.0,0.0,0.0,0.0,4.0,15.0,8.0,0.0,5.0,0.0,0.0,0.0,11.0,14.0,1.0,6.0,16.0,5.0,0.0,1.0,16.0,14.0,12.0,16.0,16.0,3.0,0.0,0.0,10.0,12.0,10.0,16.0,10.0,0.0,0.0,0.0,0.0,0.0,6.0,16.0,2.0,0.0,0.0,4
538,0.0,0.0,3.0,13.0,15.0,1.0,0.0,0.0,0.0,4.0,15.0,14.0,15.0,10.0,0.0,0.0,0.0,13.0,13.0,2.0,13.0,9.0,0.0,0.0,0.0,14.0,10.0,0.0,15.0,9.0,0.0,0.0,0.0,1.0,1.0,2.0,16.0,4.0,0.0,0.0,0.0,0.0,0.0,9.0,15.0,1.0,0.0,0.0,0.0,0.0,2.0,15.0,16.0,16.0,16.0,6.0,0.0,0.0,2.0,15.0,16.0,10.0,12.0,4.0,2
1009,0.0,0.0,4.0,15.0,16.0,13.0,13.0,10.0,0.0,0.0,12.0,13.0,10.0,15.0,14.0,2.0,0.0,2.0,16.0,6.0,2.0,14.0,6.0,0.0,0.0,1.0,5.0,0.0,9.0,11.0,0.0,0.0,0.0,0.0,7.0,12.0,16.0,14.0,6.0,0.0,0.0,0.0,8.0,15.0,15.0,11.0,2.0,0.0,0.0,0.0,2.0,16.0,8.0,0.0,0.0,0.0,0.0,0.0,7.0,15.0,4.0,0.0,0.0,0.0,7
1150,0.0,1.0,14.0,16.0,16.0,11.0,2.0,0.0,0.0,0.0,14.0,9.0,2.0,10.0,11.0,0.0,0.0,0.0,5.0,16.0,5.0,14.0,5.0,0.0,0.0,0.0,0.0,12.0,16.0,16.0,5.0,0.0,0.0,0.0,7.0,14.0,14.0,8.0,0.0,0.0,0.0,1.0,14.0,3.0,6.0,11.0,0.0,0.0,0.0,4.0,8.0,0.0,8.0,11.0,0.0,0.0,0.0,2.0,13.0,12.0,15.0,2.0,0.0,0.0,8
409,0.0,0.0,3.0,13.0,13.0,1.0,0.0,0.0,0.0,0.0,10.0,15.0,16.0,7.0,0.0,0.0,0.0,0.0,5.0,3.0,15.0,10.0,0.0,0.0,0.0,0.0,0.0,0.0,16.0,15.0,1.0,0.0,0.0,2.0,7.0,0.0,4.0,16.0,8.0,0.0,0.0,5.0,13.0,0.0,0.0,14.0,9.0,0.0,0.0,0.0,14.0,11.0,9.0,16.0,8.0,0.0,0.0,0.0,3.0,12.0,13.0,8.0,0.0,0.0,3
1400,0.0,0.0,7.0,14.0,11.0,1.0,0.0,0.0,0.0,6.0,15.0,6.0,7.0,10.0,0.0,0.0,0.0,11.0,7.0,0.0,2.0,12.0,0.0,0.0,0.0,5.0,4.0,0.0,1.0,12.0,0.0,0.0,0.0,0.0,0.0,0.0,3.0,9.0,0.0,0.0,0.0,0.0,0.0,0.0,11.0,3.0,0.0,0.0,0.0,0.0,0.0,9.0,13.0,2.0,3.0,0.0,0.0,0.0,7.0,16.0,16.0,16.0,16.0,6.0,2
236,0.0,0.0,9.0,15.0,16.0,5.0,0.0,0.0,0.0,0.0,16.0,16.0,16.0,13.0,0.0,0.0,0.0,0.0,0.0,3.0,16.0,11.0,0.0,0.0,0.0,0.0,2.0,7.0,16.0,13.0,10.0,0.0,0.0,2.0,15.0,16.0,16.0,12.0,4.0,0.0,0.0,3.0,13.0,16.0,10.0,0.0,0.0,0.0,0.0,0.0,7.0,16.0,2.0,0.0,0.0,0.0,0.0,0.0,12.0,13.0,0.0,0.0,0.0,0.0,7
1694,0.0,0.0,5.0,14.0,16.0,16.0,3.0,0.0,0.0,0.0,7.0,16.0,16.0,16.0,5.0,0.0,0.0,0.0,0.0,0.0,8.0,16.0,0.0,0.0,0.0,0.0,9.0,14.0,16.0,16.0,13.0,0.0,0.0,2.0,16.0,16.0,15.0,7.0,1.0,0.0,0.0,0.0,1.0,14.0,10.0,0.0,0.0,0.0,0.0,0.0,3.0,16.0,5.0,0.0,0.0,0.0,0.0,0.0,7.0,13.0,0.0,0.0,0.0,0.0,7
1421,0.0,0.0,1.0,13.0,4.0,0.0,0.0,0.0,0.0,0.0,12.0,13.0,1.0,0.0,0.0,0.0,0.0,1.0,16.0,2.0,0.0,0.0,0.0,0.0,0.0,5.0,16.0,8.0,4.0,2.0,0.0,0.0,0.0,5.0,16.0,14.0,16.0,15.0,3.0,0.0,0.0,3.0,13.0,1.0,0.0,9.0,9.0,0.0,0.0,0.0,11.0,12.0,4.0,11.0,11.0,0.0,0.0,0.0,2.0,13.0,16.0,13.0,1.0,0.0,6
812,0.0,0.0,2.0,10.0,15.0,7.0,0.0,0.0,0.0,0.0,14.0,15.0,7.0,15.0,2.0,0.0,0.0,4.0,16.0,3.0,0.0,11.0,4.0,0.0,0.0,4.0,14.0,0.0,0.0,7.0,8.0,0.0,0.0,7.0,12.0,0.0,0.0,6.0,7.0,0.0,0.0,4.0,16.0,1.0,0.0,12.0,4.0,0.0,0.0,1.0,14.0,12.0,10.0,16.0,1.0,0.0,0.0,0.0,1.0,14.0,13.0,5.0,0.0,0.0,0
679,0.0,0.0,13.0,16.0,16.0,16.0,8.0,0.0,0.0,2.0,16.0,13.0,8.0,4.0,1.0,0.0,0.0,7.0,16.0,1.0,0.0,0.0,0.0,0.0,0.0,11.0,15.0,12.0,5.0,0.0,0.0,0.0,0.0,5.0,16.0,16.0,16.0,3.0,0.0,0.0,0.0,0.0,0.0,6.0,16.0,2.0,0.0,0.0,0.0,0.0,3.0,15.0,9.0,0.0,0.0,0.0,0.0,0.0,11.0,14.0,0.0,0.0,0.0,0.0,5
360,0.0,0.0,1.0,13.0,7.0,0.0,0.0,0.0,0.0,0.0,7.0,14.0,2.0,0.0,0.0,0.0,0.0,0.0,13.0,5.0,0.0,0.0,0.0,0.0,0.0,0.0,16.0,3.0,0.0,0.0,0.0,0.0,0.0,3.0,16.0,10.0,12.0,12.0,3.0,0.0,0.0,3.0,16.0,11.0,5.0,9.0,12.0,0.0,0.0,1.0,13.0,11.0,4.0,13.0,11.0,0.0,0.0,0.0,1.0,12.0,16.0,11.0,2.0,0.0,6
1105,0.0,0.0,2.0,14.0,14.0,6.0,0.0,0.0,0.0,0.0,10.0,15.0,11.0,15.0,2.0,0.0,0.0,3.0,16.0,3.0,0.0,12.0,6.0,0.0,0.0,3.0,9.0,0.0,0.0,9.0,10.0,0.0,0.0,10.0,11.0,0.0,0.0,8.0,12.0,0.0,0.0,7.0,16.0,1.0,0.0,11.0,13.0,0.0,0.0,0.0,15.0,14.0,12.0,15.0,10.0,0.0,0.0,0.0,3.0,14.0,16.0,13.0,5.0,0.0,0
930,0.0,0.0,9.0,12.0,14.0,2.0,0.0,0.0,0.0,0.0,12.0,6.0,4.0,0.0,0.0,0.0,0.0,0.0,12.0,1.0,3.0,0.0,0.0,0.0,0.0,0.0,9.0,16.0,16.0,12.0,0.0,0.0,0.0,0.0,4.0,4.0,0.0,12.0,6.0,0.0,0.0,0.0,0.0,0.0,0.0,4.0,12.0,0.0,0.0,0.0,9.0,7.0,4.0,10.0,11.0,0.0,0.0,0.0,9.0,14.0,16.0,14.0,5.0,0.0,5
1379,0.0,0.0,8.0,16.0,13.0,2.0,0.0,0.0,0.0,2.0,16.0,8.0,11.0,14.0,1.0,0.0,0.0,3.0,16.0,1.0,12.0,16.0,5.0,0.0,0.0,0.0,12.0,16.0,16.0,13.0,9.0,0.0,0.0,0.0,0.0,4.0,2.0,9.0,14.0,0.0,0.0,0.0,4.0,5.0,0.0,8.0,13.0,0.0,0.0,1.0,16.0,11.0,1.0,13.0,7.0,0.0,0.0,0.0,8.0,15.0,16.0,15.0,1.0,0.0,9
182,0.0,0.0,5.0,16.0,12.0,2.0,0.0,0.0,0.0,0.0,4.0,11.0,16.0,10.0,0.0,0.0,0.0,0.0,0.0,0.0,14.0,11.0,0.0,0.0,0.0,0.0,2.0,4.0,14.0,14.0,2.0,0.0,0.0,0.0,13.0,16.0,16.0,10.0,4.0,0.0,0.0,0.0,3.0,10.0,14.0,0.0,0.0,0.0,0.0,0.0,0.0,15.0,5.0,0.0,0.0,0.0,0.0,0.0,6.0,11.0,0.0,0.0,0.0,0.0,7
1106,0.0,0.0,5.0,15.0,13.0,2.0,0.0,0.0,0.0,1.0,15.0,11.0,8.0,13.0,0.0,0.0,0.0,5.0,14.0,0.0,0.0,14.0,5.0,0.0,0.0,9.0,16.0,1.0,0.0,7.0,9.0,0.0,0.0,9.0,13.0,0.0,0.0,5.0,14.0,0.0,0.0,6.0,16.0,2.0,0.0,5.0,15.0,0.0,0.0,2.0,14.0,11.0,5.0,14.0,12.0,0.0,0.0,0.0,5.0,15.0,16.0,15.0,3.0,0.0,0
702,0.0,0.0,3.0,8.0,11.0,11.0,1.0,0.0,0.0,0.0,3.0,16.0,16.0,12.0,0.0,0.0,0.0,0.0,2.0,15.0,16.0,12.0,0.0,0.0,0.0,0.0,0.0,16.0,16.0,7.0,0.0,0.0,0.0,0.0,1.0,15.0,16.0,10.0,0.0,0.0,0.0,0.0,1.0,16.0,16.0,6.0,0.0,0.0,0.0,0.0,3.0,16.0,16.0,5.0,0.0,0.0,0.0,0.0,2.0,15.0,16.0,6.0,0.0,0.0,1
1784,0.0,0.0,1.0,10.0,14.0,13.0,1.0,0.0,0.0,0.0,8.0,12.0,6.0,4.0,0.0,0.0,0.0,0.0,14.0,4.0,0.0,0.0,0.0,0.0,0.0,5.0,16.0,12.0,13.0,12.0,0.0,0.0,0.0,2.0,11.0,11.0,8.0,14.0,4.0,0.0,0.0,0.0,0.0,0.0,0.0,16.0,4.0,0.0,0.0,0.0,0.0,0.0,6.0,15.0,2.0,0.0,0.0,0.0,0.0,12.0,14.0,4.0,0.0,0.0,5
225,0.0,0.0,0.0,7.0,15.0,1.0,0.0,0.0,0.0,0.0,0.0,15.0,16.0,1.0,0.0,0.0,0.0,0.0,9.0,16.0,16.0,2.0,0.0,0.0,0.0,2.0,16.0,16.0,16.0,0.0,0.0,0.0,0.0,10.0,16.0,16.0,16.0,16.0,8.0,0.0,0.0,8.0,15.0,15.0,14.0,8.0,5.0,0.0,0.0,0.0,0.0,11.0,12.0,0.0,0.0,0.0,0.0,0.0,0.0,6.0,15.0,1.0,0.0,0.0,4
1510,0.0,0.0,0.0,12.0,10.0,0.0,0.0,0.0,0.0,0.0,4.0,15.0,7.0,0.0,0.0,0.0,0.0,0.0,15.0,4.0,0.0,0.0,0.0,0.0,0.0,1.0,16.0,7.0,1.0,0.0,0.0,0.0,0.0,4.0,16.0,14.0,16.0,13.0,1.0,0.0,0.0,1.0,16.0,0.0,1.0,10.0,11.0,0.0,0.0,0.0,14.0,9.0,1.0,8.0,12.0,0.0,0.0,0.0,2.0,10.0,16.0,16.0,5.0,0.0,6
1786,0.0,0.0,4.0,14.0,15.0,6.0,0.0,0.0,0.0,5.0,16.0,16.0,16.0,16.0,0.0,0.0,0.0,5.0,16.0,16.0,16.0,16.0,3.0,0.0,0.0,0.0,2.0,8.0,13.0,16.0,5.0,0.0,0.0,0.0,0.0,0.0,8.0,16.0,6.0,0.0,0.0,0.0,0.0,0.0,4.0,16.0,8.0,0.0,0.0,0.0,1.0,6.0,13.0,16.0,6.0,0.0,0.0,0.0,4.0,13.0,15.0,9.0,0.0,0.0,9
635,0.0,0.0,4.0,13.0,12.0,6.0,0.0,0.0,0.0,4.0,15.0,5.0,10.0,16.0,0.0,0.0,0.0,4.0,16.0,1.0,11.0,16.0,0.0,0.0,0.0,1.0,10.0,16.0,13.0,16.0,2.0,0.0,0.0,0.0,0.0,4.0,0.0,15.0,3.0,0.0,0.0,0.0,0.0,0.0,0.0,12.0,4.0,0.0,0.0,0.0,6.0,6.0,0.0,9.0,8.0,0.0,0.0,0.0,5.0,12.0,15.0,16.0,7.0,0.0,9
331,0.0,0.0,11.0,16.0,15.0,5.0,0.0,0.0,0.0,8.0,16.0,14.0,16.0,8.0,0.0,0.0,0.0,11.0,10.0,0.0,16.0,8.0,0.0,0.0,0.0,3.0,1.0,6.0,16.0,2.0,0.0,0.0,0.0,0.0,1.0,15.0,10.0,0.0,0.0,0.0,0.0,0.0,11.0,15.0,1.0,0.0,0.0,0.0,0.0,0.0,16.0,14.0,12.0,12.0,8.0,0.0,0.0,1.0,15.0,16.0,16.0,14.0,8.0,0.0,2
974,0.0,0.0,8.0,14.0,11.0,2.0,0.0,0.0,0.0,6.0,16.0,7.0,6.0,13.0,1.0,0.0,0.0,8.0,11.0,0.0,0.0,10.0,4.0,0.0,0.0,7.0,8.0,0.0,0.0,5.0,7.0,0.0,0.0,8.0,4.0,0.0,0.0,7.0,8.0,0.0,0.0,2.0,10.0,0.0,0.0,7.0,10.0,0.0,0.0,0.0,14.0,3.0,4.0,15.0,3.0,0.0,0.0,0.0,5.0,16.0,16.0,7.0,0.0,0.0,0
1086,0.0,0.0,11.0,16.0,16.0,10.0,0.0,0.0,1.0,14.0,16.0,9.0,11.0,16.0,1.0,0.0,1.0,14.0,3.0,0.0,12.0,14.0,0.0,0.0,0.0,0.0,0.0,6.0,16.0,7.0,0.0,0.0,0.0,0.0,0.0,0.0,8.0,16.0,5.0,0.0,0.0,0.0,0.0,0.0,0.0,12.0,10.0,0.0,0.0,0.0,2.0,4.0,5.0,14.0,13.0,0.0,0.0,0.0,11.0,16.0,16.0,16.0,4.0,0.0,3
266,0.0,0.0,4.0,13.0,8.0,0.0,0.0,0.0,0.0,0.0,13.0,16.0,15.0,7.0,0.0,0.0,0.0,3.0,16.0,9.0,6.0,15.0,6.0,0.0,0.0,8.0,14.0,0.0,0.0,4.0,8.0,0.0,0.0,8.0,12.0,0.0,0.0,4.0,8.0,0.0,0.0,4.0,12.0,0.0,0.0,11.0,6.0,0.0,0.0,0.0,14.0,10.0,12.0,14.0,1.0,0.0,0.0,0.0,7.0,15.0,11.0,2.0,0.0,0.0,0
1609,0.0,0.0,0.0,6.0,12.0,0.0,0.0,0.0,0.0,0.0,0.0,13.0,13.0,0.0,0.0,0.0,0.0,0.0,7.0,16.0,2.0,0.0,0.0,0.0,0.0,0.0,10.0,12.0,0.0,2.0,0.0,0.0,0.0,0.0,13.0,14.0,16.0,14.0,0.0,0.0,0.0,0.0,11.0,16.0,14.0,13.0,6.0,0.0,0.0,0.0,5.0,13.0,9.0,16.0,5.0,0.0,0.0,0.0,0.0,6.0,15.0,12.0,1.0,0.0,6
1345,0.0,0.0,0.0,14.0,14.0,1.0,0.0,0.0,0.0,0.0,3.0,16.0,14.0,0.0,0.0,0.0,0.0,0.0,10.0,16.0,2.0,0.0,0.0,0.0,0.0,0.0,16.0,16.0,8.0,3.0,0.0,0.0,0.0,3.0,16.0,15.0,8.0,14.0,2.0,0.0,0.0,0.0,16.0,11.0,0.0,11.0,10.0,0.0,0.0,0.0,9.0,14.0,7.0,16.0,10.0,0.0,0.0,0.0,0.0,12.0,16.0,14.0,1.0,0.0,6
1522,0.0,0.0,0.0,1.0,10.0,16.0,8.0,0.0,0.0,1.0,8.0,15.0,16.0,16.0,9.0,0.0,0.0,10.0,16.0,13.0,11.0,16.0,8.0,0.0,0.0,1.0,4.0,0.0,10.0,16.0,4.0,0.0,0.0,0.0,0.0,0.0,12.0,16.0,0.0,0.0,0.0,0.0,0.0,0.0,12.0,16.0,0.0,0.0,0.0,0.0,0.0,0.0,12.0,16.0,3.0,0.0,0.0,0.0,0.0,0.0,10.0,16.0,7.0,0.0,1
1537,0.0,0.0,1.0,8.0,15.0,11.0,3.0,0.0,0.0,0.0,11.0,12.0,9.0,14.0,11.0,0.0,0.0,2.0,14.0,0.0,0.0,13.0,6.0,0.0,0.0,7.0,15.0,8.0,12.0,9.0,0.0,0.0,0.0,0.0,6.0,13.0,16.0,8.0,0.0,0.0,0.0,0.0,0.0,13.0,9.0,15.0,4.0,0.0,0.0,0.0,0.0,16.0,8.0,14.0,3.0,0.0,0.0,0.0,0.0,11.0,15.0,8.0,0.0,0.0,8
260,0.0,0.0,0.0,12.0,4.0,0.0,0.0,0.0,0.0,0.0,6.0,15.0,2.0,0.0,0.0,0.0,0.0,0.0,16.0,5.0,0.0,4.0,4.0,0.0,0.0,4.0,15.0,2.0,3.0,15.0,9.0,0.0,0.0,2.0,15.0,16.0,16.0,16.0,4.0,0.0,0.0,0.0,2.0,8.0,16.0,8.0,0.0,0.0,0.0,0.0,0.0,8.0,15.0,0.0,0.0,0.0,0.0,0.0,0.0,11.0,9.0,0.0,0.0,0.0,4
464,0.0,0.0,4.0,15.0,12.0,1.0,0.0,0.0,0.0,0.0,12.0,11.0,13.0,13.0,1.0,0.0,0.0,3.0,12.0,0.0,0.0,14.0,6.0,0.0,0.0,8.0,12.0,0.0,0.0,11.0,8.0,0.0,0.0,8.0,12.0,0.0,0.0,8.0,8.0,0.0,0.0,6.0,13.0,0.0,0.0,11.0,7.0,0.0,0.0,4.0,16.0,7.0,10.0,15.0,2.0,0.0,0.0,0.0,7.0,13.0,12.0,2.0,0.0,0.0,0
437,0.0,0.0,12.0,15.0,3.0,0.0,0.0,0.0,0.0,6.0,15.0,12.0,14.0,0.0,0.0,0.0,0.0,7.0,5.0,1.0,16.0,2.0,0.0,0.0,0.0,0.0,0.0,0.0,11.0,7.0,0.0,0.0,0.0,0.0,0.0,2.0,15.0,3.0,0.0,0.0,0.0,0.0,0.0,8.0,14.0,1.0,0.0,0.0,0.0,0.0,12.0,16.0,12.0,8.0,5.0,0.0,0.0,0.0,9.0,8.0,13.0,15.0,7.0,0.0,2
62,0.0,0.0,14.0,16.0,14.0,6.0,0.0,0.0,0.0,0.0,7.0,10.0,16.0,16.0,3.0,0.0,0.0,0.0,0.0,5.0,16.0,16.0,1.0,0.0,0.0,0.0,0.0,2.0,16.0,8.0,0.0,0.0,0.0,0.0,0.0,0.0,12.0,13.0,1.0,0.0,0.0,0.0,0.0,0.0,4.0,16.0,7.0,0.0,0.0,0.0,5.0,9.0,14.0,16.0,7.0,0.0,0.0,0.0,13.0,16.0,16.0,10.0,1.0,0.0,3
462,0.0,0.0,1.0,7.0,6.0,11.0,1.0,0.0,0.0,0.0,13.0,11.0,15.0,16.0,7.0,0.0,0.0,0.0,13.0,6.0,11.0,16.0,4.0,0.0,0.0,0.0,3.0,15.0,16.0,7.0,0.0,0.0,0.0,0.0,4.0,15.0,14.0,7.0,0.0,0.0,0.0,1.0,14.0,3.0,1.0,13.0,0.0,0.0,0.0,2.0,12.0,2.0,3.0,12.0,0.0,0.0,0.0,0.0,1.0,10.0,8.0,1.0,0.0,0.0,8
569,0.0,0.0,0.0,6.0,14.0,4.0,0.0,0.0,0.0,0.0,4.0,13.0,2.0,12.0,0.0,0.0,0.0,0.0,8.0,6.0,0.0,12.0,0.0,0.0,0.0,0.0,2.0,12.0,6.0,14.0,0.0,0.0,0.0,0.0,1.0,12.0,16.0,9.0,0.0,0.0,0.0,0.0,13.0,11.0,6.0,11.0,0.0,0.0,0.0,0.0,9.0,11.0,2.0,7.0,8.0,0.0,0.0,0.0,0.0,5.0,10.0,15.0,13.0,0.0,8
1352,0.0,0.0,0.0,14.0,14.0,1.0,0.0,0.0,0.0,0.0,7.0,16.0,10.0,2.0,0.0,0.0,0.0,0.0,14.0,14.0,1.0,0.0,0.0,0.0,0.0,0.0,14.0,16.0,14.0,4.0,0.0,0.0,0.0,1.0,16.0,16.0,8.0,16.0,2.0,0.0,0.0,0.0,14.0,11.0,0.0,13.0,9.0,0.0,0.0,0.0,9.0,14.0,6.0,16.0,7.0,0.0,0.0,0.0,0.0,14.0,16.0,14.0,0.0,0.0,6
596,0.0,0.0,5.0,13.0,2.0,0.0,0.0,0.0,0.0,0.0,4.0,16.0,7.0,0.0,0.0,0.0,0.0,0.0,4.0,16.0,4.0,0.0,0.0,0.0,0.0,0.0,4.0,16.0,6.0,0.0,0.0,0.0,0.0,0.0,9.0,16.0,10.0,0.0,0.0,0.0,0.0,0.0,2.0,11.0,15.0,1.0,0.0,0.0,0.0,0.0,10.0,13.0,16.0,15.0,16.0,9.0,0.0,0.0,3.0,12.0,16.0,16.0,11.0,2.0,1
120,0.0,0.0,6.0,13.0,2.0,0.0,0.0,0.0,0.0,4.0,16.0,16.0,16.0,11.0,0.0,0.0,0.0,0.0,12.0,11.0,1.0,6.0,1.0,0.0,0.0,0.0,12.0,14.0,10.0,2.0,0.0,0.0,0.0,0.0,1.0,8.0,12.0,12.0,0.0,0.0,0.0,0.0,0.0,0.0,9.0,14.0,0.0,0.0,0.0,0.0,4.0,9.0,16.0,5.0,0.0,0.0,0.0,0.0,9.0,14.0,4.0,0.0,0.0,0.0,5
878,0.0,0.0,13.0,15.0,11.0,12.0,11.0,0.0,0.0,4.0,16.0,15.0,16.0,13.0,9.0,1.0,0.0,3.0,16.0,9.0,0.0,0.0,0.0,0.0,0.0,0.0,12.0,16.0,9.0,0.0,0.0,0.0,0.0,0.0,0.0,12.0,14.0,1.0,0.0,0.0,0.0,1.0,1.0,7.0,16.0,2.0,0.0,0.0,0.0,8.0,12.0,11.0,16.0,3.0,0.0,0.0,0.0,1.0,13.0,16.0,12.0,0.0,0.0,0.0,5
80,0.0,0.0,0.0,1.0,14.0,13.0,1.0,0.0,0.0,0.0,0.0,1.0,16.0,16.0,3.0,0.0,0.0,5.0,11.0,15.0,16.0,16.0,0.0,0.0,0.0,4.0,15.0,16.0,16.0,15.0,0.0,0.0,0.0,0.0,0.0,8.0,16.0,7.0,0.0,0.0,0.0,0.0,0.0,10.0,16.0,3.0,0.0,0.0,0.0,0.0,0.0,8.0,16.0,6.0,0.0,0.0,0.0,0.0,0.0,2.0,13.0,15.0,2.0,0.0,1
17,0.0,0.0,1.0,8.0,15.0,10.0,0.0,0.0,0.0,3.0,13.0,15.0,14.0,14.0,0.0,0.0,0.0,5.0,10.0,0.0,10.0,12.0,0.0,0.0,0.0,0.0,3.0,5.0,15.0,10.0,2.0,0.0,0.0,0.0,16.0,16.0,16.0,16.0,12.0,0.0,0.0,1.0,8.0,12.0,14.0,8.0,3.0,0.0,0.0,0.0,0.0,10.0,13.0,0.0,0.0,0.0,0.0,0.0,0.0,11.0,9.0,0.0,0.0,0.0,7
724,0.0,0.0,4.0,12.0,13.0,5.0,0.0,0.0,0.0,0.0,14.0,16.0,16.0,16.0,4.0,0.0,0.0,6.0,13.0,2.0,1.0,11.0,8.0,0.0,0.0,6.0,11.0,0.0,0.0,8.0,8.0,0.0,0.0,4.0,16.0,0.0,0.0,10.0,8.0,0.0,0.0,4.0,16.0,4.0,8.0,16.0,3.0,0.0,0.0,0.0,16.0,16.0,16.0,12.0,0.0,0.0,0.0,0.0,4.0,15.0,14.0,3.0,0.0,0.0,0
1387,0.0,0.0,0.0,6.0,16.0,6.0,0.0,0.0,0.0,0.0,3.0,16.0,9.0,0.0,0.0,0.0,0.0,1.0,13.0,13.0,1.0,2.0,1.0,0.0,0.0,7.0,16.0,5.0,1.0,14.0,10.0,0.0,0.0,12.0,16.0,8.0,12.0,16.0,2.0,0.0,0.0,2.0,12.0,15.0,16.0,11.0,0.0,0.0,0.0,0.0,0.0,8.0,16.0,4.0,0.0,0.0,0.0,0.0,0.0,8.0,15.0,0.0,0.0,0.0,4
374,0.0,0.0,1.0,9.0,16.0,16.0,3.0,0.0,0.0,0.0,14.0,11.0,8.0,16.0,8.0,0.0,0.0,0.0,4.0,0.0,0.0,15.0,6.0,0.0,0.0,0.0,0.0,0.0,7.0,16.0,3.0,0.0,0.0,0.0,6.0,12.0,16.0,16.0,9.0,0.0,0.0,1.0,16.0,14.0,16.0,5.0,0.0,0.0,0.0,0.0,2.0,8.0,16.0,0.0,0.0,0.0,0.0,0.0,0.0,12.0,7.0,0.0,0.0,0.0,7
785,0.0,0.0,5.0,11.0,13.0,3.0,0.0,0.0,0.0,0.0,16.0,13.0,15.0,9.0,0.0,0.0,0.0,4.0,16.0,0.0,13.0,13.0,0.0,0.0,0.0,1.0,11.0,16.0,15.0,15.0,3.0,0.0,0.0,0.0,0.0,0.0,0.0,12.0,7.0,0.0,0.0,0.0,0.0,0.0,0.0,6.0,12.0,0.0,0.0,0.0,6.0,4.0,2.0,9.0,11.0,0.0,0.0,0.0,6.0,13.0,16.0,16.0,6.0,0.0,9
1365,0.0,0.0,5.0,13.0,11.0,1.0,0.0,0.0,0.0,3.0,16.0,11.0,8.0,12.0,0.0,0.0,0.0,5.0,16.0,0.0,0.0,13.0,3.0,0.0,0.0,5.0,13.0,0.0,0.0,6.0,7.0,0.0,0.0,7.0,10.0,0.0,0.0,8.0,7.0,0.0,0.0,4.0,13.0,0.0,1.0,14.0,5.0,0.0,0.0,1.0,15.0,5.0,12.0,10.0,0.0,0.0,0.0,0.0,7.0,16.0,10.0,1.0,0.0,0.0,0
660,0.0,0.0,0.0,1.0,15.0,5.0,0.0,0.0,0.0,0.0,0.0,12.0,16.0,0.0,0.0,0.0,0.0,0.0,7.0,16.0,16.0,3.0,0.0,0.0,0.0,5.0,16.0,8.0,16.0,8.0,3.0,0.0,0.0,11.0,16.0,12.0,16.0,16.0,12.0,0.0,0.0,11.0,16.0,15.0,16.0,7.0,2.0,0.0,0.0,1.0,4.0,2.0,16.0,0.0,0.0,0.0,0.0,0.0,0.0,2.0,14.0,0.0,0.0,0.0,4
629,0.0,0.0,6.0,15.0,9.0,0.0,0.0,0.0,0.0,9.0,16.0,14.0,16.0,1.0,0.0,0.0,0.0,14.0,12.0,3.0,16.0,4.0,0.0,0.0,0.0,9.0,11.0,3.0,16.0,3.0,0.0,0.0,0.0,0.0,2.0,9.0,16.0,0.0,0.0,0.0,0.0,0.0,0.0,13.0,11.0,0.0,0.0,0.0,0.0,0.0,4.0,16.0,12.0,9.0,10.0,3.0,0.0,0.0,8.0,16.0,16.0,16.0,16.0,14.0,2
1680,0.0,1.0,8.0,13.0,16.0,13.0,0.0,0.0,0.0,1.0,13.0,12.0,15.0,16.0,0.0,0.0,0.0,0.0,0.0,5.0,15.0,8.0,0.0,0.0,0.0,0.0,5.0,15.0,5.0,0.0,0.0,0.0,0.0,0.0,6.0,16.0,11.0,1.0,0.0,0.0,0.0,0.0,2.0,13.0,16.0,11.0,0.0,0.0,0.0,0.0,0.0,2.0,14.0,16.0,4.0,0.0,0.0,0.0,13.0,16.0,15.0,7.0,0.0,0.0,3
1682,0.0,0.0,8.0,14.0,16.0,16.0,0.0,0.0,0.0,0.0,14.0,13.0,8.0,8.0,0.0,0.0,0.0,2.0,16.0,6.0,0.0,0.0,0.0,0.0,0.0,6.0,16.0,13.0,16.0,13.0,0.0,0.0,0.0,3.0,16.0,16.0,12.0,16.0,7.0,0.0,0.0,0.0,4.0,1.0,2.0,14.0,6.0,0.0,0.0,0.0,1.0,6.0,16.0,11.0,0.0,0.0,0.0,0.0,11.0,15.0,8.0,1.0,0.0,0.0,5
1161,0.0,0.0,0.0,8.0,15.0,0.0,0.0,0.0,0.0,0.0,5.0,16.0,6.0,0.0,0.0,0.0,0.0,1.0,14.0,10.0,0.0,7.0,7.0,0.0,0.0,5.0,16.0,3.0,1.0,16.0,7.0,0.0,0.0,8.0,16.0,11.0,13.0,16.0,3.0,0.0,0.0,1.0,11.0,15.0,16.0,13.0,3.0,0.0,0.0,0.0,0.0,7.0,16.0,1.0,0.0,0.0,0.0,0.0,0.0,12.0,10.0,0.0,0.0,0.0,4
582,0.0,0.0,0.0,9.0,16.0,6.0,0.0,0.0,0.0,0.0,8.0,16.0,12.0,5.0,0.0,0.0,0.0,2.0,16.0,9.0,0.0,0.0,0.0,0.0,0.0,6.0,16.0,6.0,2.0,0.0,0.0,0.0,0.0,8.0,16.0,16.0,16.0,7.0,0.0,0.0,0.0,2.0,16.0,7.0,7.0,16.0,4.0,0.0,0.0,0.0,9.0,13.0,3.0,14.0,9.0,0.0,0.0,0.0,0.0,8.0,16.0,16.0,7.0,0.0,6
1191,0.0,0.0,2.0,14.0,14.0,0.0,0.0,0.0,0.0,0.0,7.0,16.0,7.0,0.0,0.0,0.0,0.0,0.0,13.0,12.0,0.0,0.0,0.0,0.0,0.0,1.0,16.0,8.0,4.0,2.0,0.0,0.0,0.0,4.0,16.0,16.0,16.0,15.0,3.0,0.0,0.0,2.0,16.0,12.0,4.0,6.0,16.0,2.0,0.0,0.0,13.0,8.0,3.0,6.0,16.0,6.0,0.0,0.0,2.0,13.0,14.0,16.0,12.0,1.0,6
350,0.0,0.0,6.0,15.0,16.0,3.0,0.0,0.0,0.0,3.0,16.0,12.0,15.0,8.0,0.0,0.0,0.0,0.0,4.0,0.0,14.0,6.0,0.0,0.0,0.0,0.0,0.0,2.0,16.0,6.0,2.0,0.0,0.0,0.0,4.0,14.0,16.0,16.0,8.0,0.0,0.0,0.0,15.0,16.0,7.0,0.0,0.0,0.0,0.0,0.0,6.0,16.0,0.0,0.0,0.0,0.0,0.0,0.0,7.0,9.0,0.0,0.0,0.0,0.0,7
1443,0.0,0.0,1.0,14.0,13.0,4.0,0.0,0.0,0.0,3.0,15.0,12.0,11.0,15.0,0.0,0.0,0.0,8.0,11.0,1.0,7.0,13.0,0.0,0.0,0.0,1.0,13.0,14.0,16.0,1.0,0.0,0.0,0.0,0.0,0.0,14.0,13.0,14.0,2.0,0.0,0.0,0.0,2.0,12.0,0.0,9.0,8.0,0.0,0.0,0.0,3.0,13.0,4.0,12.0,6.0,0.0,0.0,0.0,0.0,9.0,14.0,13.0,1.0,0.0,8
885,0.0,1.0,15.0,16.0,16.0,16.0,5.0,0.0,0.0,7.0,16.0,16.0,12.0,9.0,1.0,0.0,0.0,13.0,16.0,3.0,0.0,0.0,0.0,0.0,0.0,5.0,16.0,11.0,0.0,0.0,0.0,0.0,0.0,0.0,10.0,16.0,6.0,0.0,0.0,0.0,0.0,0.0,1.0,15.0,11.0,0.0,0.0,0.0,0.0,1.0,4.0,14.0,12.0,0.0,0.0,0.0,0.0,3.0,15.0,16.0,6.0,0.0,0.0,0.0,5
1082,0.0,0.0,6.0,16.0,15.0,5.0,0.0,0.0,0.0,1.0,16.0,14.0,8.0,15.0,1.0,0.0,0.0,9.0,13.0,1.0,0.0,12.0,6.0,0.0,0.0,5.0,9.0,0.0,0.0,9.0,10.0,0.0,0.0,6.0,9.0,0.0,0.0,9.0,11.0,0.0,0.0,7.0,16.0,1.0,0.0,11.0,11.0,0.0,0.0,3.0,16.0,11.0,13.0,16.0,8.0,0.0,0.0,0.0,8.0,16.0,16.0,12.0,1.0,0.0,0
1709,0.0,0.0,3.0,14.0,15.0,9.0,0.0,0.0,0.0,0.0,10.0,16.0,16.0,13.0,0.0,0.0,0.0,2.0,13.0,16.0,16.0,4.0,0.0,0.0,0.0,0.0,12.0,16.0,16.0,4.0,0.0,0.0,0.0,2.0,13.0,16.0,16.0,4.0,0.0,0.0,0.0,0.0,12.0,16.0,16.0,4.0,0.0,0.0,0.0,0.0,6.0,16.0,16.0,16.0,6.0,0.0,0.0,0.0,2.0,10.0,16.0,16.0,2.0,0.0,1
777,0.0,0.0,4.0,14.0,11.0,0.0,0.0,0.0,0.0,0.0,2.0,16.0,16.0,3.0,0.0,0.0,0.0,0.0,0.0,14.0,16.0,5.0,0.0,0.0,0.0,0.0,0.0,16.0,16.0,3.0,0.0,0.0,0.0,0.0,1.0,15.0,16.0,2.0,0.0,0.0,0.0,0.0,2.0,15.0,13.0,0.0,0.0,0.0,0.0,0.0,4.0,16.0,11.0,0.0,0.0,0.0,0.0,0.0,5.0,16.0,14.0,1.0,0.0,0.0,1
1660,0.0,0.0,11.0,7.0,0.0,0.0,0.0,0.0,0.0,5.0,16.0,3.0,2.0,14.0,3.0,0.0,0.0,9.0,15.0,0.0,12.0,15.0,0.0,0.0,0.0,6.0,16.0,15.0,16.0,5.0,0.0,0.0,0.0,0.0,6.0,15.0,11.0,0.0,0.0,0.0,0.0,0.0,1.0,16.0,4.0,0.0,0.0,0.0,0.0,0.0,9.0,12.0,0.0,0.0,0.0,0.0,0.0,0.0,13.0,10.0,0.0,0.0,0.0,0.0,4
310,0.0,0.0,7.0,16.0,16.0,3.0,0.0,0.0,0.0,7.0,16.0,9.0,14.0,7.0,0.0,0.0,0.0,10.0,9.0,0.0,14.0,5.0,0.0,0.0,0.0,3.0,3.0,4.0,16.0,2.0,0.0,0.0,0.0,0.0,0.0,12.0,11.0,0.0,0.0,0.0,0.0,0.0,6.0,16.0,3.0,0.0,0.0,0.0,0.0,0.0,12.0,15.0,8.0,8.0,3.0,0.0,0.0,0.0,10.0,16.0,16.0,16.0,9.0,0.0,2
611,0.0,0.0,0.0,11.0,16.0,6.0,0.0,0.0,0.0,0.0,9.0,16.0,11.0,2.0,0.0,0.0,0.0,3.0,16.0,11.0,0.0,0.0,0.0,0.0,0.0,6.0,16.0,12.0,4.0,0.0,0.0,0.0,0.0,7.0,16.0,13.0,15.0,11.0,0.0,0.0,0.0,1.0,15.0,8.0,3.0,16.0,5.0,0.0,0.0,0.0,9.0,14.0,5.0,16.0,10.0,0.0,0.0,0.0,0.0,9.0,16.0,16.0,10.0,0.0,6
1248,0.0,1.0,7.0,15.0,16.0,9.0,0.0,0.0,1.0,13.0,14.0,7.0,14.0,14.0,0.0,0.0,0.0,6.0,1.0,8.0,16.0,8.0,0.0,0.0,0.0,0.0,3.0,16.0,9.0,0.0,0.0,0.0,0.0,0.0,0.0,11.0,15.0,6.0,1.0,0.0,0.0,0.0,0.0,0.0,7.0,15.0,11.0,0.0,0.0,0.0,5.0,1.0,0.0,11.0,16.0,2.0,0.0,0.0,10.0,16.0,16.0,16.0,7.0,0.0,3
1254,0.0,0.0,0.0,6.0,16.0,6.0,0.0,0.0,0.0,0.0,5.0,16.0,10.0,0.0,0.0,0.0,0.0,2.0,15.0,14.0,0.0,7.0,1.0,0.0,0.0,6.0,16.0,3.0,3.0,16.0,9.0,0.0,0.0,11.0,16.0,8.0,11.0,16.0,6.0,0.0,0.0,3.0,15.0,16.0,16.0,15.0,1.0,0.0,0.0,0.0,0.0,3.0,16.0,7.0,0.0,0.0,0.0,0.0,0.0,5.0,16.0,3.0,0.0,0.0,4
327,0.0,0.0,2.0,10.0,16.0,4.0,0.0,0.0,1.0,10.0,16.0,16.0,15.0,4.0,0.0,0.0,0.0,16.0,16.0,10.0,1.0,0.0,0.0,0.0,0.0,15.0,16.0,16.0,7.0,0.0,0.0,0.0,0.0,5.0,11.0,5.0,15.0,2.0,0.0,0.0,0.0,0.0,0.0,0.0,11.0,9.0,0.0,0.0,0.0,0.0,3.0,10.0,16.0,9.0,0.0,0.0,0.0,0.0,2.0,16.0,15.0,2.0,0.0,0.0,5
1046,0.0,0.0,3.0,15.0,16.0,16.0,12.0,0.0,0.0,0.0,12.0,12.0,7.0,16.0,6.0,0.0,0.0,4.0,12.0,0.0,9.0,13.0,0.0,0.0,0.0,0.0,1.0,1.0,13.0,7.0,0.0,0.0,0.0,0.0,8.0,13.0,16.0,16.0,6.0,0.0,0.0,0.0,12.0,15.0,12.0,6.0,1.0,0.0,0.0,0.0,0.0,15.0,5.0,0.0,0.0,0.0,0.0,0.0,3.0,16.0,2.0,0.0,0.0,0.0,7
1188,0.0,1.0,9.0,15.0,13.0,4.0,0.0,0.0,0.0,8.0,12.0,4.0,8.0,8.0,0.0,0.0,0.0,9.0,11.0,0.0,5.0,16.0,3.0,0.0,0.0,4.0,13.0,8.0,16.0,16.0,6.0,0.0,0.0,0.0,4.0,8.0,2.0,11.0,9.0,0.0,0.0,0.0,0.0,0.0,0.0,10.0,8.0,0.0,0.0,0.0,7.0,0.0,3.0,14.0,6.0,0.0,0.0,0.0,7.0,16.0,14.0,8.0,0.0,0.0,9
126,0.0,0.0,3.0,12.0,10.0,1.0,0.0,0.0,0.0,1.0,16.0,16.0,16.0,10.0,0.0,0.0,0.0,5.0,16.0,13.0,6.0,16.0,1.0,0.0,0.0,5.0,16.0,7.0,0.0,13.0,3.0,0.0,0.0,5.0,16.0,4.0,0.0,13.0,7.0,0.0,0.0,1.0,16.0,8.0,0.0,14.0,7.0,0.0,0.0,0.0,13.0,14.0,13.0,16.0,3.0,0.0,0.0,0.0,2.0,13.0,15.0,6.0,0.0,0.0,0
1456,0.0,0.0,0.0,5.0,15.0,2.0,0.0,0.0,0.0,0.0,0.0,14.0,10.0,2.0,0.0,0.0,0.0,0.0,12.0,14.0,4.0,15.0,0.0,0.0,0.0,6.0,16.0,4.0,9.0,15.0,8.0,0.0,0.0,14.0,15.0,11.0,15.0,16.0,9.0,0.0,0.0,7.0,15.0,15.0,16.0,11.0,0.0,0.0,0.0,0.0,0.0,3.0,16.0,6.0,0.0,0.0,0.0,0.0,0.0,6.0,16.0,2.0,0.0,0.0,4
1383,0.0,0.0,6.0,12.0,13.0,7.0,0.0,0.0,0.0,0.0,16.0,10.0,16.0,12.0,0.0,0.0,0.0,0.0,13.0,7.0,16.0,9.0,0.0,0.0,0.0,0.0,1.0,15.0,13.0,0.0,0.0,0.0,0.0,0.0,2.0,16.0,13.0,0.0,0.0,0.0,0.0,0.0,10.0,7.0,10.0,2.0,0.0,0.0,0.0,0.0,13.0,4.0,13.0,3.0,0.0,0.0,0.0,0.0,7.0,15.0,9.0,0.0,0.0,0.0,8
593,0.0,0.0,9.0,15.0,13.0,0.0,0.0,0.0,0.0,5.0,14.0,7.0,13.0,2.0,0.0,0.0,0.0,12.0,10.0,1.0,13.0,0.0,0.0,0.0,0.0,4.0,7.0,6.0,11.0,0.0,0.0,0.0,0.0,0.0,0.0,10.0,6.0,0.0,0.0,0.0,0.0,0.0,1.0,15.0,0.0,0.0,0.0,0.0,0.0,0.0,9.0,11.0,0.0,6.0,5.0,0.0,0.0,0.0,11.0,16.0,16.0,16.0,16.0,3.0,2
789,0.0,1.0,12.0,16.0,13.0,2.0,0.0,0.0,0.0,5.0,14.0,6.0,13.0,12.0,0.0,0.0,0.0,0.0,0.0,3.0,15.0,7.0,0.0,0.0,0.0,0.0,2.0,16.0,8.0,0.0,0.0,0.0,0.0,0.0,1.0,12.0,16.0,11.0,1.0,0.0,0.0,0.0,0.0,0.0,5.0,15.0,7.0,0.0,0.0,0.0,6.0,0.0,4.0,14.0,7.0,0.0,0.0,0.0,16.0,16.0,15.0,8.0,1.0,0.0,3
1542,0.0,0.0,2.0,9.0,15.0,12.0,5.0,0.0,0.0,0.0,12.0,11.0,11.0,12.0,11.0,0.0,0.0,1.0,16.0,1.0,0.0,8.0,11.0,0.0,0.0,3.0,15.0,12.0,10.0,15.0,2.0,0.0,0.0,0.0,1.0,11.0,16.0,9.0,0.0,0.0,0.0,0.0,0.0,11.0,15.0,12.0,0.0,0.0,0.0,0.0,0.0,12.0,15.0,8.0,0.0,0.0,0.0,0.0,0.0,10.0,13.0,2.0,0.0,0.0,8
280,0.0,0.0,1.0,11.0,3.0,0.0,0.0,0.0,0.0,0.0,9.0,16.0,0.0,0.0,0.0,0.0,0.0,1.0,16.0,5.0,0.0,1.0,2.0,0.0,0.0,6.0,16.0,2.0,1.0,13.0,10.0,0.0,0.0,7.0,16.0,9.0,15.0,13.0,0.0,0.0,0.0,2.0,9.0,12.0,16.0,1.0,0.0,0.0,0.0,0.0,0.0,14.0,9.0,0.0,0.0,0.0,0.0,0.0,2.0,16.0,7.0,0.0,0.0,0.0,4
953,0.0,3.0,15.0,16.0,7.0,0.0,0.0,0.0,0.0,12.0,13.0,11.0,16.0,0.0,0.0,0.0,0.0,12.0,5.0,4.0,16.0,0.0,0.0,0.0,0.0,0.0,0.0,3.0,16.0,4.0,0.0,0.0,0.0,0.0,0.0,6.0,16.0,3.0,0.0,0.0,0.0,0.0,0.0,11.0,16.0,0.0,0.0,0.0,0.0,1.0,12.0,16.0,14.0,8.0,5.0,0.0,0.0,2.0,13.0,16.0,16.0,16.0,16.0,2.0,2
1393,0.0,0.0,3.0,16.0,14.0,1.0,0.0,0.0,0.0,0.0,11.0,16.0,6.0,0.0,0.0,0.0,0.0,0.0,15.0,9.0,1.0,0.0,0.0,0.0,0.0,3.0,16.0,14.0,16.0,12.0,2.0,0.0,0.0,4.0,16.0,14.0,13.0,11.0,14.0,0.0,0.0,0.0,16.0,5.0,3.0,7.0,16.0,3.0,0.0,0.0,11.0,12.0,8.0,16.0,10.0,0.0,0.0,0.0,2.0,14.0,16.0,12.0,0.0,0.0,6
319,0.0,1.0,10.0,16.0,16.0,6.0,0.0,0.0,0.0,7.0,14.0,9.0,12.0,12.0,0.0,0.0,0.0,1.0,1.0,5.0,15.0,5.0,0.0,0.0,0.0,0.0,3.0,16.0,14.0,3.0,0.0,0.0,0.0,0.0,1.0,11.0,14.0,16.0,6.0,0.0,0.0,0.0,0.0,0.0,0.0,12.0,11.0,0.0,0.0,0.0,7.0,8.0,13.0,16.0,5.0,0.0,0.0,0.0,15.0,16.0,12.0,5.0,0.0,0.0,3
365,0.0,2.0,12.0,13.0,16.0,15.0,1.0,0.0,0.0,8.0,16.0,14.0,11.0,7.0,0.0,0.0,0.0,8.0,16.0,7.0,0.0,0.0,0.0,0.0,0.0,7.0,16.0,16.0,11.0,1.0,0.0,0.0,0.0,0.0,2.0,6.0,15.0,9.0,0.0,0.0,0.0,0.0,0.0,0.0,9.0,15.0,0.0,0.0,0.0,0.0,1.0,7.0,16.0,11.0,0.0,0.0,0.0,1.0,16.0,16.0,13.0,1.0,0.0,0.0,5
594,0.0,0.0,2.0,11.0,15.0,2.0,0.0,0.0,0.0,0.0,12.0,6.0,11.0,9.0,0.0,0.0,0.0,4.0,11.0,0.0,7.0,16.0,0.0,0.0,0.0,5.0,6.0,0.0,1.0,16.0,6.0,0.0,0.0,5.0,4.0,0.0,0.0,10.0,7.0,0.0,0.0,0.0,10.0,0.0,0.0,10.0,5.0,0.0,0.0,0.0,13.0,2.0,6.0,12.0,0.0,0.0,0.0,0.0,4.0,16.0,12.0,1.0,0.0,0.0,0
772,0.0,0.0,2.0,12.0,15.0,3.0,0.0,0.0,0.0,0.0,15.0,15.0,13.0,15.0,0.0,0.0,0.0,2.0,14.0,3.0,1.0,12.0,3.0,0.0,0.0,4.0,8.0,0.0,0.0,8.0,8.0,0.0,0.0,7.0,10.0,0.0,0.0,9.0,5.0,0.0,0.0,1.0,13.0,5.0,3.0,15.0,2.0,0.0,0.0,0.0,7.0,16.0,14.0,15.0,0.0,0.0,0.0,0.0,0.0,10.0,14.0,4.0,0.0,0.0,0
683,0.0,0.0,0.0,1.0,12.0,16.0,14.0,0.0,0.0,0.0,3.0,14.0,13.0,15.0,13.0,0.0,0.0,4.0,16.0,15.0,13.0,16.0,4.0,0.0,0.0,3.0,16.0,16.0,16.0,16.0,3.0,0.0,0.0,0.0,7.0,7.0,14.0,14.0,0.0,0.0,0.0,0.0,0.0,0.0,12.0,11.0,0.0,0.0,0.0,0.0,0.0,0.0,13.0,10.0,0.0,0.0,0.0,0.0,0.0,0.0,13.0,12.0,0.0,0.0,9
415,0.0,0.0,3.0,14.0,10.0,3.0,0.0,0.0,0.0,0.0,10.0,14.0,13.0,15.0,1.0,0.0,0.0,0.0,12.0,4.0,4.0,16.0,4.0,0.0,0.0,0.0,6.0,15.0,15.0,16.0,8.0,0.0,0.0,0.0,1.0,8.0,8.0,14.0,8.0,0.0,0.0,0.0,2.0,0.0,0.0,9.0,11.0,0.0,0.0,0.0,16.0,10.0,8.0,12.0,12.0,0.0,0.0,0.0,7.0,12.0,14.0,14.0,6.0,0.0,9
1504,0.0,0.0,13.0,16.0,16.0,5.0,0.0,0.0,0.0,5.0,15.0,6.0,11.0,13.0,0.0,0.0,0.0,0.0,2.0,2.0,13.0,8.0,0.0,0.0,0.0,0.0,4.0,16.0,15.0,2.0,0.0,0.0,0.0,0.0,3.0,11.0,15.0,16.0,5.0,0.0,0.0,0.0,0.0,0.0,2.0,15.0,11.0,0.0,0.0,0.0,3.0,4.0,9.0,16.0,6.0,0.0,0.0,0.0,15.0,16.0,16.0,10.0,0.0,0.0,3
803,0.0,0.0,8.0,16.0,16.0,11.0,0.0,0.0,0.0,0.0,4.0,8.0,13.0,14.0,0.0,0.0,0.0,0.0,0.0,0.0,13.0,8.0,0.0,0.0,0.0,0.0,3.0,12.0,16.0,8.0,2.0,0.0,0.0,0.0,6.0,16.0,16.0,16.0,9.0,0.0,0.0,0.0,0.0,14.0,8.0,2.0,0.0,0.0,0.0,0.0,3.0,16.0,1.0,0.0,0.0,0.0,0.0,0.0,11.0,12.0,0.0,0.0,0.0,0.0,7
1561,0.0,0.0,0.0,6.0,9.0,0.0,0.0,0.0,0.0,0.0,2.0,15.0,8.0,0.0,0.0,0.0,0.0,0.0,4.0,16.0,5.0,0.0,0.0,0.0,0.0,0.0,9.0,12.0,7.0,12.0,2.0,0.0,0.0,0.0,9.0,16.0,15.0,13.0,6.0,0.0,0.0,0.0,13.0,14.0,2.0,13.0,6.0,0.0,0.0,0.0,14.0,15.0,13.0,16.0,4.0,0.0,0.0,0.0,1.0,10.0,16.0,10.0,0.0,0.0,6
1260,0.0,4.0,13.0,16.0,16.0,15.0,3.0,0.0,0.0,10.0,12.0,7.0,8.0,16.0,8.0,0.0,0.0,0.0,0.0,1.0,12.0,15.0,2.0,0.0,0.0,0.0,0.0,4.0,16.0,10.0,0.0,0.0,0.0,0.0,0.0,8.0,16.0,4.0,0.0,0.0,0.0,0.0,0.0,1.0,16.0,10.0,0.0,0.0,0.0,5.0,7.0,4.0,15.0,13.0,0.0,0.0,0.0,5.0,16.0,16.0,16.0,7.0,0.0,0.0,3
1166,0.0,0.0,9.0,16.0,15.0,3.0,0.0,0.0,0.0,6.0,16.0,11.0,10.0,12.0,0.0,0.0,0.0,7.0,15.0,1.0,1.0,15.0,5.0,0.0,0.0,3.0,16.0,6.0,9.0,16.0,9.0,0.0,0.0,0.0,5.0,11.0,13.0,14.0,10.0,0.0,0.0,0.0,0.0,0.0,0.0,10.0,10.0,0.0,0.0,0.0,0.0,0.0,0.0,13.0,11.0,0.0,0.0,0.0,10.0,16.0,16.0,15.0,6.0,0.0,9
616,0.0,0.0,0.0,15.0,8.0,0.0,0.0,0.0,0.0,0.0,5.0,15.0,2.0,13.0,5.0,0.0,0.0,0.0,13.0,9.0,2.0,15.0,2.0,0.0,0.0,4.0,14.0,1.0,10.0,12.0,2.0,0.0,0.0,10.0,14.0,8.0,16.0,16.0,10.0,0.0,0.0,10.0,16.0,16.0,15.0,5.0,0.0,0.0,0.0,0.0,2.0,12.0,8.0,0.0,0.0,0.0,0.0,0.0,0.0,16.0,5.0,0.0,0.0,0.0,4
1616,0.0,0.0,1.0,13.0,10.0,1.0,0.0,0.0,0.0,0.0,12.0,6.0,7.0,10.0,0.0,0.0,0.0,0.0,10.0,10.0,11.0,15.0,0.0,0.0,0.0,0.0,1.0,14.0,16.0,16.0,5.0,0.0,0.0,0.0,0.0,0.0,0.0,10.0,10.0,0.0,0.0,0.0,0.0,0.0,0.0,5.0,11.0,0.0,0.0,0.0,2.0,4.0,4.0,14.0,11.0,0.0,0.0,0.0,2.0,11.0,15.0,16.0,5.0,0.0,9
1458,0.0,0.0,3.0,15.0,16.0,16.0,5.0,0.0,0.0,0.0,10.0,12.0,10.0,16.0,6.0,0.0,0.0,2.0,15.0,2.0,3.0,16.0,1.0,0.0,0.0,0.0,2.0,3.0,10.0,13.0,2.0,0.0,0.0,0.0,3.0,16.0,16.0,16.0,10.0,0.0,0.0,0.0,0.0,12.0,13.0,7.0,1.0,0.0,0.0,0.0,1.0,16.0,6.0,0.0,0.0,0.0,0.0,0.0,5.0,14.0,2.0,0.0,0.0,0.0,7
183,0.0,0.0,5.0,15.0,13.0,3.0,0.0,0.0,0.0,0.0,12.0,15.0,12.0,14.0,0.0,0.0,0.0,0.0,12.0,12.0,14.0,14.0,0.0,0.0,0.0,0.0,3.0,16.0,14.0,3.0,0.0,0.0,0.0,0.0,9.0,14.0,15.0,3.0,0.0,0.0,0.0,1.0,15.0,5.0,8.0,12.0,1.0,0.0,0.0,0.0,16.0,4.0,4.0,16.0,4.0,0.0,0.0,0.0,5.0,16.0,16.0,12.0,2.0,0.0,8
491,0.0,0.0,6.0,12.0,11.0,0.0,0.0,0.0,0.0,2.0,16.0,14.0,14.0,11.0,0.0,0.0,0.0,8.0,15.0,1.0,8.0,16.0,0.0,0.0,0.0,3.0,15.0,5.0,11.0,16.0,5.0,0.0,0.0,0.0,11.0,16.0,15.0,14.0,8.0,0.0,0.0,0.0,4.0,2.0,3.0,6.0,12.0,0.0,0.0,2.0,16.0,13.0,10.0,14.0,12.0,0.0,0.0,0.0,8.0,12.0,13.0,13.0,5.0,0.0,9
1,0.0,0.0,0.0,12.0,13.0,5.0,0.0,0.0,0.0,0.0,0.0,11.0,16.0,9.0,0.0,0.0,0.0,0.0,3.0,15.0,16.0,6.0,0.0,0.0,0.0,7.0,15.0,16.0,16.0,2.0,0.0,0.0,0.0,0.0,1.0,16.0,16.0,3.0,0.0,0.0,0.0,0.0,1.0,16.0,16.0,6.0,0.0,0.0,0.0,0.0,1.0,16.0,16.0,6.0,0.0,0.0,0.0,0.0,0.0,11.0,16.0,10.0,0.0,0.0,1
246,0.0,4.0,13.0,9.0,8.0,3.0,0.0,0.0,0.0,5.0,16.0,14.0,12.0,12.0,6.0,0.0,0.0,8.0,16.0,1.0,0.0,0.0,0.0,0.0,0.0,3.0,16.0,11.0,1.0,0.0,0.0,0.0,0.0,0.0,8.0,16.0,9.0,0.0,0.0,0.0,0.0,0.0,0.0,10.0,16.0,0.0,0.0,0.0,0.0,1.0,1.0,12.0,14.0,0.0,0.0,0.0,0.0,4.0,14.0,14.0,3.0,0.0,0.0,0.0,5
506,0.0,0.0,3.0,8.0,11.0,13.0,14.0,0.0,0.0,2.0,13.0,16.0,13.0,13.0,13.0,0.0,0.0,1.0,16.0,0.0,0.0,0.0,0.0,0.0,0.0,3.0,16.0,11.0,10.0,1.0,0.0,0.0,0.0,3.0,16.0,14.0,14.0,10.0,0.0,0.0,0.0,0.0,8.0,3.0,9.0,11.0,0.0,0.0,0.0,0.0,7.0,15.0,14.0,11.0,0.0,0.0,0.0,0.0,2.0,12.0,13.0,2.0,0.0,0.0,5
20,0.0,0.0,3.0,13.0,11.0,7.0,0.0,0.0,0.0,0.0,11.0,16.0,16.0,16.0,2.0,0.0,0.0,4.0,16.0,9.0,1.0,14.0,2.0,0.0,0.0,4.0,16.0,0.0,0.0,16.0,2.0,0.0,0.0,0.0,16.0,1.0,0.0,12.0,8.0,0.0,0.0,0.0,15.0,9.0,0.0,13.0,6.0,0.0,0.0,0.0,9.0,14.0,9.0,14.0,1.0,0.0,0.0,0.0,2.0,12.0,13.0,4.0,0.0,0.0,0
879,0.0,0.0,6.0,12.0,13.0,12.0,0.0,0.0,0.0,0.0,14.0,12.0,7.0,16.0,1.0,0.0,0.0,0.0,6.0,6.0,14.0,9.0,0.0,0.0,0.0,0.0,0.0,14.0,11.0,1.0,0.0,0.0,0.0,0.0,0.0,5.0,16.0,5.0,0.0,0.0,0.0,0.0,0.0,0.0,6.0,14.0,1.0,0.0,0.0,0.0,10.0,8.0,3.0,16.0,1.0,0.0,0.0,0.0,4.0,14.0,16.0,12.0,0.0,0.0,3
1650,0.0,0.0,15.0,13.0,13.0,13.0,0.0,0.0,0.0,0.0,16.0,16.0,11.0,3.0,0.0,0.0,0.0,0.0,12.0,13.0,0.0,0.0,0.0,0.0,0.0,0.0,5.0,16.0,3.0,0.0,0.0,0.0,0.0,0.0,0.0,11.0,10.0,0.0,0.0,0.0,0.0,0.0,0.0,10.0,14.0,0.0,0.0,0.0,0.0,0.0,9.0,16.0,10.0,0.0,0.0,0.0,0.0,0.0,11.0,15.0,1.0,0.0,0.0,0.0,5
718,0.0,0.0,0.0,9.0,13.0,3.0,0.0,0.0,0.0,0.0,8.0,15.0,12.0,15.0,2.0,0.0,0.0,0.0,12.0,8.0,0.0,15.0,4.0,0.0,0.0,3.0,13.0,0.0,0.0,10.0,7.0,0.0,0.0,8.0,9.0,0.0,0.0,13.0,7.0,0.0,0.0,2.0,16.0,4.0,7.0,16.0,5.0,0.0,0.0,0.0,14.0,14.0,16.0,15.0,1.0,0.0,0.0,0.0,1.0,12.0,14.0,4.0,0.0,0.0,0
832,0.0,0.0,14.0,10.0,0.0,0.0,0.0,0.0,0.0,0.0,15.0,13.0,0.0,0.0,0.0,0.0,0.0,11.0,16.0,16.0,2.0,0.0,0.0,0.0,0.0,3.0,10.0,16.0,5.0,0.0,0.0,0.0,0.0,0.0,0.0,14.0,10.0,0.0,0.0,0.0,0.0,0.0,0.0,10.0,14.0,0.0,0.0,0.0,0.0,0.0,9.0,14.0,16.0,11.0,6.0,0.0,0.0,0.0,12.0,16.0,16.0,16.0,16.0,9.0,1
1253,0.0,0.0,11.0,16.0,9.0,8.0,0.0,0.0,0.0,0.0,14.0,13.0,6.0,15.0,2.0,0.0,0.0,0.0,9.0,6.0,6.0,10.0,0.0,0.0,0.0,0.0,1.0,14.0,13.0,0.0,0.0,0.0,0.0,0.0,1.0,13.0,8.0,0.0,0.0,0.0,0.0,0.0,5.0,7.0,12.0,0.0,0.0,0.0,0.0,0.0,13.0,0.0,10.0,0.0,0.0,0.0,0.0,0.0,13.0,14.0,8.0,0.0,0.0,0.0,8
666,0.0,0.0,5.0,15.0,14.0,3.0,0.0,0.0,0.0,0.0,13.0,15.0,9.0,15.0,2.0,0.0,0.0,4.0,16.0,12.0,0.0,10.0,6.0,0.0,0.0,8.0,16.0,9.0,0.0,8.0,10.0,0.0,0.0,7.0,15.0,5.0,0.0,12.0,11.0,0.0,0.0,7.0,13.0,0.0,5.0,16.0,6.0,0.0,0.0,0.0,16.0,12.0,15.0,13.0,1.0,0.0,0.0,0.0,6.0,16.0,12.0,2.0,0.0,0.0,0
164,0.0,0.0,5.0,13.0,1.0,0.0,0.0,0.0,0.0,0.0,12.0,13.0,0.0,0.0,0.0,0.0,0.0,0.0,16.0,8.0,0.0,0.0,0.0,0.0,0.0,5.0,16.0,2.0,0.0,0.0,0.0,0.0,0.0,4.0,16.0,8.0,15.0,9.0,1.0,0.0,0.0,4.0,16.0,16.0,12.0,15.0,11.0,0.0,0.0,1.0,15.0,14.0,4.0,14.0,11.0,0.0,0.0,0.0,5.0,14.0,14.0,10.0,1.0,0.0,6
179,0.0,0.0,0.0,10.0,15.0,1.0,0.0,0.0,0.0,0.0,5.0,16.0,16.0,10.0,0.0,0.0,0.0,0.0,14.0,6.0,6.0,15.0,0.0,0.0,0.0,4.0,16.0,4.0,0.0,15.0,3.0,0.0,0.0,5.0,15.0,5.0,0.0,11.0,5.0,0.0,0.0,0.0,12.0,11.0,0.0,13.0,5.0,0.0,0.0,0.0,8.0,16.0,16.0,16.0,3.0,0.0,0.0,0.0,1.0,8.0,13.0,8.0,0.0,0.0,0
1604,0.0,2.0,13.0,16.0,15.0,2.0,0.0,0.0,0.0,15.0,14.0,7.0,16.0,5.0,0.0,0.0,0.0,10.0,1.0,2.0,16.0,4.0,0.0,0.0,0.0,0.0,1.0,11.0,16.0,15.0,8.0,0.0,0.0,0.0,15.0,16.0,13.0,8.0,2.0,0.0,0.0,0.0,10.0,14.0,0.0,0.0,0.0,0.0,0.0,0.0,11.0,10.0,0.0,0.0,0.0,0.0,0.0,0.0,15.0,3.0,0.0,0.0,0.0,0.0,7
753,0.0,0.0,2.0,12.0,12.0,8.0,1.0,0.0,0.0,0.0,2.0,15.0,16.0,16.0,8.0,0.0,0.0,0.0,5.0,16.0,16.0,14.0,3.0,0.0,0.0,0.0,8.0,16.0,16.0,10.0,0.0,0.0,0.0,3.0,15.0,16.0,13.0,0.0,0.0,0.0,0.0,2.0,14.0,16.0,9.0,0.0,0.0,0.0,0.0,0.0,11.0,16.0,9.0,0.0,0.0,0.0,0.0,0.0,1.0,9.0,5.0,0.0,0.0,0.0,1
457,0.0,0.0,4.0,12.0,16.0,16.0,11.0,2.0,0.0,0.0,15.0,13.0,8.0,11.0,8.0,1.0,0.0,2.0,15.0,13.0,16.0,8.0,0.0,0.0,0.0,6.0,16.0,13.0,13.0,16.0,2.0,0.0,0.0,7.0,11.0,2.0,2.0,16.0,6.0,0.0,0.0,0.0,0.0,0.0,5.0,15.0,2.0,0.0,0.0,0.0,9.0,6.0,13.0,10.0,0.0,0.0,0.0,0.0,7.0,14.0,13.0,1.0,0.0,0.0,5
1186,0.0,0.0,13.0,14.0,9.0,1.0,0.0,0.0,0.0,5.0,16.0,12.0,12.0,12.0,1.0,0.0,0.0,6.0,16.0,2.0,2.0,16.0,5.0,0.0,0.0,3.0,16.0,5.0,3.0,16.0,9.0,0.0,0.0,0.0,9.0,16.0,16.0,16.0,10.0,0.0,0.0,0.0,0.0,6.0,7.0,15.0,9.0,0.0,0.0,0.0,0.0,0.0,6.0,16.0,5.0,0.0,0.0,0.0,10.0,16.0,16.0,12.0,0.0,0.0,9
165,0.0,2.0,15.0,16.0,16.0,13.0,2.0,0.0,0.0,7.0,16.0,13.0,8.0,8.0,3.0,0.0,0.0,4.0,16.0,4.0,0.0,0.0,0.0,0.0,0.0,0.0,16.0,11.0,0.0,0.0,0.0,0.0,0.0,0.0,12.0,16.0,3.0,0.0,0.0,0.0,0.0,0.0,2.0,13.0,11.0,0.0,0.0,0.0,0.0,3.0,8.0,15.0,8.0,0.0,0.0,0.0,0.0,2.0,15.0,15.0,1.0,0.0,0.0,0.0,5
420,0.0,0.0,1.0,9.0,14.0,11.0,1.0,0.0,0.0,0.0,10.0,15.0,9.0,13.0,5.0,0.0,0.0,3.0,16.0,7.0,0.0,0.0,0.0,0.0,0.0,5.0,16.0,16.0,16.0,10.0,0.0,0.0,0.0,7.0,16.0,11.0,10.0,16.0,5.0,0.0,0.0,2.0,16.0,5.0,0.0,12.0,8.0,0.0,0.0,0.0,10.0,15.0,13.0,16.0,5.0,0.0,0.0,0.0,0.0,9.0,12.0,7.0,0.0,0.0,6
1361,0.0,0.0,4.0,9.0,13.0,13.0,0.0,0.0,0.0,1.0,13.0,15.0,6.0,2.0,0.0,0.0,0.0,0.0,9.0,7.0,0.0,0.0,0.0,0.0,0.0,0.0,13.0,3.0,4.0,0.0,0.0,0.0,0.0,2.0,16.0,16.0,16.0,8.0,0.0,0.0,0.0,2.0,11.0,3.0,0.0,10.0,4.0,0.0,0.0,0.0,2.0,5.0,4.0,15.0,1.0,0.0,0.0,0.0,3.0,12.0,14.0,8.0,0.0,0.0,5
585,0.0,0.0,1.0,8.0,14.0,15.0,5.0,0.0,0.0,1.0,14.0,8.0,1.0,14.0,8.0,0.0,0.0,7.0,12.0,0.0,7.0,16.0,8.0,0.0,0.0,4.0,14.0,12.0,12.0,9.0,8.0,0.0,0.0,0.0,1.0,3.0,0.0,9.0,8.0,0.0,0.0,0.0,0.0,0.0,0.0,13.0,6.0,0.0,0.0,0.0,12.0,10.0,4.0,16.0,0.0,0.0,0.0,0.0,2.0,8.0,16.0,7.0,0.0,0.0,9
551,0.0,0.0,8.0,12.0,16.0,16.0,4.0,0.0,0.0,0.0,15.0,6.0,10.0,5.0,0.0,0.0,0.0,4.0,12.0,2.0,8.0,6.0,0.0,0.0,0.0,8.0,14.0,14.0,8.0,13.0,5.0,0.0,0.0,3.0,7.0,0.0,0.0,8.0,8.0,0.0,0.0,0.0,0.0,0.0,0.0,12.0,2.0,0.0,0.0,0.0,5.0,2.0,5.0,12.0,0.0,0.0,0.0,0.0,7.0,15.0,15.0,2.0,0.0,0.0,5
544,0.0,0.0,2.0,13.0,14.0,6.0,0.0,0.0,0.0,0.0,10.0,13.0,5.0,16.0,0.0,0.0,0.0,0.0,9.0,9.0,4.0,14.0,0.0,0.0,0.0,0.0,4.0,15.0,15.0,5.0,0.0,0.0,0.0,0.0,5.0,16.0,14.0,1.0,0.0,0.0,0.0,0.0,14.0,6.0,8.0,9.0,0.0,0.0,0.0,0.0,13.0,7.0,1.0,11.0,5.0,0.0,0.0,0.0,3.0,11.0,15.0,16.0,12.0,0.0,8
272,0.0,0.0,0.0,13.0,9.0,0.0,0.0,0.0,0.0,0.0,8.0,15.0,5.0,0.0,0.0,0.0,0.0,0.0,14.0,8.0,0.0,0.0,0.0,0.0,0.0,2.0,16.0,3.0,0.0,2.0,0.0,0.0,0.0,0.0,16.0,13.0,16.0,16.0,6.0,0.0,0.0,1.0,16.0,11.0,4.0,7.0,12.0,0.0,0.0,0.0,11.0,12.0,5.0,13.0,9.0,0.0,0.0,0.0,1.0,12.0,15.0,11.0,2.0,0.0,6
1292,0.0,0.0,12.0,16.0,16.0,16.0,7.0,0.0,0.0,1.0,14.0,15.0,6.0,4.0,1.0,0.0,0.0,8.0,16.0,2.0,0.0,0.0,0.0,0.0,0.0,9.0,16.0,12.0,12.0,9.0,1.0,0.0,0.0,1.0,8.0,8.0,8.0,15.0,10.0,0.0,0.0,0.0,0.0,0.0,0.0,13.0,12.0,0.0,0.0,0.0,8.0,2.0,6.0,16.0,5.0,0.0,0.0,1.0,11.0,16.0,16.0,8.0,0.0,0.0,5
1164,0.0,0.0,8.0,14.0,16.0,16.0,2.0,0.0,0.0,0.0,11.0,6.0,7.0,16.0,1.0,0.0,0.0,0.0,0.0,0.0,10.0,12.0,0.0,0.0,0.0,1.0,11.0,16.0,16.0,16.0,12.0,0.0,0.0,2.0,12.0,13.0,13.0,2.0,0.0,0.0,0.0,0.0,1.0,14.0,4.0,0.0,0.0,0.0,0.0,0.0,8.0,12.0,0.0,0.0,0.0,0.0,0.0,0.0,12.0,7.0,0.0,0.0,0.0,0.0,7
657,0.0,0.0,7.0,16.0,13.0,5.0,0.0,0.0,0.0,0.0,13.0,16.0,16.0,5.0,0.0,0.0,0.0,1.0,16.0,16.0,16.0,3.0,0.0,0.0,0.0,1.0,14.0,16.0,15.0,0.0,0.0,0.0,0.0,1.0,16.0,16.0,15.0,1.0,0.0,0.0,0.0,0.0,14.0,16.0,16.0,4.0,0.0,0.0,0.0,0.0,6.0,16.0,16.0,7.0,0.0,0.0,0.0,0.0,4.0,14.0,13.0,6.0,0.0,0.0,1
325,0.0,0.0,0.0,9.0,15.0,16.0,9.0,0.0,0.0,0.0,10.0,13.0,4.0,12.0,7.0,0.0,0.0,5.0,14.0,1.0,2.0,15.0,3.0,0.0,0.0,4.0,14.0,12.0,16.0,15.0,0.0,0.0,0.0,0.0,1.0,1.0,13.0,7.0,0.0,0.0,0.0,0.0,0.0,4.0,15.0,1.0,0.0,0.0,0.0,0.0,0.0,11.0,8.0,0.0,0.0,0.0,0.0,0.0,0.0,12.0,4.0,0.0,0.0,0.0,9
881,0.0,0.0,2.0,14.0,13.0,8.0,0.0,0.0,0.0,0.0,12.0,13.0,12.0,13.0,0.0,0.0,0.0,0.0,11.0,6.0,6.0,16.0,4.0,0.0,0.0,0.0,5.0,16.0,15.0,16.0,8.0,0.0,0.0,0.0,0.0,2.0,4.0,11.0,8.0,0.0,0.0,0.0,0.0,0.0,0.0,11.0,9.0,0.0,0.0,2.0,13.0,7.0,1.0,11.0,10.0,0.0,0.0,0.0,2.0,10.0,15.0,16.0,2.0,0.0,9
1223,0.0,0.0,0.0,14.0,15.0,1.0,0.0,0.0,0.0,0.0,6.0,16.0,11.0,0.0,0.0,0.0,0.0,0.0,13.0,15.0,2.0,0.0,0.0,0.0,0.0,0.0,16.0,12.0,0.0,0.0,0.0,0.0,0.0,3.0,16.0,16.0,16.0,10.0,1.0,0.0,0.0,2.0,16.0,12.0,4.0,11.0,12.0,0.0,0.0,0.0,10.0,14.0,6.0,14.0,15.0,0.0,0.0,0.0,1.0,13.0,16.0,16.0,10.0,0.0,6
831,0.0,0.0,7.0,15.0,14.0,8.0,0.0,0.0,0.0,1.0,15.0,7.0,5.0,14.0,5.0,0.0,0.0,0.0,15.0,8.0,0.0,10.0,7.0,0.0,0.0,3.0,16.0,6.0,0.0,12.0,8.0,0.0,0.0,5.0,16.0,2.0,0.0,12.0,8.0,0.0,0.0,4.0,16.0,3.0,1.0,16.0,4.0,0.0,0.0,5.0,16.0,10.0,14.0,12.0,0.0,0.0,0.0,0.0,8.0,15.0,15.0,2.0,0.0,0.0,0
609,0.0,0.0,4.0,15.0,4.0,0.0,0.0,0.0,0.0,0.0,3.0,16.0,9.0,0.0,0.0,0.0,0.0,0.0,2.0,16.0,11.0,0.0,0.0,0.0,0.0,0.0,0.0,16.0,13.0,0.0,0.0,0.0,0.0,0.0,2.0,16.0,16.0,2.0,0.0,0.0,0.0,0.0,0.0,5.0,15.0,10.0,0.0,0.0,0.0,0.0,4.0,12.0,14.0,16.0,13.0,13.0,0.0,0.0,2.0,13.0,16.0,16.0,15.0,8.0,1
680,0.0,0.0,4.0,15.0,4.0,0.0,0.0,0.0,0.0,0.0,9.0,16.0,2.0,0.0,0.0,0.0,0.0,0.0,16.0,10.0,0.0,0.0,0.0,0.0,0.0,6.0,16.0,3.0,0.0,0.0,0.0,0.0,0.0,10.0,15.0,11.0,16.0,13.0,4.0,0.0,0.0,7.0,16.0,16.0,11.0,14.0,14.0,0.0,0.0,2.0,16.0,11.0,5.0,15.0,12.0,0.0,0.0,0.0,3.0,16.0,16.0,14.0,3.0,0.0,6
1618,0.0,0.0,6.0,16.0,12.0,1.0,0.0,0.0,0.0,0.0,5.0,16.0,13.0,10.0,0.0,0.0,0.0,0.0,0.0,5.0,5.0,15.0,0.0,0.0,0.0,0.0,0.0,0.0,8.0,15.0,0.0,0.0,0.0,0.0,0.0,0.0,13.0,13.0,0.0,0.0,0.0,0.0,0.0,6.0,16.0,9.0,4.0,1.0,0.0,0.0,3.0,16.0,16.0,16.0,16.0,10.0,0.0,0.0,5.0,16.0,11.0,9.0,6.0,2.0,2
720,0.0,0.0,2.0,16.0,15.0,15.0,8.0,0.0,0.0,0.0,7.0,16.0,15.0,12.0,7.0,0.0,0.0,3.0,15.0,8.0,1.0,0.0,0.0,0.0,0.0,9.0,15.0,4.0,4.0,2.0,0.0,0.0,0.0,5.0,16.0,16.0,16.0,15.0,2.0,0.0,0.0,0.0,5.0,6.0,8.0,16.0,3.0,0.0,0.0,0.0,0.0,1.0,14.0,10.0,0.0,0.0,0.0,0.0,2.0,16.0,13.0,1.0,0.0,0.0,5
494,0.0,0.0,2.0,13.0,16.0,16.0,16.0,12.0,0.0,0.0,9.0,15.0,8.0,9.0,16.0,7.0,0.0,0.0,10.0,10.0,0.0,6.0,14.0,1.0,0.0,1.0,16.0,5.0,1.0,16.0,4.0,0.0,0.0,0.0,4.0,0.0,9.0,13.0,0.0,0.0,0.0,0.0,0.0,4.0,15.0,1.0,0.0,0.0,0.0,0.0,0.0,14.0,10.0,0.0,0.0,0.0,0.0,0.0,3.0,15.0,4.0,0.0,0.0,0.0,7
25,0.0,0.0,12.0,8.0,8.0,7.0,0.0,0.0,0.0,3.0,16.0,16.0,11.0,7.0,0.0,0.0,0.0,2.0,14.0,1.0,0.0,0.0,0.0,0.0,0.0,5.0,14.0,5.0,0.0,0.0,0.0,0.0,0.0,2.0,15.0,16.0,9.0,0.0,0.0,0.0,0.0,0.0,0.0,2.0,16.0,2.0,0.0,0.0,0.0,0.0,4.0,8.0,16.0,4.0,0.0,0.0,0.0,0.0,11.0,14.0,9.0,0.0,0.0,0.0,5
1242,0.0,0.0,1.0,12.0,16.0,8.0,0.0,0.0,0.0,2.0,13.0,16.0,16.0,8.0,0.0,0.0,0.0,13.0,16.0,14.0,16.0,12.0,0.0,0.0,0.0,11.0,6.0,7.0,16.0,2.0,0.0,0.0,0.0,0.0,0.0,11.0,16.0,1.0,0.0,0.0,0.0,0.0,0.0,13.0,13.0,0.0,0.0,0.0,0.0,0.0,0.0,15.0,13.0,0.0,0.0,0.0,0.0,0.0,0.0,13.0,13.0,0.0,0.0,0.0,1
1247,0.0,0.0,4.0,12.0,13.0,2.0,0.0,0.0,0.0,0.0,5.0,16.0,16.0,5.0,0.0,0.0,0.0,0.0,5.0,16.0,16.0,6.0,0.0,0.0,0.0,0.0,9.0,16.0,15.0,0.0,0.0,0.0,0.0,0.0,10.0,16.0,14.0,0.0,0.0,0.0,0.0,0.0,12.0,16.0,12.0,0.0,0.0,0.0,0.0,0.0,5.0,16.0,11.0,0.0,0.0,0.0,0.0,0.0,6.0,16.0,13.0,0.0,0.0,0.0,1
1197,0.0,0.0,13.0,14.0,12.0,15.0,4.0,0.0,0.0,0.0,16.0,5.0,5.0,16.0,5.0,0.0,0.0,0.0,13.0,7.0,15.0,4.0,0.0,0.0,0.0,0.0,11.0,16.0,2.0,0.0,0.0,0.0,0.0,2.0,13.0,10.0,6.0,0.0,0.0,0.0,0.0,8.0,5.0,1.0,15.0,0.0,0.0,0.0,0.0,5.0,8.0,1.0,16.0,0.0,0.0,0.0,0.0,1.0,10.0,16.0,8.0,0.0,0.0,0.0,8
865,0.0,1.0,11.0,14.0,9.0,1.0,0.0,0.0,0.0,3.0,16.0,8.0,16.0,4.0,0.0,0.0,0.0,0.0,0.0,3.0,16.0,3.0,0.0,0.0,0.0,0.0,1.0,14.0,13.0,0.0,0.0,0.0,0.0,0.0,0.0,7.0,14.0,10.0,0.0,0.0,0.0,0.0,0.0,0.0,3.0,16.0,4.0,0.0,0.0,1.0,3.0,1.0,8.0,16.0,4.0,0.0,0.0,3.0,10.0,16.0,16.0,8.0,0.0,0.0,3
924,0.0,0.0,7.0,14.0,10.0,0.0,0.0,0.0,0.0,7.0,15.0,4.0,9.0,11.0,0.0,0.0,0.0,9.0,13.0,0.0,7.0,16.0,0.0,0.0,0.0,3.0,15.0,16.0,16.0,16.0,3.0,0.0,0.0,0.0,0.0,4.0,4.0,12.0,8.0,0.0,0.0,0.0,0.0,0.0,0.0,4.0,12.0,0.0,0.0,0.0,11.0,5.0,0.0,7.0,13.0,0.0,0.0,0.0,5.0,13.0,16.0,14.0,6.0,0.0,9
379,0.0,0.0,3.0,12.0,15.0,14.0,3.0,0.0,0.0,1.0,16.0,5.0,0.0,8.0,12.0,0.0,0.0,6.0,16.0,11.0,2.0,13.0,7.0,0.0,0.0,2.0,9.0,15.0,16.0,4.0,0.0,0.0,0.0,0.0,3.0,14.0,16.0,7.0,0.0,0.0,0.0,0.0,9.0,5.0,6.0,15.0,0.0,0.0,0.0,0.0,11.0,10.0,7.0,16.0,2.0,0.0,0.0,0.0,3.0,12.0,16.0,13.0,0.0,0.0,8
1276,0.0,1.0,14.0,16.0,15.0,4.0,0.0,0.0,0.0,4.0,16.0,9.0,11.0,15.0,3.0,0.0,0.0,6.0,16.0,1.0,8.0,16.0,2.0,0.0,0.0,2.0,14.0,10.0,15.0,16.0,6.0,0.0,0.0,0.0,3.0,11.0,8.0,15.0,5.0,0.0,0.0,0.0,0.0,0.0,1.0,16.0,5.0,0.0,0.0,0.0,3.0,3.0,11.0,15.0,1.0,0.0,0.0,0.0,13.0,16.0,14.0,4.0,0.0,0.0,9
1023,0.0,0.0,0.0,10.0,9.0,0.0,0.0,0.0,0.0,0.0,5.0,15.0,0.0,0.0,9.0,5.0,0.0,0.0,14.0,10.0,0.0,7.0,16.0,4.0,0.0,5.0,16.0,7.0,5.0,16.0,6.0,0.0,0.0,11.0,16.0,16.0,16.0,14.0,0.0,0.0,0.0,3.0,4.0,11.0,16.0,8.0,0.0,0.0,0.0,0.0,0.0,7.0,16.0,2.0,0.0,0.0,0.0,0.0,0.0,12.0,12.0,0.0,0.0,0.0,4
697,0.0,0.0,6.0,15.0,15.0,3.0,0.0,0.0,0.0,5.0,16.0,13.0,15.0,8.0,0.0,0.0,0.0,8.0,13.0,0.0,13.0,8.0,0.0,0.0,0.0,0.0,0.0,3.0,16.0,3.0,0.0,0.0,0.0,0.0,0.0,11.0,12.0,0.0,0.0,0.0,0.0,0.0,3.0,16.0,5.0,9.0,8.0,0.0,0.0,0.0,8.0,15.0,15.0,15.0,3.0,0.0,0.0,0.0,5.0,16.0,12.0,1.0,0.0,0.0,2
1053,0.0,0.0,0.0,8.0,16.0,0.0,0.0,0.0,0.0,0.0,3.0,16.0,8.0,0.0,0.0,0.0,0.0,1.0,13.0,12.0,0.0,4.0,13.0,1.0,0.0,6.0,16.0,9.0,7.0,15.0,10.0,0.0,0.0,9.0,16.0,16.0,16.0,15.0,2.0,0.0,0.0,0.0,4.0,1.0,14.0,10.0,0.0,0.0,0.0,0.0,0.0,3.0,16.0,5.0,0.0,0.0,0.0,0.0,0.0,11.0,13.0,0.0,0.0,0.0,4
1273,0.0,2.0,13.0,16.0,16.0,10.0,0.0,0.0,2.0,15.0,12.0,7.0,10.0,16.0,0.0,0.0,0.0,3.0,1.0,0.0,12.0,13.0,0.0,0.0,0.0,0.0,0.0,3.0,16.0,4.0,0.0,0.0,0.0,0.0,0.0,13.0,9.0,0.0,0.0,0.0,0.0,0.0,6.0,15.0,3.0,0.0,0.0,0.0,0.0,0.0,16.0,10.0,6.0,8.0,8.0,1.0,0.0,2.0,15.0,16.0,16.0,12.0,12.0,1.0,2
1438,0.0,1.0,12.0,15.0,5.0,0.0,0.0,0.0,0.0,4.0,15.0,8.0,15.0,3.0,0.0,0.0,0.0,0.0,3.0,1.0,14.0,4.0,0.0,0.0,0.0,0.0,4.0,14.0,16.0,1.0,0.0,0.0,0.0,0.0,1.0,10.0,14.0,15.0,4.0,0.0,0.0,0.0,0.0,0.0,0.0,12.0,8.0,0.0,0.0,4.0,8.0,4.0,10.0,16.0,4.0,0.0,0.0,2.0,12.0,16.0,13.0,6.0,0.0,0.0,3
1300,0.0,0.0,9.0,16.0,16.0,12.0,2.0,0.0,0.0,3.0,13.0,5.0,4.0,14.0,5.0,0.0,0.0,0.0,0.0,0.0,7.0,15.0,2.0,0.0,0.0,0.0,0.0,5.0,16.0,11.0,0.0,0.0,0.0,0.0,0.0,0.0,8.0,16.0,7.0,0.0,0.0,0.0,0.0,0.0,0.0,13.0,8.0,0.0,0.0,0.0,4.0,5.0,5.0,15.0,4.0,0.0,0.0,0.0,12.0,16.0,15.0,5.0,0.0,0.0,3
27,0.0,0.0,0.0,8.0,14.0,14.0,2.0,0.0,0.0,0.0,0.0,6.0,10.0,15.0,11.0,0.0,0.0,0.0,0.0,0.0,0.0,14.0,10.0,0.0,0.0,2.0,8.0,11.0,12.0,16.0,8.0,0.0,0.0,8.0,16.0,16.0,16.0,16.0,7.0,0.0,0.0,0.0,0.0,0.0,11.0,15.0,1.0,0.0,0.0,0.0,0.0,9.0,16.0,7.0,0.0,0.0,0.0,0.0,0.0,12.0,13.0,1.0,0.0,0.0,7
1131,0.0,0.0,2.0,14.0,15.0,3.0,0.0,0.0,0.0,0.0,7.0,16.0,11.0,0.0,0.0,0.0,0.0,0.0,13.0,15.0,1.0,0.0,0.0,0.0,0.0,1.0,16.0,11.0,0.0,0.0,0.0,0.0,0.0,2.0,16.0,9.0,0.0,0.0,0.0,0.0,0.0,2.0,16.0,16.0,16.0,9.0,0.0,0.0,0.0,0.0,13.0,16.0,10.0,16.0,7.0,0.0,0.0,0.0,3.0,15.0,16.0,16.0,4.0,0.0,6
1556,0.0,0.0,1.0,15.0,14.0,1.0,0.0,0.0,0.0,2.0,13.0,16.0,16.0,3.0,0.0,0.0,0.0,5.0,16.0,16.0,16.0,4.0,0.0,0.0,0.0,4.0,16.0,16.0,16.0,1.0,0.0,0.0,0.0,0.0,7.0,16.0,13.0,0.0,0.0,0.0,0.0,0.0,5.0,16.0,11.0,0.0,0.0,0.0,0.0,0.0,4.0,16.0,10.0,0.0,0.0,0.0,0.0,0.0,2.0,16.0,11.0,0.0,0.0,0.0,1
1747,0.0,0.0,4.0,12.0,12.0,7.0,0.0,0.0,0.0,0.0,16.0,16.0,16.0,5.0,0.0,0.0,0.0,0.0,16.0,16.0,16.0,16.0,0.0,0.0,0.0,4.0,16.0,16.0,16.0,12.0,0.0,0.0,0.0,4.0,16.0,16.0,16.0,12.0,0.0,0.0,0.0,3.0,15.0,16.0,16.0,9.0,0.0,0.0,0.0,0.0,12.0,16.0,16.0,8.0,0.0,0.0,0.0,1.0,7.0,12.0,11.0,5.0,0.0,0.0,1
1381,0.0,0.0,3.0,13.0,16.0,13.0,1.0,0.0,0.0,3.0,15.0,13.0,10.0,16.0,2.0,0.0,0.0,4.0,10.0,0.0,4.0,16.0,1.0,0.0,0.0,0.0,0.0,3.0,11.0,14.0,2.0,0.0,0.0,0.0,9.0,16.0,16.0,16.0,8.0,0.0,0.0,0.0,9.0,12.0,16.0,0.0,0.0,0.0,0.0,0.0,1.0,12.0,11.0,0.0,0.0,0.0,0.0,0.0,3.0,16.0,8.0,0.0,0.0,0.0,7
224,0.0,0.0,0.0,10.0,12.0,3.0,0.0,0.0,0.0,0.0,8.0,16.0,15.0,14.0,0.0,0.0,0.0,0.0,5.0,16.0,10.0,16.0,1.0,0.0,0.0,0.0,5.0,16.0,16.0,10.0,1.0,0.0,0.0,1.0,16.0,12.0,16.0,8.0,0.0,0.0,0.0,1.0,16.0,3.0,4.0,16.0,4.0,0.0,0.0,0.0,12.0,11.0,4.0,16.0,9.0,0.0,0.0,0.0,2.0,10.0,14.0,13.0,4.0,0.0,8
1596,0.0,0.0,7.0,15.0,15.0,6.0,0.0,0.0,0.0,4.0,16.0,16.0,11.0,15.0,0.0,0.0,0.0,7.0,16.0,10.0,10.0,16.0,1.0,0.0,0.0,3.0,11.0,16.0,16.0,6.0,0.0,0.0,0.0,1.0,15.0,16.0,10.0,0.0,0.0,0.0,0.0,5.0,16.0,5.0,14.0,0.0,0.0,0.0,0.0,1.0,13.0,3.0,14.0,1.0,0.0,0.0,0.0,0.0,5.0,15.0,15.0,2.0,0.0,0.0,8
1551,0.0,0.0,0.0,0.0,13.0,1.0,0.0,0.0,0.0,0.0,0.0,7.0,15.0,3.0,0.0,0.0,0.0,0.0,0.0,16.0,11.0,2.0,0.0,0.0,0.0,0.0,4.0,16.0,16.0,14.0,1.0,0.0,0.0,0.0,5.0,16.0,8.0,8.0,10.0,0.0,0.0,0.0,9.0,16.0,4.0,0.0,15.0,0.0,0.0,0.0,2.0,9.0,11.0,13.0,14.0,0.0,0.0,0.0,0.0,0.0,10.0,16.0,10.0,0.0,6
1697,0.0,0.0,7.0,12.0,13.0,2.0,0.0,0.0,0.0,0.0,14.0,13.0,8.0,13.0,0.0,0.0,0.0,3.0,16.0,1.0,0.0,11.0,2.0,0.0,0.0,4.0,14.0,0.0,0.0,5.0,8.0,0.0,0.0,5.0,8.0,0.0,0.0,5.0,8.0,0.0,0.0,4.0,16.0,0.0,2.0,14.0,7.0,0.0,0.0,2.0,16.0,10.0,14.0,15.0,1.0,0.0,0.0,0.0,6.0,14.0,14.0,4.0,0.0,0.0,0
1636,0.0,0.0,0.0,9.0,8.0,0.0,0.0,0.0,0.0,0.0,1.0,16.0,2.0,0.0,0.0,0.0,0.0,0.0,6.0,14.0,0.0,0.0,0.0,0.0,0.0,0.0,9.0,11.0,0.0,3.0,0.0,0.0,0.0,0.0,13.0,8.0,13.0,13.0,10.0,0.0,0.0,0.0,12.0,16.0,8.0,0.0,13.0,1.0,0.0,0.0,6.0,16.0,5.0,9.0,13.0,0.0,0.0,0.0,0.0,8.0,15.0,14.0,4.0,0.0,6
76,0.0,3.0,5.0,14.0,13.0,6.0,0.0,0.0,0.0,9.0,16.0,12.0,10.0,12.0,0.0,0.0,0.0,6.0,16.0,3.0,12.0,11.0,0.0,0.0,0.0,1.0,13.0,10.0,16.0,6.0,0.0,0.0,0.0,0.0,10.0,16.0,10.0,0.0,0.0,0.0,0.0,1.0,15.0,16.0,10.0,0.0,0.0,0.0,0.0,0.0,16.0,12.0,16.0,0.0,0.0,0.0,0.0,0.0,3.0,15.0,16.0,5.0,0.0,0.0,8
189,0.0,4.0,12.0,13.0,13.0,6.0,0.0,0.0,0.0,6.0,14.0,8.0,13.0,16.0,0.0,0.0,0.0,0.0,0.0,0.0,11.0,16.0,2.0,0.0,0.0,0.0,0.0,0.0,16.0,15.0,0.0,0.0,0.0,0.0,0.0,0.0,12.0,16.0,3.0,0.0,0.0,0.0,0.0,0.0,4.0,16.0,9.0,0.0,0.0,0.0,1.0,4.0,12.0,16.0,8.0,0.0,0.0,2.0,13.0,16.0,12.0,6.0,0.0,0.0,3
937,0.0,1.0,10.0,12.0,12.0,11.0,0.0,0.0,0.0,7.0,14.0,8.0,8.0,6.0,0.0,0.0,0.0,7.0,11.0,7.0,3.0,0.0,0.0,0.0,0.0,8.0,16.0,13.0,13.0,8.0,0.0,0.0,0.0,1.0,3.0,0.0,1.0,14.0,5.0,0.0,0.0,0.0,0.0,0.0,0.0,4.0,12.0,0.0,0.0,0.0,11.0,3.0,0.0,10.0,12.0,0.0,0.0,0.0,10.0,16.0,16.0,14.0,4.0,0.0,5
985,0.0,0.0,3.0,15.0,16.0,12.0,0.0,0.0,0.0,0.0,6.0,16.0,6.0,14.0,6.0,0.0,0.0,0.0,0.0,3.0,1.0,15.0,6.0,0.0,0.0,0.0,0.0,1.0,14.0,16.0,3.0,0.0,0.0,5.0,8.0,2.0,13.0,16.0,3.0,0.0,0.0,5.0,16.0,0.0,0.0,9.0,13.0,0.0,0.0,1.0,15.0,11.0,8.0,12.0,16.0,1.0,0.0,0.0,3.0,14.0,16.0,16.0,9.0,0.0,3
1130,0.0,1.0,13.0,16.0,16.0,12.0,1.0,0.0,0.0,12.0,15.0,6.0,12.0,16.0,3.0,0.0,0.0,13.0,10.0,10.0,16.0,9.0,0.0,0.0,0.0,0.0,5.0,16.0,15.0,4.0,0.0,0.0,0.0,0.0,0.0,2.0,10.0,14.0,1.0,0.0,0.0,0.0,0.0,0.0,1.0,16.0,7.0,0.0,0.0,0.0,3.0,1.0,5.0,16.0,9.0,0.0,0.0,1.0,14.0,16.0,16.0,11.0,1.0,0.0,3
302,0.0,0.0,6.0,14.0,14.0,13.0,11.0,0.0,0.0,0.0,14.0,12.0,5.0,4.0,2.0,0.0,0.0,3.0,16.0,16.0,4.0,0.0,0.0,0.0,0.0,2.0,11.0,11.0,16.0,3.0,0.0,0.0,0.0,0.0,0.0,0.0,7.0,10.0,0.0,0.0,0.0,0.0,0.0,0.0,1.0,11.0,0.0,0.0,0.0,0.0,3.0,7.0,12.0,8.0,0.0,0.0,0.0,0.0,7.0,14.0,11.0,1.0,0.0,0.0,5
1006,0.0,1.0,12.0,16.0,10.0,1.0,0.0,0.0,0.0,8.0,12.0,3.0,11.0,8.0,0.0,0.0,0.0,12.0,13.0,6.0,12.0,8.0,0.0,0.0,0.0,3.0,15.0,16.0,16.0,16.0,1.0,0.0,0.0,0.0,0.0,0.0,0.0,13.0,6.0,0.0,0.0,0.0,0.0,0.0,0.0,6.0,11.0,0.0,0.0,0.0,13.0,0.0,0.0,5.0,12.0,0.0,0.0,0.0,12.0,16.0,16.0,16.0,8.0,0.0,9
1349,0.0,0.0,5.0,15.0,16.0,15.0,1.0,0.0,0.0,10.0,16.0,11.0,8.0,16.0,5.0,0.0,0.0,12.0,10.0,1.0,10.0,15.0,1.0,0.0,0.0,0.0,0.0,8.0,16.0,11.0,1.0,0.0,0.0,0.0,0.0,1.0,10.0,16.0,10.0,0.0,0.0,0.0,0.0,2.0,0.0,7.0,16.0,0.0,0.0,0.0,8.0,13.0,5.0,15.0,12.0,0.0,0.0,0.0,5.0,15.0,16.0,14.0,3.0,0.0,3
1483,0.0,0.0,0.0,6.0,14.0,0.0,0.0,0.0,0.0,0.0,4.0,15.0,4.0,0.0,0.0,0.0,0.0,1.0,13.0,9.0,4.0,7.0,0.0,0.0,0.0,7.0,13.0,1.0,13.0,10.0,6.0,0.0,0.0,14.0,14.0,8.0,16.0,16.0,10.0,0.0,0.0,7.0,15.0,16.0,16.0,7.0,1.0,0.0,0.0,0.0,0.0,6.0,16.0,0.0,0.0,0.0,0.0,0.0,0.0,10.0,13.0,0.0,0.0,0.0,4
633,0.0,0.0,10.0,10.0,14.0,16.0,14.0,0.0,0.0,0.0,14.0,8.0,4.0,0.0,0.0,0.0,0.0,0.0,16.0,0.0,6.0,11.0,5.0,0.0,0.0,3.0,16.0,14.0,10.0,10.0,9.0,0.0,0.0,3.0,14.0,5.0,0.0,9.0,8.0,0.0,0.0,0.0,0.0,0.0,6.0,13.0,0.0,0.0,0.0,0.0,3.0,9.0,13.0,3.0,0.0,0.0,0.0,0.0,8.0,13.0,1.0,0.0,0.0,0.0,5
732,0.0,0.0,0.0,6.0,13.0,16.0,16.0,9.0,0.0,0.0,6.0,16.0,14.0,11.0,16.0,10.0,0.0,0.0,2.0,3.0,0.0,4.0,15.0,4.0,0.0,0.0,2.0,9.0,12.0,16.0,13.0,0.0,0.0,2.0,15.0,16.0,16.0,16.0,3.0,0.0,0.0,4.0,9.0,3.0,10.0,10.0,0.0,0.0,0.0,0.0,0.0,1.0,16.0,2.0,0.0,0.0,0.0,0.0,0.0,7.0,9.0,0.0,0.0,0.0,7
1122,0.0,0.0,0.0,13.0,6.0,0.0,0.0,0.0,0.0,0.0,5.0,16.0,8.0,0.0,0.0,0.0,0.0,0.0,11.0,8.0,0.0,0.0,0.0,0.0,0.0,0.0,13.0,4.0,0.0,0.0,0.0,0.0,0.0,0.0,14.0,15.0,16.0,14.0,5.0,0.0,0.0,0.0,13.0,7.0,0.0,0.0,13.0,1.0,0.0,0.0,10.0,6.0,0.0,5.0,14.0,0.0,0.0,0.0,2.0,13.0,12.0,15.0,4.0,0.0,6
1382,0.0,0.0,0.0,10.0,11.0,0.0,0.0,0.0,0.0,0.0,0.0,14.0,14.0,0.0,0.0,0.0,0.0,0.0,4.0,16.0,3.0,0.0,0.0,0.0,0.0,0.0,6.0,16.0,10.0,2.0,0.0,0.0,0.0,0.0,12.0,16.0,12.0,11.0,5.0,0.0,0.0,0.0,11.0,7.0,3.0,2.0,14.0,0.0,0.0,0.0,6.0,13.0,0.0,4.0,13.0,0.0,0.0,0.0,0.0,9.0,16.0,15.0,5.0,0.0,6
1411,0.0,0.0,0.0,5.0,15.0,3.0,0.0,0.0,0.0,0.0,2.0,16.0,4.0,0.0,0.0,0.0,0.0,0.0,8.0,12.0,0.0,2.0,12.0,0.0,0.0,3.0,16.0,1.0,0.0,11.0,10.0,0.0,0.0,9.0,13.0,0.0,3.0,16.0,5.0,0.0,0.0,13.0,15.0,16.0,16.0,12.0,0.0,0.0,0.0,5.0,12.0,14.0,16.0,4.0,0.0,0.0,0.0,0.0,0.0,6.0,15.0,2.0,0.0,0.0,4
68,0.0,0.0,0.0,9.0,9.0,0.0,0.0,0.0,0.0,0.0,3.0,16.0,9.0,0.0,0.0,0.0,0.0,3.0,14.0,10.0,0.0,2.0,0.0,0.0,0.0,10.0,16.0,5.0,7.0,15.0,1.0,0.0,0.0,2.0,11.0,15.0,16.0,13.0,1.0,0.0,0.0,0.0,0.0,7.0,16.0,3.0,0.0,0.0,0.0,0.0,0.0,6.0,15.0,0.0,0.0,0.0,0.0,0.0,0.0,4.0,16.0,5.0,0.0,0.0,4
1547,0.0,0.0,5.0,13.0,7.0,0.0,0.0,0.0,0.0,0.0,12.0,12.0,14.0,2.0,0.0,0.0,0.0,0.0,12.0,0.0,12.0,6.0,0.0,0.0,0.0,0.0,6.0,1.0,15.0,3.0,0.0,0.0,0.0,0.0,0.0,6.0,11.0,0.0,0.0,0.0,0.0,0.0,5.0,14.0,3.0,0.0,0.0,0.0,0.0,0.0,11.0,16.0,8.0,2.0,6.0,3.0,0.0,0.0,4.0,8.0,10.0,16.0,12.0,1.0,2
35,0.0,3.0,15.0,8.0,8.0,6.0,0.0,0.0,0.0,4.0,16.0,16.0,16.0,13.0,2.0,0.0,0.0,3.0,16.0,9.0,2.0,0.0,0.0,0.0,0.0,2.0,16.0,16.0,15.0,3.0,0.0,0.0,0.0,0.0,7.0,6.0,12.0,9.0,0.0,0.0,0.0,0.0,0.0,1.0,14.0,10.0,0.0,0.0,0.0,0.0,5.0,14.0,15.0,2.0,0.0,0.0,0.0,1.0,15.0,14.0,1.0,0.0,0.0,0.0,5
1290,0.0,4.0,14.0,16.0,16.0,15.0,2.0,0.0,0.0,12.0,11.0,2.0,4.0,16.0,5.0,0.0,0.0,2.0,0.0,1.0,11.0,12.0,0.0,0.0,0.0,0.0,0.0,15.0,16.0,3.0,0.0,0.0,0.0,0.0,0.0,4.0,15.0,10.0,0.0,0.0,0.0,0.0,0.0,0.0,1.0,14.0,10.0,0.0,0.0,1.0,7.0,0.0,3.0,14.0,8.0,0.0,0.0,4.0,15.0,16.0,16.0,11.0,0.0,0.0,3
362,0.0,0.0,1.0,10.0,14.0,0.0,0.0,0.0,0.0,0.0,8.0,14.0,11.0,3.0,0.0,0.0,0.0,0.0,16.0,2.0,2.0,0.0,0.0,0.0,0.0,3.0,13.0,0.0,0.0,0.0,0.0,0.0,0.0,4.0,13.0,0.0,6.0,10.0,3.0,0.0,0.0,3.0,15.0,13.0,12.0,10.0,12.0,0.0,0.0,0.0,10.0,16.0,4.0,5.0,14.0,0.0,0.0,0.0,0.0,9.0,15.0,14.0,9.0,0.0,6
200,0.0,0.0,0.0,0.0,11.0,12.0,0.0,0.0,0.0,0.0,0.0,3.0,15.0,14.0,0.0,0.0,0.0,0.0,0.0,11.0,16.0,11.0,0.0,0.0,0.0,0.0,9.0,16.0,16.0,10.0,0.0,0.0,0.0,4.0,16.0,12.0,16.0,12.0,0.0,0.0,0.0,3.0,10.0,3.0,16.0,11.0,0.0,0.0,0.0,0.0,0.0,0.0,16.0,14.0,0.0,0.0,0.0,0.0,0.0,0.0,11.0,11.0,0.0,0.0,1
1257,0.0,0.0,0.0,8.0,14.0,0.0,0.0,0.0,0.0,0.0,2.0,16.0,10.0,0.0,0.0,0.0,0.0,0.0,12.0,16.0,1.0,3.0,5.0,0.0,0.0,5.0,16.0,6.0,2.0,16.0,9.0,0.0,0.0,11.0,16.0,0.0,8.0,16.0,7.0,0.0,0.0,10.0,16.0,16.0,16.0,11.0,1.0,0.0,0.0,1.0,7.0,9.0,16.0,4.0,0.0,0.0,0.0,0.0,0.0,10.0,11.0,0.0,0.0,0.0,4
151,0.0,0.0,0.0,0.0,5.0,14.0,3.0,0.0,0.0,0.0,0.0,0.0,9.0,16.0,8.0,0.0,0.0,0.0,0.0,9.0,16.0,16.0,5.0,0.0,0.0,1.0,13.0,15.0,12.0,16.0,1.0,0.0,0.0,4.0,12.0,3.0,10.0,15.0,0.0,0.0,0.0,0.0,0.0,0.0,11.0,12.0,0.0,0.0,0.0,0.0,0.0,0.0,8.0,12.0,0.0,0.0,0.0,0.0,0.0,0.0,5.0,13.0,4.0,0.0,1
1506,0.0,0.0,11.0,16.0,12.0,2.0,0.0,0.0,0.0,7.0,16.0,6.0,10.0,13.0,0.0,0.0,0.0,0.0,2.0,0.0,3.0,16.0,0.0,0.0,0.0,0.0,0.0,3.0,12.0,9.0,0.0,0.0,0.0,0.0,0.0,10.0,16.0,12.0,0.0,0.0,0.0,0.0,3.0,0.0,3.0,15.0,7.0,0.0,0.0,3.0,16.0,7.0,6.0,14.0,8.0,0.0,0.0,1.0,9.0,15.0,16.0,12.0,1.0,0.0,3
1429,0.0,0.0,0.0,10.0,12.0,0.0,0.0,0.0,0.0,0.0,4.0,15.0,1.0,0.0,0.0,0.0,0.0,0.0,13.0,10.0,1.0,2.0,0.0,0.0,0.0,5.0,15.0,2.0,15.0,9.0,1.0,0.0,0.0,11.0,13.0,6.0,16.0,16.0,9.0,0.0,0.0,13.0,16.0,16.0,16.0,10.0,2.0,0.0,0.0,2.0,7.0,13.0,11.0,0.0,0.0,0.0,0.0,0.0,0.0,13.0,11.0,0.0,0.0,0.0,4
1656,0.0,0.0,3.0,9.0,14.0,9.0,0.0,0.0,0.0,5.0,16.0,14.0,5.0,0.0,0.0,0.0,0.0,12.0,11.0,3.0,0.0,0.0,0.0,0.0,0.0,13.0,16.0,12.0,1.0,0.0,0.0,0.0,0.0,4.0,11.0,13.0,8.0,0.0,0.0,0.0,0.0,0.0,0.0,7.0,11.0,0.0,0.0,0.0,0.0,0.0,1.0,12.0,12.0,0.0,0.0,0.0,0.0,0.0,2.0,15.0,7.0,0.0,0.0,0.0,5
508,0.0,0.0,6.0,10.0,9.0,4.0,0.0,0.0,0.0,0.0,14.0,10.0,16.0,16.0,1.0,0.0,0.0,4.0,15.0,1.0,9.0,16.0,0.0,0.0,0.0,3.0,16.0,16.0,16.0,8.0,0.0,0.0,0.0,0.0,12.0,14.0,16.0,5.0,0.0,0.0,0.0,0.0,12.0,1.0,9.0,12.0,0.0,0.0,0.0,0.0,16.0,6.0,14.0,9.0,0.0,0.0,0.0,0.0,8.0,12.0,6.0,1.0,0.0,0.0,8
580,0.0,0.0,0.0,12.0,10.0,0.0,0.0,0.0,0.0,0.0,4.0,16.0,5.0,0.0,0.0,0.0,0.0,0.0,15.0,7.0,2.0,14.0,1.0,0.0,0.0,6.0,16.0,2.0,9.0,16.0,11.0,0.0,0.0,9.0,14.0,9.0,16.0,15.0,6.0,0.0,0.0,5.0,16.0,16.0,16.0,1.0,0.0,0.0,0.0,0.0,2.0,11.0,13.0,0.0,0.0,0.0,0.0,0.0,0.0,12.0,13.0,0.0,0.0,0.0,4
36,0.0,0.0,6.0,14.0,10.0,2.0,0.0,0.0,0.0,0.0,15.0,15.0,13.0,15.0,3.0,0.0,0.0,2.0,16.0,10.0,0.0,13.0,9.0,0.0,0.0,1.0,16.0,5.0,0.0,12.0,5.0,0.0,0.0,0.0,16.0,3.0,0.0,13.0,6.0,0.0,0.0,1.0,15.0,5.0,6.0,13.0,1.0,0.0,0.0,0.0,16.0,11.0,14.0,10.0,0.0,0.0,0.0,0.0,7.0,16.0,11.0,1.0,0.0,0.0,0
669,0.0,0.0,6.0,13.0,16.0,8.0,0.0,0.0,0.0,5.0,16.0,15.0,14.0,12.0,0.0,0.0,0.0,9.0,12.0,2.0,15.0,8.0,0.0,0.0,0.0,0.0,0.0,9.0,12.0,0.0,0.0,0.0,0.0,0.0,0.0,15.0,16.0,13.0,3.0,0.0,0.0,0.0,0.0,3.0,9.0,15.0,11.0,0.0,0.0,0.0,1.0,8.0,14.0,16.0,8.0,0.0,0.0,0.0,7.0,16.0,14.0,6.0,0.0,0.0,3
193,0.0,2.0,14.0,16.0,14.0,4.0,0.0,0.0,0.0,4.0,11.0,5.0,13.0,12.0,0.0,0.0,0.0,0.0,0.0,2.0,15.0,7.0,0.0,0.0,0.0,0.0,0.0,4.0,16.0,4.0,0.0,0.0,0.0,0.0,0.0,1.0,13.0,13.0,1.0,0.0,0.0,0.0,0.0,0.0,2.0,16.0,4.0,0.0,0.0,0.0,1.0,3.0,11.0,15.0,2.0,0.0,0.0,1.0,12.0,16.0,9.0,2.0,0.0,0.0,3
321,0.0,0.0,2.0,12.0,8.0,0.0,0.0,0.0,0.0,0.0,12.0,13.0,5.0,0.0,0.0,0.0,0.0,1.0,16.0,1.0,0.0,0.0,0.0,0.0,0.0,2.0,14.0,0.0,0.0,0.0,0.0,0.0,0.0,2.0,16.0,5.0,10.0,10.0,4.0,0.0,0.0,0.0,16.0,14.0,8.0,6.0,13.0,0.0,0.0,0.0,13.0,9.0,2.0,4.0,14.0,0.0,0.0,0.0,3.0,10.0,16.0,16.0,7.0,0.0,6
1574,0.0,0.0,0.0,4.0,11.0,15.0,15.0,2.0,0.0,1.0,10.0,16.0,13.0,14.0,14.0,2.0,0.0,5.0,16.0,16.0,16.0,16.0,14.0,0.0,0.0,0.0,9.0,8.0,8.0,15.0,9.0,0.0,0.0,0.0,0.0,0.0,1.0,16.0,2.0,0.0,0.0,0.0,0.0,0.0,10.0,10.0,0.0,0.0,0.0,0.0,0.0,1.0,16.0,6.0,0.0,0.0,0.0,0.0,0.0,3.0,16.0,2.0,0.0,0.0,9
1370,0.0,0.0,13.0,16.0,16.0,9.0,0.0,0.0,0.0,2.0,16.0,7.0,7.0,16.0,0.0,0.0,0.0,0.0,4.0,0.0,11.0,10.0,0.0,0.0,0.0,0.0,1.0,13.0,14.0,3.0,0.0,0.0,0.0,0.0,0.0,7.0,15.0,11.0,1.0,0.0,0.0,0.0,0.0,1.0,2.0,13.0,10.0,0.0,0.0,0.0,8.0,9.0,1.0,12.0,11.0,0.0,0.0,0.0,11.0,16.0,16.0,15.0,1.0,0.0,3
1671,0.0,0.0,0.0,0.0,8.0,10.0,0.0,0.0,0.0,0.0,0.0,0.0,13.0,6.0,0.0,0.0,0.0,0.0,0.0,5.0,13.0,0.0,0.0,0.0,0.0,0.0,2.0,14.0,3.0,10.0,10.0,0.0,0.0,1.0,14.0,15.0,10.0,16.0,6.0,0.0,0.0,14.0,14.0,12.0,15.0,16.0,2.0,0.0,0.0,3.0,0.0,0.0,8.0,14.0,0.0,0.0,0.0,0.0,0.0,0.0,5.0,10.0,0.0,0.0,4
776,0.0,0.0,7.0,11.0,15.0,9.0,0.0,0.0,0.0,0.0,15.0,15.0,4.0,11.0,4.0,0.0,0.0,3.0,11.0,5.0,0.0,2.0,10.0,0.0,0.0,7.0,8.0,0.0,0.0,3.0,8.0,0.0,0.0,6.0,8.0,0.0,0.0,4.0,8.0,0.0,0.0,5.0,8.0,0.0,0.0,8.0,5.0,0.0,0.0,1.0,12.0,2.0,1.0,13.0,0.0,0.0,0.0,0.0,5.0,16.0,14.0,3.0,0.0,0.0,0
1116,0.0,1.0,10.0,15.0,16.0,11.0,0.0,0.0,0.0,8.0,11.0,4.0,7.0,14.0,0.0,0.0,0.0,7.0,1.0,2.0,13.0,7.0,0.0,0.0,0.0,0.0,0.0,10.0,16.0,6.0,0.0,0.0,0.0,0.0,0.0,0.0,1.0,14.0,5.0,0.0,0.0,0.0,0.0,0.0,0.0,7.0,9.0,0.0,0.0,0.0,2.0,0.0,3.0,11.0,7.0,0.0,0.0,0.0,15.0,16.0,16.0,7.0,0.0,0.0,3
1566,0.0,0.0,10.0,16.0,15.0,7.0,0.0,0.0,0.0,6.0,16.0,6.0,10.0,16.0,2.0,0.0,0.0,8.0,6.0,5.0,15.0,12.0,0.0,0.0,0.0,0.0,0.0,13.0,16.0,2.0,0.0,0.0,0.0,0.0,0.0,5.0,16.0,4.0,0.0,0.0,0.0,0.0,0.0,0.0,10.0,16.0,0.0,0.0,0.0,0.0,0.0,1.0,11.0,16.0,1.0,0.0,0.0,0.0,11.0,16.0,16.0,8.0,1.0,0.0,3
162,0.0,5.0,16.0,16.0,16.0,11.0,1.0,0.0,0.0,4.0,16.0,15.0,10.0,8.0,1.0,0.0,0.0,4.0,16.0,12.0,0.0,0.0,0.0,0.0,0.0,1.0,13.0,16.0,5.0,0.0,0.0,0.0,0.0,0.0,6.0,16.0,13.0,0.0,0.0,0.0,0.0,0.0,0.0,10.0,16.0,4.0,0.0,0.0,0.0,0.0,4.0,13.0,16.0,2.0,0.0,0.0,0.0,2.0,15.0,16.0,9.0,0.0,0.0,0.0,5
500,0.0,0.0,3.0,10.0,14.0,3.0,0.0,0.0,0.0,8.0,16.0,11.0,10.0,13.0,0.0,0.0,0.0,7.0,14.0,0.0,1.0,15.0,2.0,0.0,0.0,2.0,16.0,9.0,16.0,16.0,1.0,0.0,0.0,0.0,12.0,16.0,15.0,15.0,2.0,0.0,0.0,0.0,12.0,10.0,0.0,8.0,8.0,0.0,0.0,0.0,9.0,12.0,4.0,7.0,12.0,0.0,0.0,0.0,2.0,11.0,16.0,16.0,9.0,0.0,8
1550,0.0,0.0,11.0,14.0,16.0,10.0,0.0,0.0,0.0,6.0,15.0,8.0,6.0,4.0,0.0,0.0,0.0,5.0,12.0,2.0,0.0,0.0,0.0,0.0,0.0,12.0,16.0,15.0,1.0,0.0,0.0,0.0,0.0,3.0,11.0,11.0,6.0,0.0,0.0,0.0,0.0,0.0,0.0,12.0,10.0,0.0,0.0,0.0,0.0,0.0,5.0,16.0,9.0,0.0,0.0,0.0,0.0,0.0,13.0,16.0,3.0,0.0,0.0,0.0,5
473,0.0,0.0,0.0,0.0,7.0,6.0,0.0,0.0,0.0,0.0,0.0,6.0,15.0,6.0,0.0,0.0,0.0,0.0,1.0,15.0,5.0,14.0,3.0,0.0,0.0,0.0,12.0,8.0,4.0,16.0,0.0,0.0,0.0,5.0,16.0,9.0,10.0,16.0,4.0,0.0,0.0,1.0,11.0,12.0,14.0,14.0,4.0,0.0,0.0,0.0,0.0,0.0,8.0,8.0,0.0,0.0,0.0,0.0,0.0,0.0,11.0,7.0,0.0,0.0,4
1431,0.0,0.0,2.0,13.0,0.0,0.0,0.0,0.0,0.0,0.0,12.0,12.0,0.0,0.0,0.0,0.0,0.0,2.0,16.0,2.0,0.0,0.0,0.0,0.0,0.0,4.0,14.0,8.0,7.0,2.0,0.0,0.0,0.0,8.0,15.0,12.0,13.0,15.0,2.0,0.0,0.0,2.0,15.0,1.0,0.0,7.0,11.0,0.0,0.0,0.0,13.0,8.0,5.0,13.0,9.0,0.0,0.0,0.0,2.0,13.0,16.0,11.0,1.0,0.0,6
1773,0.0,0.0,2.0,13.0,10.0,0.0,0.0,0.0,0.0,0.0,10.0,13.0,0.0,0.0,0.0,0.0,0.0,0.0,16.0,6.0,0.0,0.0,0.0,0.0,0.0,3.0,16.0,8.0,2.0,0.0,0.0,0.0,0.0,7.0,16.0,16.0,16.0,11.0,0.0,0.0,0.0,4.0,16.0,2.0,4.0,11.0,9.0,0.0,0.0,1.0,13.0,11.0,8.0,12.0,12.0,0.0,0.0,0.0,1.0,12.0,16.0,14.0,4.0,0.0,6
1619,0.0,0.0,0.0,10.0,16.0,7.0,0.0,0.0,0.0,0.0,2.0,15.0,4.0,14.0,2.0,0.0,0.0,0.0,0.0,13.0,8.0,16.0,0.0,0.0,0.0,0.0,0.0,10.0,16.0,14.0,1.0,0.0,0.0,0.0,8.0,16.0,16.0,7.0,0.0,0.0,0.0,1.0,15.0,6.0,8.0,12.0,0.0,0.0,0.0,1.0,13.0,5.0,12.0,9.0,0.0,0.0,0.0,0.0,1.0,11.0,15.0,6.0,0.0,0.0,8
1270,0.0,2.0,13.0,16.0,10.0,0.0,0.0,0.0,0.0,6.0,13.0,10.0,16.0,0.0,0.0,0.0,0.0,0.0,0.0,8.0,14.0,0.0,0.0,0.0,0.0,0.0,1.0,14.0,9.0,0.0,0.0,0.0,0.0,0.0,9.0,14.0,1.0,0.0,0.0,0.0,0.0,1.0,14.0,7.0,0.0,0.0,1.0,0.0,0.0,4.0,16.0,5.0,7.0,12.0,14.0,0.0,0.0,3.0,15.0,16.0,16.0,10.0,1.0,0.0,2
217,0.0,0.0,15.0,16.0,11.0,3.0,0.0,0.0,0.0,0.0,4.0,10.0,15.0,15.0,3.0,0.0,0.0,0.0,0.0,0.0,14.0,16.0,5.0,0.0,0.0,0.0,0.0,5.0,16.0,12.0,0.0,0.0,0.0,0.0,0.0,3.0,16.0,11.0,1.0,0.0,0.0,0.0,0.0,2.0,13.0,16.0,9.0,0.0,0.0,0.0,6.0,15.0,16.0,12.0,3.0,0.0,0.0,0.0,15.0,14.0,7.0,1.0,0.0,0.0,3
1666,0.0,0.0,1.0,9.0,15.0,10.0,1.0,0.0,0.0,0.0,2.0,12.0,8.0,12.0,4.0,0.0,0.0,0.0,0.0,11.0,1.0,11.0,3.0,0.0,0.0,0.0,0.0,8.0,8.0,15.0,4.0,0.0,0.0,2.0,15.0,16.0,16.0,7.0,0.0,0.0,0.0,2.0,15.0,5.0,11.0,0.0,0.0,0.0,0.0,0.0,14.0,4.0,12.0,0.0,0.0,0.0,0.0,0.0,3.0,14.0,9.0,0.0,0.0,0.0,8
1704,0.0,0.0,12.0,16.0,14.0,8.0,0.0,0.0,0.0,7.0,16.0,10.0,14.0,16.0,0.0,0.0,0.0,4.0,16.0,11.0,14.0,16.0,4.0,0.0,0.0,0.0,5.0,14.0,16.0,16.0,8.0,0.0,0.0,0.0,0.0,0.0,0.0,16.0,8.0,0.0,0.0,0.0,0.0,0.0,4.0,16.0,6.0,0.0,0.0,2.0,12.0,9.0,16.0,15.0,1.0,0.0,0.0,1.0,9.0,16.0,14.0,3.0,0.0,0.0,9
298,0.0,0.0,7.0,12.0,9.0,0.0,0.0,0.0,0.0,0.0,12.0,16.0,16.0,1.0,0.0,0.0,0.0,0.0,11.0,16.0,16.0,0.0,0.0,0.0,0.0,0.0,12.0,16.0,16.0,0.0,0.0,0.0,0.0,0.0,13.0,16.0,16.0,0.0,0.0,0.0,0.0,0.0,13.0,16.0,16.0,0.0,0.0,0.0,0.0,1.0,14.0,16.0,16.0,1.0,0.0,0.0,0.0,0.0,4.0,12.0,12.0,9.0,0.0,0.0,1
814,0.0,0.0,2.0,12.0,14.0,8.0,0.0,0.0,0.0,0.0,13.0,13.0,15.0,12.0,0.0,0.0,0.0,5.0,15.0,2.0,10.0,6.0,0.0,0.0,0.0,2.0,14.0,13.0,14.0,1.0,0.0,0.0,0.0,0.0,0.0,11.0,15.0,13.0,1.0,0.0,0.0,0.0,1.0,15.0,3.0,14.0,7.0,0.0,0.0,0.0,6.0,13.0,1.0,16.0,4.0,0.0,0.0,0.0,1.0,12.0,16.0,11.0,0.0,0.0,8
542,0.0,0.0,2.0,15.0,15.0,3.0,0.0,0.0,0.0,0.0,13.0,15.0,8.0,3.0,0.0,0.0,0.0,5.0,16.0,6.0,0.0,0.0,0.0,0.0,0.0,8.0,15.0,5.0,4.0,2.0,0.0,0.0,0.0,8.0,16.0,16.0,16.0,14.0,2.0,0.0,0.0,4.0,16.0,7.0,1.0,13.0,8.0,0.0,0.0,0.0,11.0,12.0,1.0,11.0,13.0,0.0,0.0,0.0,1.0,12.0,16.0,16.0,10.0,0.0,6
348,0.0,0.0,2.0,10.0,16.0,13.0,0.0,0.0,0.0,3.0,16.0,8.0,2.0,16.0,1.0,0.0,0.0,8.0,13.0,0.0,2.0,16.0,6.0,0.0,0.0,6.0,16.0,12.0,16.0,16.0,7.0,0.0,0.0,0.0,2.0,4.0,8.0,12.0,1.0,0.0,0.0,0.0,0.0,1.0,15.0,3.0,0.0,0.0,0.0,0.0,0.0,9.0,10.0,0.0,0.0,0.0,0.0,0.0,1.0,16.0,3.0,0.0,0.0,0.0,9
958,0.0,0.0,8.0,6.0,0.0,0.0,0.0,0.0,0.0,0.0,6.0,14.0,0.0,0.0,0.0,0.0,0.0,0.0,6.0,16.0,3.0,0.0,0.0,0.0,0.0,0.0,10.0,16.0,9.0,0.0,0.0,0.0,0.0,0.0,1.0,6.0,16.0,2.0,0.0,0.0,0.0,0.0,0.0,0.0,13.0,7.0,0.0,0.0,0.0,0.0,4.0,8.0,14.0,14.0,8.0,4.0,0.0,0.0,9.0,16.0,16.0,16.0,16.0,13.0,1
1688,0.0,0.0,6.0,12.0,11.0,0.0,0.0,0.0,0.0,0.0,12.0,16.0,15.0,0.0,0.0,0.0,0.0,0.0,13.0,16.0,14.0,2.0,0.0,0.0,0.0,1.0,15.0,16.0,11.0,2.0,0.0,0.0,0.0,0.0,9.0,16.0,10.0,0.0,0.0,0.0,0.0,0.0,9.0,16.0,14.0,5.0,0.0,0.0,0.0,0.0,10.0,16.0,16.0,14.0,0.0,0.0,0.0,0.0,4.0,11.0,12.0,8.0,0.0,0.0,1
1100,0.0,1.0,12.0,15.0,10.0,2.0,0.0,0.0,0.0,4.0,14.0,1.0,6.0,12.0,2.0,0.0,0.0,7.0,15.0,0.0,1.0,14.0,4.0,0.0,0.0,3.0,15.0,12.0,15.0,10.0,0.0,0.0,0.0,0.0,3.0,15.0,1.0,0.0,0.0,0.0,0.0,0.0,0.0,3.0,13.0,1.0,0.0,0.0,0.0,0.0,0.0,0.0,10.0,6.0,0.0,0.0,0.0,0.0,11.0,12.0,13.0,4.0,0.0,0.0,9
459,0.0,0.0,7.0,14.0,10.0,7.0,0.0,0.0,0.0,5.0,16.0,14.0,16.0,14.0,0.0,0.0,0.0,7.0,11.0,0.0,9.0,14.0,1.0,0.0,0.0,4.0,14.0,7.0,11.0,16.0,5.0,0.0,0.0,0.0,9.0,15.0,15.0,12.0,8.0,0.0,0.0,0.0,0.0,1.0,1.0,8.0,9.0,0.0,0.0,0.0,14.0,11.0,10.0,15.0,9.0,0.0,0.0,0.0,9.0,13.0,13.0,9.0,0.0,0.0,9
1546,0.0,0.0,0.0,14.0,10.0,0.0,0.0,0.0,0.0,0.0,3.0,16.0,16.0,3.0,0.0,0.0,0.0,0.0,7.0,16.0,16.0,7.0,0.0,0.0,0.0,0.0,12.0,16.0,16.0,5.0,0.0,0.0,0.0,0.0,4.0,15.0,16.0,6.0,0.0,0.0,0.0,0.0,0.0,13.0,16.0,0.0,0.0,0.0,0.0,0.0,0.0,14.0,12.0,0.0,0.0,0.0,0.0,0.0,0.0,10.0,10.0,0.0,0.0,0.0,1
783,0.0,0.0,5.0,15.0,16.0,14.0,1.0,0.0,0.0,0.0,11.0,13.0,9.0,16.0,5.0,0.0,0.0,0.0,0.0,0.0,5.0,16.0,2.0,0.0,0.0,0.0,0.0,0.0,9.0,11.0,0.0,0.0,0.0,0.0,7.0,13.0,15.0,12.0,1.0,0.0,0.0,0.0,7.0,14.0,14.0,12.0,4.0,0.0,0.0,0.0,0.0,14.0,3.0,0.0,0.0,0.0,0.0,0.0,7.0,10.0,0.0,0.0,0.0,0.0,7
1209,0.0,0.0,3.0,12.0,16.0,13.0,0.0,0.0,0.0,1.0,14.0,9.0,10.0,13.0,0.0,0.0,0.0,0.0,2.0,0.0,10.0,10.0,0.0,0.0,0.0,0.0,3.0,7.0,15.0,16.0,10.0,0.0,0.0,0.0,16.0,16.0,15.0,3.0,0.0,0.0,0.0,0.0,3.0,13.0,7.0,0.0,0.0,0.0,0.0,0.0,0.0,16.0,2.0,0.0,0.0,0.0,0.0,0.0,4.0,15.0,0.0,0.0,0.0,0.0,7
1538,0.0,0.0,2.0,11.0,14.0,12.0,3.0,0.0,0.0,0.0,14.0,14.0,9.0,15.0,8.0,0.0,0.0,5.0,12.0,0.0,5.0,15.0,2.0,0.0,0.0,3.0,16.0,11.0,15.0,3.0,0.0,0.0,0.0,0.0,1.0,14.0,16.0,4.0,0.0,0.0,0.0,0.0,0.0,15.0,5.0,15.0,0.0,0.0,0.0,0.0,1.0,16.0,10.0,11.0,0.0,0.0,0.0,0.0,0.0,15.0,13.0,2.0,0.0,0.0,8
61,0.0,0.0,6.0,13.0,16.0,6.0,0.0,0.0,0.0,3.0,16.0,14.0,15.0,16.0,1.0,0.0,0.0,0.0,5.0,0.0,8.0,16.0,2.0,0.0,0.0,0.0,0.0,0.0,8.0,16.0,3.0,0.0,0.0,3.0,15.0,16.0,16.0,16.0,9.0,0.0,0.0,5.0,13.0,14.0,16.0,11.0,3.0,0.0,0.0,0.0,0.0,12.0,15.0,1.0,0.0,0.0,0.0,0.0,4.0,16.0,7.0,0.0,0.0,0.0,7
206,0.0,0.0,10.0,13.0,0.0,0.0,0.0,0.0,0.0,0.0,14.0,15.0,11.0,0.0,0.0,0.0,0.0,0.0,12.0,9.0,16.0,8.0,2.0,0.0,0.0,0.0,5.0,14.0,16.0,11.0,1.0,0.0,0.0,0.0,3.0,16.0,10.0,0.0,0.0,0.0,0.0,0.0,12.0,11.0,16.0,0.0,0.0,0.0,0.0,1.0,16.0,7.0,16.0,5.0,0.0,0.0,0.0,0.0,11.0,16.0,13.0,1.0,0.0,0.0,8
10,0.0,0.0,1.0,9.0,15.0,11.0,0.0,0.0,0.0,0.0,11.0,16.0,8.0,14.0,6.0,0.0,0.0,2.0,16.0,10.0,0.0,9.0,9.0,0.0,0.0,1.0,16.0,4.0,0.0,8.0,8.0,0.0,0.0,4.0,16.0,4.0,0.0,8.0,8.0,0.0,0.0,1.0,16.0,5.0,1.0,11.0,3.0,0.0,0.0,0.0,12.0,12.0,10.0,10.0,0.0,0.0,0.0,0.0,1.0,10.0,13.0,3.0,0.0,0.0,0
1359,0.0,0.0,1.0,12.0,12.0,3.0,0.0,0.0,0.0,0.0,9.0,13.0,5.0,14.0,0.0,0.0,0.0,0.0,15.0,3.0,0.0,10.0,2.0,0.0,0.0,3.0,16.0,4.0,0.0,9.0,4.0,0.0,0.0,4.0,13.0,0.0,0.0,9.0,2.0,0.0,0.0,3.0,13.0,0.0,1.0,15.0,0.0,0.0,0.0,0.0,13.0,6.0,8.0,9.0,0.0,0.0,0.0,0.0,2.0,14.0,12.0,2.0,0.0,0.0,0
1336,0.0,0.0,2.0,14.0,13.0,1.0,0.0,0.0,0.0,0.0,14.0,16.0,13.0,11.0,0.0,0.0,0.0,4.0,16.0,11.0,1.0,13.0,3.0,0.0,0.0,5.0,16.0,3.0,0.0,10.0,9.0,0.0,0.0,6.0,13.0,0.0,0.0,9.0,11.0,0.0,0.0,2.0,15.0,0.0,1.0,15.0,8.0,0.0,0.0,0.0,11.0,12.0,15.0,15.0,1.0,0.0,0.0,0.0,2.0,13.0,16.0,5.0,0.0,0.0,0
829,0.0,0.0,0.0,9.0,13.0,10.0,1.0,0.0,0.0,0.0,9.0,12.0,4.0,15.0,5.0,0.0,0.0,0.0,16.0,4.0,0.0,12.0,4.0,0.0,0.0,3.0,15.0,9.0,3.0,14.0,1.0,0.0,0.0,0.0,2.0,9.0,16.0,10.0,0.0,0.0,0.0,0.0,0.0,4.0,14.0,15.0,2.0,0.0,0.0,0.0,0.0,10.0,8.0,14.0,3.0,0.0,0.0,0.0,0.0,10.0,16.0,12.0,0.0,0.0,8
137,0.0,0.0,2.0,15.0,15.0,3.0,0.0,0.0,0.0,0.0,8.0,14.0,16.0,11.0,0.0,0.0,0.0,0.0,0.0,0.0,11.0,14.0,0.0,0.0,0.0,0.0,0.0,0.0,11.0,14.0,3.0,0.0,0.0,0.0,4.0,12.0,16.0,16.0,7.0,0.0,0.0,0.0,11.0,16.0,12.0,1.0,0.0,0.0,0.0,0.0,1.0,14.0,6.0,0.0,0.0,0.0,0.0,0.0,4.0,12.0,1.0,0.0,0.0,0.0,7
119,0.0,0.0,0.0,12.0,14.0,1.0,0.0,0.0,0.0,0.0,9.0,16.0,10.0,5.0,0.0,0.0,0.0,0.0,8.0,13.0,5.0,14.0,0.0,0.0,0.0,0.0,2.0,14.0,16.0,16.0,4.0,0.0,0.0,0.0,0.0,0.0,4.0,10.0,10.0,0.0,0.0,0.0,0.0,0.0,0.0,4.0,16.0,0.0,0.0,0.0,2.0,6.0,4.0,9.0,16.0,0.0,0.0,0.0,1.0,11.0,16.0,15.0,7.0,0.0,9
948,0.0,0.0,7.0,16.0,14.0,13.0,10.0,0.0,0.0,0.0,10.0,12.0,10.0,16.0,4.0,0.0,0.0,0.0,15.0,5.0,8.0,13.0,0.0,0.0,0.0,1.0,7.0,1.0,16.0,3.0,0.0,0.0,0.0,2.0,11.0,13.0,16.0,12.0,6.0,0.0,0.0,4.0,12.0,15.0,14.0,11.0,2.0,0.0,0.0,0.0,3.0,16.0,3.0,0.0,0.0,0.0,0.0,0.0,9.0,13.0,0.0,0.0,0.0,0.0,7
992,0.0,0.0,2.0,15.0,16.0,9.0,0.0,0.0,0.0,0.0,3.0,13.0,11.0,16.0,0.0,0.0,0.0,0.0,0.0,2.0,13.0,12.0,0.0,0.0,0.0,0.0,0.0,9.0,16.0,11.0,0.0,0.0,0.0,3.0,3.0,1.0,6.0,15.0,8.0,0.0,0.0,11.0,13.0,0.0,0.0,10.0,12.0,0.0,0.0,3.0,16.0,12.0,7.0,16.0,8.0,0.0,0.0,0.0,3.0,15.0,16.0,10.0,0.0,0.0,3
129,0.0,0.0,7.0,13.0,15.0,5.0,0.0,0.0,0.0,0.0,8.0,16.0,16.0,12.0,0.0,0.0,0.0,0.0,7.0,16.0,15.0,3.0,0.0,0.0,0.0,0.0,6.0,16.0,5.0,0.0,0.0,0.0,0.0,0.0,5.0,16.0,2.0,0.0,0.0,0.0,0.0,0.0,8.0,16.0,6.0,0.0,0.0,0.0,0.0,0.0,12.0,12.0,13.0,0.0,0.0,0.0,0.0,0.0,5.0,13.0,10.0,0.0,0.0,0.0,8
1753,0.0,0.0,1.0,15.0,15.0,2.0,0.0,0.0,0.0,0.0,3.0,12.0,16.0,6.0,0.0,0.0,0.0,0.0,0.0,4.0,16.0,4.0,0.0,0.0,0.0,0.0,3.0,8.0,16.0,4.0,0.0,0.0,0.0,10.0,16.0,16.0,16.0,16.0,8.0,0.0,0.0,8.0,11.0,14.0,14.0,5.0,1.0,0.0,0.0,0.0,0.0,15.0,6.0,0.0,0.0,0.0,0.0,0.0,1.0,15.0,2.0,0.0,0.0,0.0,7
83,0.0,2.0,13.0,15.0,10.0,4.0,0.0,0.0,0.0,0.0,5.0,4.0,13.0,15.0,2.0,0.0,0.0,0.0,0.0,0.0,11.0,16.0,4.0,0.0,0.0,0.0,0.0,0.0,16.0,12.0,0.0,0.0,0.0,0.0,0.0,0.0,13.0,11.0,0.0,0.0,0.0,0.0,0.0,0.0,8.0,13.0,0.0,0.0,0.0,1.0,6.0,8.0,14.0,12.0,0.0,0.0,0.0,2.0,12.0,14.0,11.0,1.0,0.0,0.0,3
1610,0.0,0.0,0.0,9.0,11.0,0.0,0.0,0.0,0.0,0.0,1.0,16.0,11.0,0.0,0.0,0.0,0.0,0.0,6.0,16.0,1.0,0.0,0.0,0.0,0.0,0.0,11.0,11.0,6.0,7.0,1.0,0.0,0.0,0.0,13.0,14.0,15.0,16.0,8.0,0.0,0.0,0.0,12.0,13.0,5.0,5.0,13.0,0.0,0.0,0.0,6.0,14.0,8.0,15.0,12.0,0.0,0.0,0.0,0.0,10.0,16.0,12.0,2.0,0.0,6
398,0.0,0.0,7.0,13.0,3.0,0.0,0.0,0.0,0.0,0.0,15.0,16.0,11.0,0.0,0.0,0.0,0.0,0.0,14.0,5.0,15.0,3.0,0.0,0.0,0.0,0.0,6.0,2.0,14.0,5.0,0.0,0.0,0.0,0.0,0.0,0.0,12.0,8.0,0.0,0.0,0.0,0.0,0.0,6.0,16.0,4.0,4.0,0.0,0.0,0.0,7.0,16.0,16.0,16.0,16.0,3.0,0.0,0.0,6.0,15.0,6.0,9.0,9.0,1.0,2
1674,0.0,0.0,7.0,16.0,16.0,15.0,5.0,0.0,0.0,0.0,9.0,12.0,15.0,16.0,7.0,0.0,0.0,0.0,0.0,0.0,9.0,15.0,1.0,0.0,0.0,0.0,7.0,12.0,15.0,15.0,8.0,0.0,0.0,1.0,16.0,16.0,16.0,13.0,5.0,0.0,0.0,0.0,0.0,14.0,10.0,0.0,0.0,0.0,0.0,0.0,5.0,16.0,2.0,0.0,0.0,0.0,0.0,0.0,8.0,14.0,1.0,0.0,0.0,0.0,7
1502,0.0,0.0,0.0,7.0,13.0,0.0,0.0,0.0,0.0,0.0,0.0,14.0,6.0,0.0,0.0,0.0,0.0,0.0,10.0,10.0,2.0,6.0,0.0,0.0,0.0,3.0,16.0,3.0,9.0,13.0,2.0,0.0,0.0,11.0,12.0,6.0,14.0,16.0,10.0,0.0,0.0,11.0,16.0,16.0,16.0,10.0,3.0,0.0,0.0,2.0,8.0,10.0,16.0,1.0,0.0,0.0,0.0,0.0,0.0,9.0,13.0,0.0,0.0,0.0,4
1214,0.0,1.0,10.0,15.0,15.0,5.0,0.0,0.0,0.0,11.0,16.0,9.0,12.0,10.0,0.0,0.0,0.0,15.0,6.0,0.0,14.0,7.0,0.0,0.0,0.0,0.0,0.0,6.0,16.0,5.0,0.0,0.0,0.0,0.0,1.0,15.0,11.0,0.0,0.0,0.0,0.0,0.0,5.0,16.0,4.0,0.0,0.0,0.0,0.0,1.0,15.0,11.0,8.0,12.0,14.0,1.0,0.0,1.0,15.0,16.0,16.0,12.0,5.0,0.0,2
1754,0.0,0.0,0.0,0.0,13.0,8.0,0.0,0.0,0.0,0.0,0.0,5.0,16.0,3.0,0.0,0.0,0.0,0.0,0.0,14.0,10.0,2.0,9.0,0.0,0.0,1.0,11.0,13.0,0.0,10.0,15.0,0.0,0.0,12.0,15.0,5.0,7.0,14.0,10.0,0.0,1.0,15.0,16.0,16.0,16.0,16.0,4.0,0.0,0.0,4.0,4.0,3.0,10.0,14.0,0.0,0.0,0.0,0.0,0.0,0.0,15.0,7.0,0.0,0.0,4
1165,0.0,1.0,10.0,9.0,11.0,5.0,0.0,0.0,1.0,14.0,8.0,1.0,2.0,11.0,0.0,0.0,0.0,14.0,3.0,0.0,11.0,5.0,0.0,0.0,0.0,2.0,12.0,12.0,11.0,0.0,0.0,0.0,0.0,0.0,2.0,15.0,14.0,4.0,0.0,0.0,0.0,0.0,11.0,5.0,1.0,12.0,2.0,0.0,0.0,0.0,13.0,0.0,0.0,14.0,2.0,0.0,0.0,0.0,9.0,13.0,16.0,9.0,0.0,0.0,8
1492,0.0,4.0,16.0,16.0,3.0,0.0,0.0,0.0,0.0,11.0,14.0,11.0,11.0,0.0,0.0,0.0,0.0,11.0,7.0,2.0,16.0,1.0,0.0,0.0,0.0,0.0,0.0,3.0,16.0,0.0,0.0,0.0,0.0,0.0,0.0,10.0,12.0,0.0,0.0,0.0,0.0,0.0,3.0,16.0,8.0,5.0,3.0,0.0,0.0,0.0,12.0,16.0,16.0,16.0,16.0,0.0,0.0,3.0,16.0,15.0,8.0,7.0,4.0,0.0,2
499,0.0,1.0,11.0,13.0,2.0,0.0,0.0,0.0,0.0,8.0,15.0,15.0,6.0,0.0,0.0,0.0,0.0,10.0,9.0,6.0,14.0,0.0,0.0,0.0,0.0,3.0,10.0,4.0,10.0,0.0,0.0,0.0,0.0,0.0,0.0,11.0,7.0,0.0,0.0,0.0,0.0,0.0,2.0,15.0,3.0,0.0,0.0,0.0,0.0,2.0,13.0,16.0,13.0,11.0,2.0,0.0,0.0,1.0,12.0,12.0,12.0,15.0,11.0,0.0,2
408,0.0,0.0,9.0,11.0,2.0,0.0,0.0,0.0,0.0,8.0,16.0,14.0,12.0,0.0,0.0,0.0,0.0,9.0,10.0,5.0,15.0,0.0,0.0,0.0,0.0,5.0,10.0,4.0,16.0,1.0,0.0,0.0,0.0,0.0,0.0,5.0,15.0,0.0,0.0,0.0,0.0,0.0,2.0,13.0,9.0,2.0,1.0,0.0,0.0,0.0,10.0,16.0,15.0,14.0,15.0,0.0,0.0,0.0,7.0,9.0,9.0,12.0,4.0,0.0,2
658,0.0,0.0,6.0,15.0,15.0,1.0,0.0,0.0,0.0,4.0,16.0,13.0,16.0,4.0,0.0,0.0,0.0,10.0,11.0,2.0,16.0,2.0,0.0,0.0,0.0,1.0,1.0,10.0,14.0,0.0,0.0,0.0,0.0,0.0,1.0,14.0,6.0,0.0,0.0,0.0,0.0,0.0,6.0,14.0,1.0,12.0,9.0,0.0,0.0,0.0,11.0,15.0,14.0,16.0,9.0,0.0,0.0,0.0,8.0,16.0,12.0,5.0,0.0,0.0,2
470,0.0,0.0,11.0,11.0,2.0,0.0,0.0,0.0,0.0,3.0,16.0,16.0,8.0,0.0,0.0,0.0,0.0,6.0,12.0,8.0,8.0,0.0,0.0,0.0,0.0,0.0,5.0,6.0,12.0,0.0,0.0,0.0,0.0,0.0,0.0,11.0,9.0,0.0,0.0,0.0,0.0,0.0,0.0,15.0,6.0,3.0,5.0,0.0,0.0,0.0,13.0,16.0,13.0,15.0,9.0,0.0,0.0,1.0,12.0,12.0,12.0,12.0,1.0,0.0,2
85,0.0,0.0,0.0,1.0,16.0,5.0,0.0,0.0,0.0,0.0,0.0,5.0,16.0,11.0,0.0,0.0,0.0,0.0,0.0,12.0,16.0,11.0,0.0,0.0,0.0,7.0,12.0,16.0,16.0,7.0,0.0,0.0,0.0,4.0,8.0,12.0,16.0,4.0,0.0,0.0,0.0,0.0,0.0,9.0,16.0,2.0,0.0,0.0,0.0,0.0,0.0,10.0,16.0,2.0,0.0,0.0,0.0,0.0,0.0,3.0,13.0,5.0,0.0,0.0,1
172,0.0,0.0,0.0,0.0,14.0,16.0,7.0,0.0,0.0,0.0,0.0,5.0,16.0,16.0,8.0,0.0,0.0,0.0,1.0,12.0,16.0,16.0,8.0,0.0,0.0,5.0,14.0,16.0,16.0,16.0,5.0,0.0,0.0,1.0,4.0,7.0,16.0,16.0,8.0,0.0,0.0,0.0,0.0,2.0,16.0,16.0,7.0,0.0,0.0,0.0,0.0,2.0,16.0,16.0,3.0,0.0,0.0,0.0,0.0,0.0,16.0,16.0,0.0,0.0,1
1578,0.0,0.0,5.0,15.0,14.0,13.0,2.0,0.0,0.0,0.0,12.0,15.0,9.0,7.0,1.0,0.0,0.0,5.0,16.0,8.0,0.0,0.0,0.0,0.0,0.0,9.0,16.0,16.0,7.0,0.0,0.0,0.0,0.0,6.0,12.0,14.0,7.0,0.0,0.0,0.0,0.0,0.0,0.0,11.0,6.0,0.0,0.0,0.0,0.0,0.0,2.0,16.0,3.0,0.0,0.0,0.0,0.0,0.0,7.0,14.0,0.0,0.0,0.0,0.0,5
102,0.0,0.0,12.0,16.0,16.0,8.0,0.0,0.0,0.0,3.0,16.0,13.0,8.0,5.0,0.0,0.0,0.0,2.0,16.0,3.0,0.0,0.0,0.0,0.0,0.0,0.0,16.0,13.0,9.0,0.0,0.0,0.0,0.0,0.0,10.0,16.0,16.0,7.0,0.0,0.0,0.0,0.0,0.0,1.0,10.0,13.0,0.0,0.0,0.0,0.0,2.0,11.0,16.0,10.0,0.0,0.0,0.0,0.0,11.0,16.0,12.0,0.0,0.0,0.0,5
523,0.0,0.0,9.0,15.0,16.0,2.0,0.0,0.0,0.0,0.0,13.0,9.0,16.0,4.0,0.0,0.0,0.0,0.0,2.0,6.0,16.0,16.0,12.0,0.0,0.0,0.0,14.0,16.0,14.0,8.0,7.0,0.0,0.0,0.0,3.0,14.0,9.0,0.0,0.0,0.0,0.0,0.0,3.0,16.0,3.0,0.0,0.0,0.0,0.0,0.0,10.0,16.0,0.0,0.0,0.0,0.0,0.0,0.0,12.0,11.0,0.0,0.0,0.0,0.0,7
3,0.0,0.0,7.0,15.0,13.0,1.0,0.0,0.0,0.0,8.0,13.0,6.0,15.0,4.0,0.0,0.0,0.0,2.0,1.0,13.0,13.0,0.0,0.0,0.0,0.0,0.0,2.0,15.0,11.0,1.0,0.0,0.0,0.0,0.0,0.0,1.0,12.0,12.0,1.0,0.0,0.0,0.0,0.0,0.0,1.0,10.0,8.0,0.0,0.0,0.0,8.0,4.0,5.0,14.0,9.0,0.0,0.0,0.0,7.0,13.0,13.0,9.0,0.0,0.0,3
1454,0.0,1.0,14.0,16.0,14.0,8.0,0.0,0.0,0.0,5.0,12.0,5.0,14.0,9.0,0.0,0.0,0.0,2.0,15.0,9.0,13.0,12.0,0.0,0.0,0.0,0.0,3.0,8.0,8.0,16.0,2.0,0.0,0.0,0.0,0.0,0.0,0.0,11.0,6.0,0.0,0.0,0.0,4.0,0.0,0.0,8.0,8.0,0.0,0.0,4.0,14.0,4.0,5.0,14.0,7.0,0.0,0.0,1.0,13.0,16.0,16.0,10.0,1.0,0.0,9
86,0.0,0.0,2.0,7.0,15.0,13.0,1.0,0.0,0.0,0.0,14.0,12.0,9.0,14.0,8.0,0.0,0.0,0.0,2.0,0.0,0.0,12.0,8.0,0.0,0.0,0.0,0.0,0.0,0.0,13.0,6.0,0.0,0.0,5.0,16.0,16.0,16.0,16.0,5.0,0.0,0.0,2.0,5.0,7.0,13.0,14.0,2.0,0.0,0.0,0.0,0.0,1.0,15.0,5.0,0.0,0.0,0.0,0.0,0.0,11.0,9.0,0.0,0.0,0.0,7
1420,0.0,1.0,12.0,12.0,12.0,15.0,6.0,0.0,0.0,1.0,14.0,5.0,5.0,4.0,1.0,0.0,0.0,0.0,12.0,0.0,0.0,0.0,0.0,0.0,0.0,8.0,16.0,16.0,15.0,8.0,0.0,0.0,0.0,1.0,4.0,4.0,5.0,12.0,7.0,0.0,0.0,0.0,0.0,0.0,0.0,11.0,4.0,0.0,0.0,2.0,7.0,2.0,10.0,12.0,0.0,0.0,0.0,2.0,16.0,15.0,8.0,1.0,0.0,0.0,5
1513,0.0,0.0,5.0,12.0,13.0,3.0,0.0,0.0,0.0,4.0,16.0,9.0,8.0,12.0,0.0,0.0,0.0,2.0,3.0,0.0,5.0,11.0,0.0,0.0,0.0,0.0,0.0,3.0,11.0,10.0,0.0,0.0,0.0,0.0,0.0,6.0,14.0,15.0,3.0,0.0,0.0,0.0,0.0,0.0,0.0,7.0,11.0,0.0,0.0,0.0,10.0,6.0,4.0,9.0,11.0,0.0,0.0,0.0,6.0,16.0,16.0,14.0,2.0,0.0,3
70,0.0,0.0,0.0,0.0,14.0,7.0,0.0,0.0,0.0,0.0,0.0,13.0,16.0,9.0,0.0,0.0,0.0,0.0,10.0,16.0,16.0,7.0,0.0,0.0,0.0,7.0,16.0,8.0,16.0,2.0,0.0,0.0,0.0,1.0,5.0,6.0,16.0,6.0,0.0,0.0,0.0,0.0,0.0,4.0,16.0,6.0,0.0,0.0,0.0,0.0,0.0,2.0,16.0,6.0,0.0,0.0,0.0,0.0,0.0,0.0,12.0,11.0,0.0,0.0,1
460,0.0,0.0,9.0,13.0,14.0,15.0,13.0,0.0,0.0,0.0,16.0,13.0,12.0,12.0,5.0,0.0,0.0,4.0,16.0,0.0,0.0,0.0,0.0,0.0,0.0,8.0,16.0,16.0,11.0,1.0,0.0,0.0,0.0,1.0,7.0,8.0,16.0,12.0,0.0,0.0,0.0,0.0,0.0,0.0,9.0,13.0,0.0,0.0,0.0,0.0,12.0,8.0,12.0,10.0,0.0,0.0,0.0,0.0,10.0,16.0,13.0,3.0,0.0,0.0,5
515,0.0,0.0,8.0,11.0,8.0,10.0,0.0,0.0,0.0,3.0,15.0,8.0,12.0,16.0,4.0,0.0,0.0,3.0,12.0,0.0,3.0,16.0,2.0,0.0,0.0,0.0,11.0,10.0,15.0,10.0,0.0,0.0,0.0,0.0,4.0,16.0,16.0,6.0,0.0,0.0,0.0,0.0,7.0,9.0,4.0,16.0,0.0,0.0,0.0,0.0,12.0,11.0,5.0,16.0,0.0,0.0,0.0,0.0,3.0,10.0,9.0,3.0,0.0,0.0,8
1153,0.0,0.0,2.0,12.0,12.0,1.0,0.0,0.0,0.0,2.0,12.0,12.0,6.0,11.0,0.0,0.0,0.0,10.0,13.0,0.0,0.0,10.0,2.0,0.0,0.0,8.0,11.0,0.0,0.0,6.0,6.0,0.0,0.0,7.0,9.0,0.0,0.0,4.0,9.0,0.0,0.0,3.0,13.0,0.0,0.0,8.0,12.0,0.0,0.0,0.0,12.0,12.0,9.0,16.0,7.0,0.0,0.0,0.0,1.0,12.0,16.0,9.0,1.0,0.0,0
916,0.0,0.0,16.0,8.0,0.0,0.0,0.0,0.0,0.0,2.0,16.0,13.0,0.0,0.0,0.0,0.0,0.0,2.0,16.0,16.0,6.0,0.0,0.0,0.0,0.0,0.0,8.0,16.0,10.0,0.0,0.0,0.0,0.0,0.0,0.0,14.0,12.0,0.0,0.0,0.0,0.0,0.0,0.0,10.0,16.0,2.0,0.0,0.0,0.0,0.0,5.0,12.0,16.0,11.0,8.0,3.0,0.0,0.0,12.0,16.0,16.0,16.0,16.0,9.0,1
672,0.0,0.0,1.0,10.0,0.0,0.0,0.0,0.0,0.0,0.0,7.0,12.0,0.0,0.0,0.0,0.0,0.0,0.0,12.0,7.0,0.0,0.0,0.0,0.0,0.0,0.0,14.0,3.0,0.0,0.0,0.0,0.0,0.0,0.0,15.0,9.0,12.0,10.0,2.0,0.0,0.0,0.0,16.0,13.0,8.0,8.0,11.0,0.0,0.0,0.0,13.0,10.0,4.0,9.0,15.0,0.0,0.0,0.0,3.0,10.0,15.0,9.0,2.0,0.0,6
519,0.0,0.0,1.0,9.0,15.0,5.0,0.0,0.0,0.0,0.0,14.0,11.0,5.0,11.0,0.0,0.0,0.0,4.0,15.0,1.0,4.0,14.0,0.0,0.0,0.0,0.0,6.0,1.0,13.0,9.0,0.0,0.0,0.0,0.0,0.0,0.0,10.0,13.0,1.0,0.0,0.0,0.0,0.0,0.0,0.0,8.0,10.0,0.0,0.0,0.0,12.0,9.0,4.0,4.0,15.0,0.0,0.0,0.0,1.0,10.0,16.0,15.0,11.0,1.0,3
143,0.0,6.0,16.0,16.0,15.0,7.0,0.0,0.0,0.0,2.0,11.0,12.0,16.0,16.0,5.0,0.0,0.0,0.0,0.0,0.0,14.0,15.0,2.0,0.0,0.0,0.0,0.0,1.0,16.0,11.0,0.0,0.0,0.0,0.0,0.0,0.0,14.0,14.0,0.0,0.0,0.0,0.0,0.0,0.0,5.0,16.0,9.0,0.0,0.0,0.0,3.0,7.0,12.0,16.0,7.0,0.0,0.0,3.0,16.0,16.0,15.0,11.0,1.0,0.0,3
414,0.0,0.0,1.0,11.0,14.0,5.0,0.0,0.0,0.0,1.0,16.0,14.0,6.0,13.0,1.0,0.0,0.0,9.0,14.0,2.0,0.0,16.0,4.0,0.0,0.0,5.0,13.0,0.0,6.0,16.0,1.0,0.0,0.0,1.0,15.0,16.0,16.0,12.0,0.0,0.0,0.0,0.0,5.0,14.0,3.0,13.0,4.0,0.0,0.0,0.0,3.0,15.0,7.0,16.0,1.0,0.0,0.0,0.0,0.0,11.0,16.0,8.0,0.0,0.0,8
525,0.0,0.0,3.0,11.0,15.0,8.0,0.0,0.0,0.0,3.0,14.0,10.0,5.0,15.0,2.0,0.0,0.0,8.0,10.0,0.0,3.0,16.0,4.0,0.0,0.0,8.0,9.0,1.0,10.0,16.0,7.0,0.0,0.0,1.0,15.0,16.0,9.0,9.0,7.0,0.0,0.0,0.0,0.0,0.0,0.0,5.0,8.0,0.0,0.0,0.0,4.0,6.0,5.0,13.0,7.0,0.0,0.0,0.0,3.0,16.0,15.0,8.0,1.0,0.0,9
1678,0.0,0.0,0.0,8.0,12.0,9.0,2.0,0.0,0.0,0.0,5.0,16.0,16.0,16.0,4.0,0.0,0.0,0.0,9.0,16.0,16.0,11.0,0.0,0.0,0.0,3.0,16.0,16.0,16.0,5.0,0.0,0.0,0.0,4.0,16.0,16.0,16.0,4.0,0.0,0.0,0.0,1.0,15.0,16.0,16.0,3.0,0.0,0.0,0.0,0.0,8.0,16.0,16.0,9.0,0.0,0.0,0.0,0.0,0.0,9.0,12.0,6.0,0.0,0.0,1
1544,0.0,0.0,1.0,10.0,11.0,2.0,0.0,0.0,0.0,0.0,12.0,12.0,8.0,15.0,4.0,0.0,0.0,6.0,11.0,0.0,1.0,12.0,7.0,0.0,0.0,4.0,16.0,7.0,15.0,12.0,0.0,0.0,0.0,0.0,5.0,15.0,15.0,3.0,0.0,0.0,0.0,0.0,0.0,14.0,7.0,14.0,0.0,0.0,0.0,0.0,4.0,12.0,7.0,10.0,0.0,0.0,0.0,0.0,1.0,16.0,16.0,3.0,0.0,0.0,8
1469,0.0,5.0,16.0,15.0,3.0,0.0,0.0,0.0,0.0,11.0,14.0,11.0,11.0,0.0,0.0,0.0,0.0,8.0,11.0,4.0,16.0,0.0,0.0,0.0,0.0,0.0,0.0,4.0,13.0,0.0,0.0,0.0,0.0,0.0,0.0,8.0,12.0,0.0,0.0,0.0,0.0,0.0,0.0,13.0,9.0,5.0,1.0,0.0,0.0,1.0,11.0,16.0,16.0,16.0,10.0,0.0,0.0,5.0,16.0,14.0,8.0,6.0,1.0,0.0,2
799,0.0,2.0,11.0,14.0,10.0,1.0,0.0,0.0,0.0,6.0,12.0,8.0,15.0,10.0,0.0,0.0,0.0,0.0,0.0,0.0,10.0,11.0,0.0,0.0,0.0,0.0,0.0,8.0,14.0,2.0,0.0,0.0,0.0,0.0,0.0,7.0,16.0,15.0,1.0,0.0,0.0,0.0,0.0,0.0,2.0,13.0,8.0,0.0,0.0,2.0,5.0,1.0,2.0,12.0,7.0,0.0,0.0,1.0,12.0,16.0,16.0,10.0,0.0,0.0,3
1481,0.0,0.0,4.0,15.0,1.0,0.0,0.0,0.0,0.0,0.0,9.0,10.0,0.0,0.0,0.0,0.0,0.0,1.0,15.0,2.0,0.0,0.0,0.0,0.0,0.0,4.0,12.0,0.0,0.0,0.0,0.0,0.0,0.0,8.0,14.0,9.0,8.0,6.0,1.0,0.0,0.0,7.0,14.0,7.0,5.0,12.0,8.0,0.0,0.0,2.0,16.0,4.0,1.0,12.0,6.0,0.0,0.0,0.0,5.0,14.0,16.0,11.0,0.0,0.0,6
221,0.0,0.0,0.0,4.0,14.0,14.0,5.0,0.0,0.0,0.0,0.0,9.0,16.0,16.0,7.0,0.0,0.0,0.0,5.0,15.0,16.0,15.0,3.0,0.0,0.0,4.0,15.0,16.0,16.0,12.0,0.0,0.0,0.0,5.0,16.0,16.0,16.0,12.0,0.0,0.0,0.0,0.0,0.0,12.0,16.0,13.0,1.0,0.0,0.0,0.0,0.0,8.0,16.0,16.0,7.0,0.0,0.0,0.0,0.0,4.0,14.0,15.0,6.0,0.0,1
1129,0.0,1.0,13.0,16.0,16.0,11.0,0.0,0.0,0.0,10.0,16.0,7.0,0.0,0.0,0.0,0.0,0.0,5.0,15.0,4.0,0.0,0.0,0.0,0.0,0.0,2.0,16.0,14.0,5.0,0.0,0.0,0.0,0.0,3.0,15.0,16.0,16.0,3.0,0.0,0.0,0.0,0.0,1.0,0.0,11.0,11.0,0.0,0.0,0.0,0.0,1.0,5.0,15.0,9.0,0.0,0.0,0.0,0.0,13.0,16.0,13.0,1.0,0.0,0.0,5
1274,0.0,4.0,7.0,13.0,16.0,16.0,4.0,0.0,0.0,11.0,16.0,14.0,9.0,2.0,0.0,0.0,0.0,14.0,5.0,0.0,0.0,0.0,0.0,0.0,0.0,12.0,8.0,0.0,0.0,0.0,0.0,0.0,0.0,9.0,12.0,0.0,0.0,0.0,0.0,0.0,0.0,2.0,13.0,16.0,9.0,0.0,0.0,0.0,0.0,1.0,3.0,14.0,16.0,3.0,0.0,0.0,0.0,4.0,14.0,16.0,13.0,0.0,0.0,0.0,5
1675,0.0,1.0,11.0,10.0,8.0,1.0,1.0,0.0,0.0,3.0,15.0,11.0,3.0,12.0,6.0,0.0,0.0,0.0,4.0,16.0,16.0,12.0,0.0,0.0,0.0,0.0,0.0,11.0,16.0,5.0,0.0,0.0,0.0,0.0,5.0,13.0,12.0,12.0,0.0,0.0,0.0,0.0,13.0,7.0,1.0,16.0,4.0,0.0,0.0,1.0,15.0,4.0,7.0,14.0,0.0,0.0,0.0,1.0,14.0,14.0,8.0,1.0,0.0,0.0,8
166,0.0,0.0,5.0,16.0,15.0,1.0,0.0,0.0,0.0,1.0,15.0,9.0,10.0,12.0,0.0,0.0,0.0,3.0,16.0,1.0,0.0,16.0,4.0,0.0,0.0,6.0,16.0,0.0,0.0,11.0,6.0,0.0,0.0,3.0,16.0,1.0,0.0,11.0,8.0,0.0,0.0,4.0,16.0,4.0,3.0,15.0,4.0,0.0,0.0,1.0,13.0,13.0,13.0,14.0,1.0,0.0,0.0,0.0,4.0,13.0,14.0,1.0,0.0,0.0,0
1689,0.0,0.0,10.0,13.0,8.0,1.0,0.0,0.0,0.0,0.0,16.0,16.0,16.0,8.0,0.0,0.0,0.0,0.0,6.0,1.0,11.0,9.0,0.0,0.0,0.0,0.0,0.0,0.0,13.0,8.0,0.0,0.0,0.0,0.0,0.0,5.0,15.0,4.0,0.0,0.0,0.0,0.0,8.0,16.0,10.0,0.0,0.0,0.0,0.0,8.0,16.0,16.0,16.0,15.0,4.0,0.0,0.0,2.0,10.0,11.0,7.0,2.0,0.0,0.0,2
160,0.0,0.0,5.0,14.0,10.0,7.0,0.0,0.0,0.0,0.0,16.0,16.0,16.0,16.0,3.0,0.0,0.0,3.0,16.0,10.0,2.0,16.0,7.0,0.0,0.0,7.0,16.0,3.0,0.0,12.0,8.0,0.0,0.0,8.0,16.0,1.0,0.0,12.0,8.0,0.0,0.0,7.0,16.0,5.0,2.0,16.0,4.0,0.0,0.0,2.0,16.0,15.0,14.0,13.0,0.0,0.0,0.0,0.0,7.0,15.0,13.0,2.0,0.0,0.0,0
758,0.0,0.0,0.0,8.0,14.0,15.0,7.0,0.0,0.0,0.0,4.0,16.0,12.0,15.0,14.0,0.0,0.0,0.0,1.0,1.0,0.0,11.0,12.0,0.0,0.0,0.0,2.0,4.0,6.0,14.0,15.0,0.0,0.0,4.0,16.0,16.0,16.0,16.0,5.0,0.0,0.0,8.0,12.0,7.0,14.0,12.0,0.0,0.0,0.0,0.0,0.0,4.0,16.0,3.0,0.0,0.0,0.0,0.0,0.0,11.0,7.0,0.0,0.0,0.0,7
5,0.0,0.0,12.0,10.0,0.0,0.0,0.0,0.0,0.0,0.0,14.0,16.0,16.0,14.0,0.0,0.0,0.0,0.0,13.0,16.0,15.0,10.0,1.0,0.0,0.0,0.0,11.0,16.0,16.0,7.0,0.0,0.0,0.0,0.0,0.0,4.0,7.0,16.0,7.0,0.0,0.0,0.0,0.0,0.0,4.0,16.0,9.0,0.0,0.0,0.0,5.0,4.0,12.0,16.0,4.0,0.0,0.0,0.0,9.0,16.0,16.0,10.0,0.0,0.0,5
9,0.0,0.0,11.0,12.0,0.0,0.0,0.0,0.0,0.0,2.0,16.0,16.0,16.0,13.0,0.0,0.0,0.0,3.0,16.0,12.0,10.0,14.0,0.0,0.0,0.0,1.0,16.0,1.0,12.0,15.0,0.0,0.0,0.0,0.0,13.0,16.0,9.0,15.0,2.0,0.0,0.0,0.0,0.0,3.0,0.0,9.0,11.0,0.0,0.0,0.0,0.0,0.0,9.0,15.0,4.0,0.0,0.0,0.0,9.0,12.0,13.0,3.0,0.0,0.0,9
1224,0.0,0.0,0.0,13.0,15.0,2.0,0.0,0.0,0.0,0.0,4.0,16.0,11.0,1.0,0.0,0.0,0.0,0.0,13.0,15.0,1.0,0.0,0.0,0.0,0.0,0.0,15.0,9.0,0.0,0.0,0.0,0.0,0.0,4.0,16.0,14.0,15.0,8.0,0.0,0.0,0.0,1.0,16.0,15.0,8.0,13.0,9.0,0.0,0.0,0.0,11.0,10.0,0.0,11.0,16.0,0.0,0.0,0.0,2.0,14.0,16.0,16.0,13.0,0.0,6
763,0.0,0.0,8.0,14.0,16.0,16.0,1.0,0.0,0.0,6.0,16.0,16.0,8.0,3.0,0.0,0.0,0.0,14.0,14.0,1.0,0.0,0.0,0.0,0.0,0.0,10.0,15.0,4.0,0.0,0.0,0.0,0.0,0.0,3.0,15.0,16.0,6.0,0.0,0.0,0.0,0.0,0.0,1.0,8.0,15.0,2.0,0.0,0.0,0.0,0.0,2.0,13.0,15.0,0.0,0.0,0.0,0.0,0.0,10.0,16.0,4.0,0.0,0.0,0.0,5
57,0.0,0.0,0.0,1.0,9.0,11.0,0.0,0.0,0.0,0.0,0.0,13.0,16.0,16.0,0.0,0.0,0.0,0.0,0.0,12.0,7.0,14.0,0.0,0.0,0.0,0.0,0.0,0.0,14.0,7.0,0.0,0.0,0.0,0.0,5.0,12.0,12.0,0.0,0.0,0.0,0.0,7.0,16.0,16.0,6.0,0.0,0.0,0.0,0.0,4.0,9.0,13.0,16.0,11.0,4.0,0.0,0.0,0.0,0.0,0.0,9.0,13.0,3.0,0.0,2
1092,0.0,0.0,1.0,14.0,6.0,0.0,0.0,0.0,0.0,0.0,7.0,15.0,1.0,0.0,0.0,0.0,0.0,0.0,13.0,7.0,0.0,0.0,0.0,0.0,0.0,0.0,13.0,5.0,0.0,0.0,0.0,0.0,0.0,0.0,14.0,7.0,5.0,4.0,1.0,0.0,0.0,0.0,10.0,16.0,13.0,14.0,14.0,0.0,0.0,0.0,9.0,14.0,1.0,4.0,16.0,3.0,0.0,0.0,1.0,12.0,13.0,16.0,9.0,1.0,6
1237,0.0,0.0,3.0,16.0,12.0,1.0,0.0,0.0,0.0,0.0,3.0,16.0,16.0,5.0,0.0,0.0,0.0,0.0,2.0,16.0,16.0,5.0,0.0,0.0,0.0,0.0,0.0,16.0,16.0,5.0,0.0,0.0,0.0,0.0,4.0,16.0,16.0,2.0,0.0,0.0,0.0,0.0,4.0,16.0,14.0,0.0,0.0,0.0,0.0,0.0,6.0,16.0,14.0,0.0,0.0,0.0,0.0,0.0,2.0,16.0,14.0,0.0,0.0,0.0,1
1739,0.0,0.0,10.0,11.0,7.0,0.0,0.0,0.0,0.0,4.0,16.0,16.0,16.0,10.0,0.0,0.0,0.0,4.0,16.0,6.0,5.0,15.0,2.0,0.0,0.0,8.0,12.0,0.0,0.0,5.0,8.0,0.0,0.0,8.0,10.0,0.0,0.0,5.0,8.0,0.0,0.0,6.0,13.0,1.0,5.0,14.0,5.0,0.0,0.0,0.0,14.0,13.0,15.0,11.0,1.0,0.0,0.0,0.0,7.0,12.0,8.0,0.0,0.0,0.0,0
1759,0.0,0.0,7.0,16.0,9.0,8.0,2.0,0.0,0.0,5.0,16.0,14.0,16.0,16.0,4.0,0.0,0.0,8.0,14.0,0.0,6.0,16.0,4.0,0.0,0.0,1.0,16.0,16.0,15.0,16.0,6.0,0.0,0.0,0.0,0.0,4.0,4.0,13.0,8.0,0.0,0.0,0.0,0.0,0.0,0.0,13.0,8.0,0.0,0.0,0.0,12.0,9.0,11.0,16.0,7.0,0.0,0.0,0.0,7.0,15.0,14.0,7.0,0.0,0.0,9
1401,0.0,0.0,8.0,15.0,14.0,7.0,0.0,0.0,0.0,0.0,12.0,16.0,14.0,16.0,0.0,0.0,0.0,0.0,3.0,15.0,14.0,14.0,1.0,0.0,0.0,0.0,0.0,11.0,16.0,1.0,0.0,0.0,0.0,0.0,5.0,14.0,14.0,4.0,0.0,0.0,0.0,0.0,12.0,6.0,8.0,8.0,0.0,0.0,0.0,1.0,16.0,2.0,9.0,7.0,0.0,0.0,0.0,0.0,9.0,16.0,11.0,1.0,0.0,0.0,8
315,0.0,2.0,11.0,16.0,15.0,2.0,0.0,0.0,0.0,12.0,15.0,12.0,16.0,4.0,0.0,0.0,0.0,3.0,3.0,6.0,16.0,2.0,0.0,0.0,0.0,0.0,2.0,15.0,12.0,0.0,0.0,0.0,0.0,0.0,3.0,16.0,16.0,12.0,1.0,0.0,0.0,0.0,0.0,1.0,6.0,15.0,10.0,0.0,0.0,0.0,6.0,12.0,8.0,14.0,11.0,0.0,0.0,1.0,16.0,16.0,16.0,11.0,3.0,0.0,3
1528,0.0,3.0,15.0,16.0,8.0,0.0,0.0,0.0,0.0,14.0,13.0,10.0,16.0,2.0,0.0,0.0,0.0,5.0,3.0,2.0,16.0,2.0,0.0,0.0,0.0,0.0,0.0,3.0,16.0,2.0,0.0,0.0,0.0,0.0,0.0,9.0,12.0,0.0,0.0,0.0,0.0,0.0,1.0,16.0,8.0,0.0,2.0,0.0,0.0,0.0,8.0,16.0,14.0,16.0,15.0,0.0,0.0,2.0,16.0,16.0,15.0,12.0,9.0,0.0,2
188,0.0,0.0,4.0,14.0,6.0,0.0,0.0,0.0,0.0,0.0,10.0,15.0,2.0,0.0,0.0,0.0,0.0,0.0,16.0,11.0,0.0,0.0,0.0,0.0,0.0,0.0,13.0,11.0,0.0,0.0,0.0,0.0,0.0,3.0,16.0,12.0,8.0,3.0,0.0,0.0,0.0,2.0,16.0,14.0,8.0,12.0,9.0,0.0,0.0,0.0,16.0,13.0,4.0,12.0,12.0,0.0,0.0,0.0,6.0,15.0,16.0,12.0,1.0,0.0,6
1295,0.0,0.0,4.0,15.0,13.0,3.0,0.0,0.0,0.0,4.0,13.0,14.0,10.0,13.0,0.0,0.0,0.0,8.0,16.0,8.0,8.0,13.0,0.0,0.0,0.0,0.0,15.0,12.0,15.0,11.0,0.0,0.0,0.0,0.0,6.0,16.0,13.0,1.0,0.0,0.0,0.0,0.0,11.0,15.0,15.0,2.0,0.0,0.0,0.0,0.0,12.0,8.0,15.0,8.0,0.0,0.0,0.0,0.0,5.0,15.0,16.0,5.0,0.0,0.0,8
435,0.0,0.0,2.0,15.0,8.0,0.0,0.0,0.0,0.0,0.0,7.0,14.0,15.0,8.0,0.0,0.0,0.0,7.0,15.0,3.0,3.0,15.0,0.0,0.0,0.0,6.0,16.0,1.0,0.0,9.0,8.0,0.0,0.0,4.0,12.0,0.0,0.0,8.0,8.0,0.0,0.0,0.0,12.0,3.0,0.0,12.0,7.0,0.0,0.0,0.0,9.0,13.0,13.0,15.0,1.0,0.0,0.0,0.0,1.0,9.0,12.0,5.0,0.0,0.0,0
1168,0.0,0.0,0.0,0.0,13.0,12.0,0.0,0.0,0.0,0.0,0.0,10.0,16.0,14.0,0.0,0.0,0.0,1.0,12.0,16.0,16.0,11.0,0.0,0.0,0.0,11.0,16.0,12.0,16.0,8.0,0.0,0.0,0.0,6.0,4.0,7.0,16.0,6.0,0.0,0.0,0.0,0.0,0.0,6.0,16.0,5.0,0.0,0.0,0.0,0.0,0.0,4.0,16.0,8.0,0.0,0.0,0.0,0.0,0.0,0.0,15.0,11.0,0.0,0.0,1
1442,0.0,0.0,1.0,14.0,16.0,16.0,15.0,1.0,0.0,0.0,11.0,14.0,8.0,13.0,11.0,0.0,0.0,0.0,15.0,6.0,0.0,14.0,3.0,0.0,0.0,0.0,5.0,1.0,5.0,13.0,1.0,0.0,0.0,0.0,0.0,13.0,16.0,16.0,9.0,0.0,0.0,0.0,2.0,16.0,15.0,9.0,1.0,0.0,0.0,0.0,0.0,11.0,9.0,0.0,0.0,0.0,0.0,0.0,3.0,16.0,2.0,0.0,0.0,0.0,7
1326,0.0,0.0,3.0,12.0,12.0,1.0,0.0,0.0,0.0,3.0,13.0,6.0,9.0,12.0,0.0,0.0,0.0,9.0,5.0,0.0,2.0,15.0,0.0,0.0,0.0,7.0,9.0,4.0,12.0,16.0,1.0,0.0,0.0,0.0,9.0,11.0,3.0,10.0,2.0,0.0,0.0,0.0,0.0,0.0,0.0,11.0,3.0,0.0,0.0,0.0,10.0,2.0,1.0,13.0,0.0,0.0,0.0,0.0,3.0,13.0,16.0,4.0,0.0,0.0,9
174,0.0,0.0,1.0,8.0,10.0,15.0,11.0,0.0,0.0,2.0,14.0,15.0,13.0,16.0,7.0,0.0,0.0,0.0,6.0,0.0,6.0,14.0,2.0,0.0,0.0,0.0,0.0,3.0,11.0,12.0,2.0,0.0,0.0,0.0,2.0,16.0,16.0,15.0,8.0,0.0,0.0,0.0,3.0,13.0,15.0,2.0,0.0,0.0,0.0,0.0,0.0,13.0,10.0,0.0,0.0,0.0,0.0,0.0,1.0,16.0,5.0,0.0,0.0,0.0,7
1028,0.0,0.0,8.0,16.0,15.0,6.0,0.0,0.0,0.0,5.0,14.0,4.0,4.0,15.0,0.0,0.0,0.0,6.0,13.0,0.0,1.0,15.0,2.0,0.0,0.0,1.0,11.0,11.0,13.0,10.0,0.0,0.0,0.0,0.0,1.0,16.0,16.0,3.0,0.0,0.0,0.0,0.0,12.0,9.0,5.0,13.0,2.0,0.0,0.0,0.0,16.0,2.0,1.0,13.0,8.0,0.0,0.0,0.0,8.0,15.0,16.0,14.0,1.0,0.0,8
1760,0.0,0.0,1.0,12.0,10.0,3.0,0.0,0.0,0.0,0.0,7.0,16.0,16.0,7.0,0.0,0.0,0.0,0.0,12.0,16.0,16.0,3.0,0.0,0.0,0.0,0.0,14.0,16.0,16.0,2.0,0.0,0.0,0.0,1.0,15.0,16.0,16.0,5.0,0.0,0.0,0.0,0.0,15.0,16.0,15.0,2.0,0.0,0.0,0.0,0.0,11.0,16.0,16.0,8.0,0.0,0.0,0.0,0.0,1.0,7.0,12.0,10.0,0.0,0.0,1
1664,0.0,0.0,2.0,10.0,11.0,1.0,0.0,0.0,0.0,0.0,5.0,14.0,3.0,12.0,0.0,0.0,0.0,0.0,6.0,13.0,3.0,15.0,0.0,0.0,0.0,0.0,8.0,15.0,15.0,9.0,0.0,0.0,0.0,2.0,16.0,11.0,9.0,0.0,0.0,0.0,0.0,2.0,14.0,2.0,10.0,0.0,0.0,0.0,0.0,0.0,7.0,6.0,13.0,0.0,0.0,0.0,0.0,0.0,1.0,15.0,6.0,0.0,0.0,0.0,8
1440,0.0,2.0,6.0,10.0,12.0,1.0,0.0,0.0,0.0,14.0,13.0,10.0,5.0,1.0,0.0,0.0,0.0,10.0,6.0,0.0,0.0,0.0,0.0,0.0,0.0,10.0,13.0,12.0,12.0,5.0,0.0,0.0,0.0,2.0,8.0,5.0,7.0,14.0,8.0,0.0,0.0,0.0,0.0,0.0,0.0,5.0,12.0,0.0,0.0,0.0,2.0,2.0,1.0,10.0,10.0,0.0,0.0,0.0,5.0,16.0,16.0,14.0,1.0,0.0,5
1549,0.0,0.0,1.0,15.0,6.0,0.0,0.0,0.0,0.0,0.0,8.0,16.0,2.0,0.0,0.0,0.0,0.0,0.0,15.0,11.0,0.0,7.0,4.0,0.0,0.0,8.0,16.0,10.0,6.0,16.0,9.0,0.0,0.0,6.0,16.0,16.0,16.0,16.0,4.0,0.0,0.0,0.0,5.0,11.0,16.0,13.0,0.0,0.0,0.0,0.0,0.0,12.0,15.0,3.0,0.0,0.0,0.0,0.0,0.0,15.0,11.0,0.0,0.0,0.0,4
1509,0.0,0.0,2.0,13.0,16.0,13.0,4.0,0.0,0.0,0.0,9.0,11.0,9.0,16.0,7.0,0.0,0.0,2.0,15.0,2.0,2.0,15.0,2.0,0.0,0.0,3.0,3.0,0.0,8.0,13.0,2.0,0.0,0.0,0.0,1.0,13.0,16.0,16.0,10.0,0.0,0.0,0.0,0.0,11.0,13.0,5.0,1.0,0.0,0.0,0.0,0.0,11.0,6.0,0.0,0.0,0.0,0.0,0.0,3.0,15.0,2.0,0.0,0.0,0.0,7
1668,0.0,0.0,4.0,14.0,16.0,14.0,1.0,0.0,0.0,2.0,14.0,16.0,16.0,8.0,0.0,0.0,0.0,4.0,16.0,16.0,14.0,3.0,0.0,0.0,0.0,4.0,16.0,16.0,10.0,0.0,0.0,0.0,0.0,0.0,12.0,13.0,12.0,0.0,0.0,0.0,0.0,1.0,14.0,16.0,15.0,3.0,0.0,0.0,0.0,0.0,10.0,16.0,16.0,12.0,0.0,0.0,0.0,0.0,2.0,9.0,15.0,16.0,8.0,0.0,1
1681,0.0,0.0,0.0,6.0,12.0,0.0,0.0,0.0,0.0,0.0,2.0,15.0,5.0,0.0,0.0,0.0,0.0,0.0,12.0,8.0,0.0,2.0,6.0,0.0,0.0,4.0,15.0,0.0,1.0,13.0,8.0,0.0,0.0,6.0,16.0,2.0,6.0,14.0,1.0,0.0,0.0,8.0,16.0,16.0,16.0,6.0,0.0,0.0,0.0,1.0,5.0,8.0,16.0,1.0,0.0,0.0,0.0,0.0,0.0,3.0,11.0,0.0,0.0,0.0,4
1001,0.0,0.0,0.0,1.0,15.0,2.0,0.0,0.0,0.0,0.0,0.0,5.0,15.0,0.0,4.0,0.0,0.0,0.0,0.0,13.0,8.0,1.0,16.0,3.0,0.0,0.0,5.0,15.0,2.0,5.0,15.0,0.0,0.0,5.0,15.0,16.0,16.0,16.0,8.0,0.0,0.0,14.0,12.0,12.0,14.0,16.0,2.0,0.0,0.0,0.0,0.0,0.0,12.0,12.0,0.0,0.0,0.0,0.0,0.0,2.0,16.0,5.0,0.0,0.0,4
1558,0.0,0.0,3.0,11.0,13.0,15.0,3.0,0.0,0.0,4.0,16.0,14.0,11.0,16.0,8.0,0.0,0.0,2.0,5.0,0.0,14.0,15.0,1.0,0.0,0.0,0.0,0.0,0.0,16.0,11.0,0.0,0.0,0.0,0.0,0.0,0.0,11.0,10.0,0.0,0.0,0.0,0.0,0.0,0.0,8.0,12.0,0.0,0.0,0.0,0.0,8.0,11.0,15.0,8.0,0.0,0.0,0.0,0.0,2.0,12.0,14.0,3.0,0.0,0.0,3
759,0.0,0.0,7.0,15.0,15.0,5.0,0.0,0.0,0.0,6.0,16.0,12.0,16.0,12.0,0.0,0.0,0.0,1.0,7.0,0.0,16.0,10.0,0.0,0.0,0.0,0.0,0.0,10.0,15.0,0.0,0.0,0.0,0.0,0.0,1.0,16.0,7.0,0.0,0.0,0.0,0.0,0.0,10.0,13.0,1.0,5.0,1.0,0.0,0.0,0.0,12.0,12.0,13.0,15.0,3.0,0.0,0.0,0.0,10.0,16.0,13.0,3.0,0.0,0.0,2
447,0.0,0.0,0.0,10.0,12.0,15.0,16.0,13.0,0.0,0.0,6.0,15.0,6.0,4.0,14.0,9.0,0.0,0.0,10.0,6.0,0.0,3.0,14.0,2.0,0.0,1.0,14.0,1.0,0.0,12.0,6.0,0.0,0.0,0.0,3.0,0.0,5.0,13.0,0.0,0.0,0.0,0.0,0.0,1.0,13.0,3.0,0.0,0.0,0.0,0.0,0.0,6.0,13.0,0.0,0.0,0.0,0.0,0.0,0.0,14.0,6.0,0.0,0.0,0.0,7
1777,0.0,0.0,0.0,2.0,14.0,0.0,0.0,0.0,0.0,0.0,0.0,4.0,15.0,0.0,0.0,0.0,0.0,0.0,0.0,11.0,10.0,5.0,7.0,0.0,0.0,0.0,11.0,15.0,2.0,13.0,7.0,0.0,0.0,10.0,16.0,8.0,8.0,16.0,6.0,0.0,0.0,8.0,12.0,12.0,13.0,15.0,1.0,0.0,0.0,0.0,0.0,0.0,10.0,10.0,0.0,0.0,0.0,0.0,0.0,1.0,13.0,3.0,0.0,0.0,4
1684,0.0,0.0,4.0,16.0,16.0,16.0,3.0,0.0,0.0,0.0,7.0,12.0,13.0,16.0,8.0,0.0,0.0,0.0,0.0,0.0,1.0,16.0,5.0,0.0,0.0,1.0,4.0,4.0,7.0,16.0,1.0,0.0,0.0,10.0,16.0,16.0,16.0,16.0,9.0,0.0,0.0,5.0,11.0,13.0,16.0,10.0,2.0,0.0,0.0,0.0,0.0,11.0,13.0,0.0,0.0,0.0,0.0,0.0,5.0,13.0,3.0,0.0,0.0,0.0,7
1375,0.0,0.0,0.0,16.0,6.0,0.0,0.0,0.0,0.0,0.0,3.0,16.0,6.0,0.0,0.0,0.0,0.0,0.0,9.0,16.0,0.0,0.0,0.0,0.0,0.0,0.0,12.0,16.0,12.0,9.0,1.0,0.0,0.0,0.0,15.0,16.0,14.0,13.0,12.0,0.0,0.0,0.0,14.0,15.0,7.0,0.0,15.0,6.0,0.0,0.0,9.0,14.0,4.0,7.0,15.0,8.0,0.0,0.0,1.0,13.0,16.0,16.0,12.0,1.0,6
1622,0.0,0.0,7.0,14.0,16.0,5.0,0.0,0.0,0.0,0.0,16.0,12.0,15.0,12.0,0.0,0.0,0.0,0.0,3.0,0.0,14.0,9.0,0.0,0.0,0.0,0.0,5.0,12.0,16.0,15.0,10.0,0.0,0.0,8.0,16.0,16.0,13.0,6.0,0.0,0.0,0.0,3.0,9.0,16.0,6.0,0.0,0.0,0.0,0.0,0.0,10.0,12.0,1.0,0.0,0.0,0.0,0.0,0.0,12.0,5.0,0.0,0.0,0.0,0.0,7
713,0.0,0.0,9.0,7.0,0.0,0.0,0.0,0.0,0.0,0.0,9.0,11.0,0.0,0.0,0.0,0.0,0.0,0.0,15.0,4.0,0.0,0.0,0.0,0.0,0.0,2.0,16.0,1.0,0.0,0.0,0.0,0.0,0.0,5.0,16.0,8.0,14.0,9.0,0.0,0.0,0.0,5.0,16.0,15.0,8.0,9.0,10.0,0.0,0.0,3.0,16.0,2.0,0.0,7.0,11.0,0.0,0.0,0.0,7.0,14.0,16.0,12.0,1.0,0.0,6
220,0.0,0.0,11.0,16.0,8.0,0.0,0.0,0.0,0.0,6.0,16.0,11.0,13.0,9.0,0.0,0.0,0.0,7.0,16.0,0.0,9.0,16.0,0.0,0.0,0.0,2.0,15.0,12.0,16.0,16.0,3.0,0.0,0.0,0.0,5.0,7.0,7.0,16.0,4.0,0.0,0.0,0.0,0.0,0.0,5.0,16.0,5.0,0.0,0.0,0.0,3.0,7.0,16.0,11.0,0.0,0.0,0.0,0.0,13.0,16.0,11.0,1.0,0.0,0.0,9
448,0.0,0.0,4.0,13.0,14.0,2.0,0.0,0.0,0.0,0.0,15.0,10.0,11.0,10.0,0.0,0.0,0.0,3.0,15.0,2.0,12.0,6.0,0.0,0.0,0.0,0.0,3.0,8.0,16.0,7.0,0.0,0.0,0.0,0.0,0.0,4.0,9.0,16.0,2.0,0.0,0.0,0.0,10.0,3.0,0.0,13.0,6.0,0.0,0.0,0.0,16.0,5.0,7.0,16.0,3.0,0.0,0.0,0.0,7.0,13.0,13.0,8.0,0.0,0.0,3
981,0.0,0.0,10.0,7.0,3.0,0.0,0.0,0.0,0.0,1.0,15.0,12.0,14.0,6.0,0.0,0.0,0.0,5.0,12.0,0.0,2.0,13.0,0.0,0.0,0.0,4.0,12.0,0.0,0.0,4.0,7.0,0.0,0.0,8.0,5.0,0.0,0.0,4.0,8.0,0.0,0.0,5.0,8.0,0.0,0.0,5.0,10.0,0.0,0.0,0.0,14.0,3.0,4.0,14.0,6.0,0.0,0.0,0.0,7.0,16.0,16.0,10.0,0.0,0.0,0
90,0.0,0.0,0.0,1.0,12.0,8.0,1.0,0.0,0.0,0.0,0.0,4.0,16.0,16.0,1.0,0.0,0.0,0.0,1.0,13.0,16.0,11.0,0.0,0.0,0.0,1.0,11.0,16.0,16.0,12.0,0.0,0.0,0.0,2.0,12.0,8.0,16.0,10.0,0.0,0.0,0.0,0.0,0.0,0.0,15.0,8.0,0.0,0.0,0.0,0.0,0.0,4.0,16.0,4.0,0.0,0.0,0.0,0.0,0.0,3.0,13.0,4.0,0.0,0.0,1
1521,0.0,0.0,0.0,7.0,15.0,0.0,0.0,0.0,0.0,0.0,6.0,15.0,8.0,0.0,0.0,0.0,0.0,0.0,13.0,9.0,0.0,0.0,0.0,0.0,0.0,2.0,16.0,5.0,4.0,1.0,0.0,0.0,0.0,5.0,16.0,16.0,16.0,12.0,3.0,0.0,0.0,1.0,15.0,4.0,1.0,8.0,12.0,0.0,0.0,0.0,8.0,14.0,5.0,5.0,15.0,0.0,0.0,0.0,0.0,6.0,16.0,16.0,11.0,0.0,6
935,0.0,0.0,3.0,15.0,9.0,0.0,0.0,0.0,0.0,0.0,14.0,8.0,11.0,5.0,0.0,0.0,0.0,3.0,16.0,3.0,1.0,14.0,2.0,0.0,0.0,5.0,12.0,0.0,0.0,12.0,4.0,0.0,0.0,2.0,12.0,0.0,0.0,6.0,8.0,0.0,0.0,2.0,14.0,0.0,0.0,12.0,5.0,0.0,0.0,0.0,12.0,8.0,5.0,15.0,0.0,0.0,0.0,0.0,1.0,13.0,14.0,5.0,0.0,0.0,0
1040,0.0,0.0,6.0,10.0,8.0,3.0,0.0,0.0,0.0,0.0,6.0,16.0,16.0,9.0,0.0,0.0,0.0,0.0,9.0,16.0,16.0,6.0,0.0,0.0,0.0,0.0,7.0,16.0,16.0,10.0,0.0,0.0,0.0,0.0,11.0,16.0,16.0,8.0,0.0,0.0,0.0,0.0,7.0,16.0,16.0,9.0,0.0,0.0,0.0,0.0,10.0,16.0,16.0,6.0,0.0,0.0,0.0,0.0,4.0,9.0,12.0,11.0,2.0,0.0,1
1298,0.0,0.0,0.0,11.0,16.0,3.0,0.0,0.0,0.0,0.0,5.0,16.0,16.0,5.0,0.0,0.0,0.0,6.0,16.0,15.0,16.0,3.0,0.0,0.0,0.0,11.0,11.0,10.0,16.0,1.0,0.0,0.0,0.0,0.0,0.0,10.0,15.0,0.0,0.0,0.0,0.0,0.0,0.0,11.0,13.0,0.0,0.0,0.0,0.0,0.0,0.0,10.0,16.0,2.0,0.0,0.0,0.0,0.0,0.0,7.0,16.0,2.0,0.0,0.0,1
196,0.0,0.0,1.0,14.0,6.0,0.0,0.0,0.0,0.0,0.0,7.0,16.0,1.0,0.0,0.0,0.0,0.0,0.0,13.0,10.0,0.0,0.0,0.0,0.0,0.0,0.0,14.0,7.0,0.0,0.0,0.0,0.0,0.0,3.0,16.0,10.0,8.0,3.0,0.0,0.0,0.0,0.0,16.0,13.0,12.0,14.0,7.0,0.0,0.0,0.0,14.0,9.0,4.0,11.0,13.0,0.0,0.0,0.0,2.0,12.0,16.0,12.0,4.0,0.0,6
1572,0.0,0.0,0.0,7.0,12.0,16.0,16.0,15.0,0.0,0.0,9.0,16.0,10.0,4.0,16.0,10.0,0.0,0.0,14.0,16.0,13.0,14.0,12.0,1.0,0.0,0.0,4.0,16.0,16.0,16.0,12.0,0.0,0.0,0.0,0.0,0.0,0.0,16.0,10.0,0.0,0.0,0.0,0.0,0.0,7.0,15.0,0.0,0.0,0.0,0.0,0.0,1.0,15.0,7.0,0.0,0.0,0.0,0.0,0.0,12.0,6.0,0.0,0.0,0.0,9
1541,0.0,0.0,5.0,12.0,9.0,1.0,0.0,0.0,0.0,0.0,14.0,14.0,13.0,13.0,0.0,0.0,0.0,3.0,12.0,1.0,1.0,13.0,4.0,0.0,0.0,7.0,8.0,0.0,0.0,6.0,8.0,0.0,0.0,8.0,8.0,0.0,0.0,5.0,8.0,0.0,0.0,5.0,10.0,0.0,0.0,11.0,4.0,0.0,0.0,1.0,15.0,9.0,11.0,13.0,0.0,0.0,0.0,0.0,7.0,15.0,12.0,2.0,0.0,0.0,0
1436,0.0,0.0,0.0,0.0,11.0,15.0,1.0,0.0,0.0,0.0,0.0,6.0,16.0,16.0,2.0,0.0,0.0,3.0,13.0,16.0,16.0,16.0,0.0,0.0,0.0,9.0,16.0,12.0,16.0,14.0,0.0,0.0,0.0,1.0,3.0,0.0,16.0,13.0,0.0,0.0,0.0,0.0,0.0,0.0,14.0,13.0,0.0,0.0,0.0,0.0,0.0,0.0,12.0,16.0,5.0,0.0,0.0,0.0,0.0,0.0,8.0,16.0,7.0,0.0,1
74,0.0,0.0,13.0,13.0,8.0,2.0,0.0,0.0,0.0,5.0,16.0,16.0,16.0,12.0,0.0,0.0,0.0,1.0,15.0,12.0,0.0,0.0,0.0,0.0,0.0,0.0,12.0,13.0,7.0,1.0,0.0,0.0,0.0,0.0,8.0,16.0,16.0,12.0,0.0,0.0,0.0,0.0,0.0,4.0,9.0,16.0,3.0,0.0,0.0,0.0,1.0,5.0,14.0,15.0,1.0,0.0,0.0,0.0,10.0,16.0,16.0,6.0,0.0,0.0,5
976,0.0,0.0,12.0,9.0,9.0,8.0,1.0,0.0,0.0,2.0,15.0,8.0,8.0,8.0,2.0,0.0,0.0,8.0,12.0,8.0,5.0,0.0,0.0,0.0,0.0,8.0,15.0,9.0,14.0,9.0,0.0,0.0,0.0,2.0,1.0,0.0,1.0,14.0,3.0,0.0,0.0,0.0,0.0,0.0,0.0,6.0,11.0,0.0,0.0,1.0,8.0,4.0,5.0,14.0,9.0,0.0,0.0,1.0,11.0,16.0,12.0,7.0,0.0,0.0,5
931,0.0,0.0,3.0,15.0,1.0,0.0,0.0,0.0,0.0,0.0,12.0,8.0,0.0,0.0,0.0,0.0,0.0,3.0,13.0,0.0,0.0,0.0,0.0,0.0,0.0,4.0,12.0,0.0,0.0,0.0,0.0,0.0,0.0,5.0,10.0,11.0,16.0,14.0,1.0,0.0,0.0,2.0,16.0,10.0,4.0,7.0,10.0,0.0,0.0,0.0,15.0,8.0,2.0,12.0,8.0,0.0,0.0,0.0,3.0,12.0,16.0,8.0,0.0,0.0,6
1291,0.0,0.0,0.0,2.0,15.0,2.0,0.0,0.0,0.0,0.0,0.0,12.0,12.0,0.0,0.0,0.0,0.0,0.0,5.0,16.0,2.0,0.0,0.0,0.0,0.0,0.0,11.0,10.0,0.0,3.0,8.0,0.0,0.0,5.0,16.0,1.0,2.0,15.0,5.0,0.0,0.0,9.0,13.0,7.0,14.0,16.0,2.0,0.0,0.0,5.0,15.0,14.0,16.0,10.0,0.0,0.0,0.0,0.0,0.0,2.0,16.0,5.0,0.0,0.0,4
359,0.0,0.0,6.0,13.0,16.0,10.0,0.0,0.0,0.0,4.0,13.0,5.0,4.0,16.0,0.0,0.0,0.0,0.0,0.0,1.0,10.0,8.0,0.0,0.0,0.0,0.0,0.0,12.0,16.0,3.0,0.0,0.0,0.0,0.0,0.0,3.0,7.0,15.0,1.0,0.0,0.0,0.0,0.0,0.0,0.0,9.0,8.0,0.0,0.0,0.0,8.0,6.0,3.0,11.0,7.0,0.0,0.0,0.0,4.0,14.0,16.0,11.0,1.0,0.0,3
255,0.0,0.0,5.0,14.0,15.0,2.0,0.0,0.0,0.0,0.0,13.0,14.0,9.0,10.0,0.0,0.0,0.0,0.0,15.0,8.0,2.0,15.0,3.0,0.0,0.0,0.0,11.0,12.0,9.0,14.0,2.0,0.0,0.0,0.0,7.0,16.0,14.0,2.0,0.0,0.0,0.0,0.0,13.0,14.0,16.0,4.0,0.0,0.0,0.0,3.0,15.0,8.0,14.0,10.0,0.0,0.0,0.0,0.0,6.0,16.0,16.0,8.0,0.0,0.0,8
906,0.0,0.0,10.0,15.0,1.0,0.0,0.0,0.0,0.0,0.0,11.0,16.0,1.0,0.0,0.0,0.0,0.0,1.0,16.0,16.0,1.0,0.0,0.0,0.0,0.0,0.0,8.0,16.0,5.0,0.0,0.0,0.0,0.0,0.0,0.0,14.0,10.0,0.0,0.0,0.0,0.0,0.0,0.0,10.0,14.0,0.0,0.0,0.0,0.0,0.0,5.0,11.0,15.0,6.0,4.0,1.0,0.0,0.0,10.0,16.0,16.0,16.0,16.0,10.0,1
752,0.0,0.0,0.0,5.0,11.0,0.0,0.0,0.0,0.0,0.0,1.0,14.0,9.0,0.0,0.0,0.0,0.0,0.0,4.0,14.0,1.0,0.0,0.0,0.0,0.0,0.0,10.0,8.0,0.0,0.0,0.0,0.0,0.0,0.0,13.0,8.0,4.0,6.0,2.0,0.0,0.0,0.0,11.0,16.0,13.0,12.0,13.0,0.0,0.0,0.0,12.0,14.0,4.0,5.0,16.0,2.0,0.0,0.0,1.0,8.0,16.0,13.0,9.0,1.0,6
841,0.0,0.0,0.0,8.0,13.0,2.0,0.0,0.0,0.0,0.0,9.0,16.0,13.0,3.0,0.0,0.0,0.0,1.0,15.0,14.0,1.0,0.0,0.0,0.0,0.0,2.0,16.0,11.0,4.0,1.0,0.0,0.0,0.0,3.0,16.0,16.0,14.0,15.0,2.0,0.0,0.0,2.0,16.0,13.0,1.0,16.0,9.0,0.0,0.0,0.0,9.0,15.0,9.0,16.0,7.0,0.0,0.0,0.0,0.0,8.0,16.0,13.0,2.0,0.0,6
472,0.0,0.0,6.0,15.0,8.0,10.0,12.0,2.0,0.0,0.0,10.0,14.0,10.0,12.0,16.0,1.0,0.0,0.0,9.0,10.0,1.0,13.0,7.0,0.0,0.0,0.0,4.0,4.0,8.0,12.0,1.0,0.0,0.0,0.0,0.0,2.0,15.0,5.0,0.0,0.0,0.0,0.0,0.0,11.0,8.0,0.0,0.0,0.0,0.0,0.0,3.0,16.0,0.0,0.0,0.0,0.0,0.0,0.0,7.0,14.0,0.0,0.0,0.0,0.0,7
496,0.0,0.0,0.0,2.0,16.0,4.0,0.0,0.0,0.0,0.0,0.0,10.0,16.0,6.0,0.0,0.0,0.0,0.0,4.0,16.0,12.0,15.0,0.0,0.0,0.0,2.0,13.0,8.0,9.0,14.0,0.0,0.0,0.0,9.0,16.0,16.0,16.0,16.0,6.0,0.0,0.0,2.0,4.0,5.0,14.0,15.0,0.0,0.0,0.0,0.0,0.0,0.0,15.0,11.0,0.0,0.0,0.0,0.0,0.0,0.0,13.0,8.0,0.0,0.0,4
1141,0.0,0.0,9.0,14.0,14.0,3.0,0.0,0.0,0.0,4.0,13.0,1.0,4.0,11.0,0.0,0.0,0.0,1.0,14.0,1.0,11.0,7.0,6.0,0.0,0.0,0.0,15.0,13.0,9.0,12.0,3.0,0.0,0.0,0.0,1.0,14.0,14.0,0.0,0.0,0.0,0.0,0.0,5.0,14.0,12.0,0.0,0.0,0.0,0.0,0.0,12.0,1.0,9.0,5.0,0.0,0.0,0.0,0.0,11.0,12.0,13.0,3.0,0.0,0.0,8
662,0.0,0.0,1.0,12.0,2.0,0.0,0.0,0.0,0.0,0.0,6.0,13.0,0.0,0.0,0.0,0.0,0.0,0.0,11.0,8.0,0.0,0.0,0.0,0.0,0.0,1.0,15.0,1.0,0.0,0.0,0.0,0.0,0.0,2.0,15.0,2.0,14.0,13.0,4.0,0.0,0.0,2.0,15.0,16.0,10.0,5.0,14.0,0.0,0.0,0.0,9.0,13.0,4.0,9.0,14.0,0.0,0.0,0.0,0.0,10.0,13.0,12.0,3.0,0.0,6
1126,0.0,0.0,1.0,12.0,11.0,1.0,0.0,0.0,0.0,0.0,1.0,16.0,16.0,4.0,0.0,0.0,0.0,0.0,3.0,16.0,15.0,2.0,0.0,0.0,0.0,0.0,9.0,16.0,12.0,0.0,0.0,0.0,0.0,0.0,12.0,16.0,5.0,0.0,0.0,0.0,0.0,0.0,14.0,16.0,6.0,0.0,0.0,0.0,0.0,0.0,9.0,16.0,8.0,0.0,0.0,0.0,0.0,0.0,2.0,11.0,13.0,1.0,0.0,0.0,1
859,0.0,0.0,6.0,12.0,16.0,10.0,0.0,0.0,0.0,4.0,15.0,8.0,12.0,14.0,0.0,0.0,0.0,0.0,0.0,0.0,13.0,8.0,0.0,0.0,0.0,0.0,0.0,6.0,14.0,1.0,0.0,0.0,0.0,0.0,0.0,5.0,15.0,8.0,0.0,0.0,0.0,0.0,0.0,0.0,2.0,15.0,5.0,0.0,0.0,0.0,1.0,4.0,5.0,15.0,8.0,0.0,0.0,0.0,5.0,16.0,14.0,9.0,1.0,0.0,3
234,0.0,0.0,3.0,15.0,4.0,0.0,0.0,0.0,0.0,0.0,12.0,16.0,2.0,0.0,0.0,0.0,0.0,1.0,16.0,7.0,1.0,0.0,0.0,0.0,0.0,3.0,16.0,1.0,6.0,1.0,0.0,0.0,0.0,3.0,15.0,8.0,12.0,13.0,3.0,0.0,0.0,2.0,16.0,2.0,0.0,7.0,12.0,0.0,0.0,0.0,13.0,9.0,4.0,9.0,15.0,0.0,0.0,0.0,3.0,13.0,16.0,15.0,5.0,0.0,6
546,0.0,0.0,4.0,15.0,14.0,4.0,0.0,0.0,0.0,1.0,14.0,8.0,10.0,13.0,1.0,0.0,0.0,5.0,13.0,0.0,0.0,16.0,3.0,0.0,0.0,6.0,12.0,0.0,0.0,13.0,3.0,0.0,0.0,7.0,12.0,0.0,0.0,14.0,3.0,0.0,0.0,1.0,16.0,0.0,0.0,14.0,3.0,0.0,0.0,0.0,10.0,11.0,12.0,14.0,0.0,0.0,0.0,0.0,1.0,11.0,12.0,3.0,0.0,0.0,0
1695,0.0,0.0,15.0,13.0,0.0,3.0,3.0,0.0,0.0,0.0,15.0,15.0,8.0,15.0,5.0,0.0,0.0,0.0,8.0,16.0,16.0,7.0,0.0,0.0,0.0,0.0,7.0,16.0,16.0,1.0,0.0,0.0,0.0,0.0,12.0,12.0,15.0,10.0,0.0,0.0,0.0,3.0,16.0,0.0,10.0,15.0,1.0,0.0,0.0,2.0,16.0,5.0,7.0,15.0,3.0,0.0,0.0,1.0,12.0,16.0,15.0,7.0,0.0,0.0,8
1590,0.0,0.0,0.0,13.0,14.0,0.0,0.0,0.0,0.0,0.0,0.0,13.0,16.0,3.0,0.0,0.0,0.0,0.0,2.0,16.0,15.0,3.0,0.0,0.0,0.0,0.0,4.0,16.0,14.0,0.0,0.0,0.0,0.0,0.0,3.0,16.0,11.0,0.0,0.0,0.0,0.0,0.0,8.0,16.0,10.0,0.0,0.0,0.0,0.0,0.0,6.0,16.0,7.0,0.0,0.0,0.0,0.0,0.0,1.0,11.0,9.0,0.0,0.0,0.0,1
1751,0.0,0.0,11.0,16.0,10.0,0.0,0.0,0.0,0.0,6.0,15.0,16.0,16.0,6.0,0.0,0.0,0.0,0.0,0.0,2.0,11.0,12.0,0.0,0.0,0.0,0.0,0.0,0.0,9.0,8.0,0.0,0.0,0.0,0.0,0.0,4.0,15.0,2.0,0.0,0.0,0.0,1.0,9.0,15.0,9.0,3.0,0.0,0.0,0.0,0.0,16.0,16.0,16.0,16.0,7.0,0.0,0.0,0.0,10.0,13.0,8.0,4.0,1.0,0.0,2
443,0.0,0.0,7.0,15.0,6.0,0.0,0.0,0.0,0.0,4.0,16.0,9.0,14.0,3.0,0.0,0.0,0.0,2.0,14.0,0.0,13.0,6.0,0.0,0.0,0.0,0.0,2.0,0.0,11.0,10.0,0.0,0.0,0.0,0.0,0.0,0.0,13.0,6.0,0.0,0.0,0.0,0.0,0.0,5.0,15.0,7.0,0.0,0.0,0.0,0.0,9.0,16.0,16.0,16.0,15.0,0.0,0.0,0.0,6.0,15.0,7.0,4.0,6.0,1.0,2
253,0.0,0.0,0.0,12.0,15.0,6.0,0.0,0.0,0.0,0.0,5.0,16.0,13.0,15.0,0.0,0.0,0.0,0.0,2.0,16.0,16.0,12.0,1.0,0.0,0.0,0.0,0.0,11.0,16.0,14.0,1.0,0.0,0.0,0.0,7.0,16.0,15.0,10.0,0.0,0.0,0.0,1.0,16.0,8.0,2.0,14.0,5.0,0.0,0.0,0.0,12.0,10.0,4.0,12.0,7.0,0.0,0.0,0.0,2.0,11.0,16.0,13.0,3.0,0.0,8
16,0.0,0.0,0.0,8.0,15.0,1.0,0.0,0.0,0.0,0.0,0.0,12.0,14.0,0.0,0.0,0.0,0.0,0.0,3.0,16.0,7.0,0.0,0.0,0.0,0.0,0.0,6.0,16.0,2.0,0.0,0.0,0.0,0.0,0.0,7.0,16.0,16.0,13.0,5.0,0.0,0.0,0.0,15.0,16.0,9.0,9.0,14.0,0.0,0.0,0.0,3.0,14.0,9.0,2.0,16.0,2.0,0.0,0.0,0.0,7.0,15.0,16.0,11.0,0.0,6
1048,0.0,0.0,12.0,15.0,13.0,2.0,0.0,0.0,0.0,1.0,16.0,5.0,5.0,13.0,0.0,0.0,0.0,1.0,7.0,13.0,0.0,8.0,4.0,0.0,0.0,6.0,11.0,13.0,13.0,15.0,4.0,0.0,0.0,1.0,9.0,12.0,12.0,13.0,1.0,0.0,0.0,0.0,0.0,0.0,0.0,11.0,6.0,0.0,0.0,0.0,0.0,0.0,0.0,5.0,14.0,0.0,0.0,0.0,10.0,13.0,12.0,15.0,6.0,0.0,9
1404,0.0,0.0,9.0,16.0,16.0,16.0,4.0,0.0,0.0,0.0,8.0,16.0,5.0,4.0,0.0,0.0,0.0,1.0,15.0,9.0,0.0,0.0,0.0,0.0,0.0,9.0,15.0,8.0,7.0,3.0,0.0,0.0,0.0,3.0,12.0,12.0,14.0,16.0,5.0,0.0,0.0,0.0,0.0,0.0,1.0,11.0,12.0,0.0,0.0,0.0,1.0,2.0,1.0,11.0,10.0,0.0,0.0,0.0,9.0,16.0,16.0,16.0,4.0,0.0,5
1791,0.0,0.0,0.0,3.0,15.0,4.0,0.0,0.0,0.0,0.0,4.0,16.0,12.0,0.0,0.0,0.0,0.0,0.0,12.0,15.0,3.0,4.0,3.0,0.0,0.0,7.0,16.0,5.0,3.0,15.0,8.0,0.0,0.0,13.0,16.0,13.0,15.0,16.0,2.0,0.0,0.0,12.0,16.0,16.0,16.0,13.0,0.0,0.0,0.0,0.0,4.0,5.0,16.0,8.0,0.0,0.0,0.0,0.0,0.0,1.0,16.0,4.0,0.0,0.0,4
849,0.0,0.0,7.0,13.0,4.0,1.0,0.0,0.0,0.0,1.0,15.0,13.0,15.0,11.0,0.0,0.0,0.0,7.0,16.0,1.0,13.0,16.0,4.0,0.0,0.0,3.0,16.0,12.0,16.0,16.0,7.0,0.0,0.0,0.0,4.0,11.0,5.0,16.0,8.0,0.0,0.0,0.0,0.0,0.0,2.0,16.0,5.0,0.0,0.0,0.0,12.0,6.0,9.0,14.0,1.0,0.0,0.0,0.0,6.0,13.0,16.0,5.0,0.0,0.0,9
50,0.0,0.0,0.0,5.0,14.0,12.0,2.0,0.0,0.0,0.0,7.0,15.0,8.0,14.0,4.0,0.0,0.0,0.0,6.0,2.0,3.0,13.0,1.0,0.0,0.0,0.0,0.0,1.0,13.0,4.0,0.0,0.0,0.0,0.0,1.0,11.0,9.0,0.0,0.0,0.0,0.0,8.0,16.0,13.0,0.0,0.0,0.0,0.0,0.0,5.0,14.0,16.0,11.0,2.0,0.0,0.0,0.0,0.0,0.0,6.0,12.0,13.0,3.0,0.0,2
1107,0.0,0.0,4.0,15.0,12.0,2.0,0.0,0.0,0.0,0.0,9.0,16.0,14.0,2.0,0.0,0.0,0.0,0.0,12.0,16.0,15.0,0.0,0.0,0.0,0.0,0.0,11.0,16.0,12.0,1.0,0.0,0.0,0.0,0.0,9.0,16.0,14.0,0.0,0.0,0.0,0.0,0.0,10.0,16.0,12.0,0.0,0.0,0.0,0.0,0.0,9.0,16.0,14.0,0.0,0.0,0.0,0.0,0.0,4.0,12.0,12.0,0.0,0.0,0.0,1
1296,0.0,0.0,13.0,13.0,1.0,0.0,0.0,0.0,0.0,7.0,16.0,13.0,12.0,13.0,0.0,0.0,0.0,8.0,13.0,1.0,15.0,16.0,4.0,0.0,0.0,4.0,15.0,13.0,15.0,15.0,10.0,0.0,0.0,0.0,6.0,11.0,3.0,9.0,13.0,0.0,0.0,0.0,0.0,0.0,0.0,5.0,16.0,0.0,0.0,1.0,7.0,0.0,1.0,9.0,15.0,1.0,0.0,1.0,13.0,16.0,16.0,16.0,6.0,0.0,9
1350,0.0,0.0,10.0,16.0,16.0,10.0,1.0,0.0,0.0,4.0,16.0,11.0,11.0,16.0,3.0,0.0,0.0,1.0,9.0,1.0,10.0,15.0,1.0,0.0,0.0,0.0,0.0,5.0,16.0,10.0,0.0,0.0,0.0,0.0,0.0,0.0,7.0,15.0,10.0,0.0,0.0,0.0,0.0,0.0,0.0,7.0,16.0,0.0,0.0,2.0,12.0,7.0,4.0,14.0,15.0,1.0,0.0,0.0,11.0,16.0,16.0,15.0,4.0,0.0,3
1519,0.0,0.0,0.0,10.0,8.0,0.0,0.0,0.0,0.0,0.0,6.0,14.0,3.0,0.0,0.0,0.0,0.0,0.0,11.0,8.0,0.0,0.0,0.0,0.0,0.0,3.0,16.0,8.0,2.0,0.0,0.0,0.0,0.0,6.0,16.0,16.0,16.0,15.0,3.0,0.0,0.0,0.0,16.0,2.0,0.0,8.0,12.0,0.0,0.0,0.0,11.0,12.0,5.0,11.0,12.0,0.0,0.0,0.0,1.0,8.0,16.0,15.0,2.0,0.0,6
201,0.0,2.0,16.0,16.0,16.0,14.0,5.0,0.0,0.0,9.0,16.0,11.0,6.0,8.0,3.0,0.0,0.0,9.0,16.0,2.0,0.0,0.0,0.0,0.0,0.0,3.0,16.0,13.0,1.0,0.0,0.0,0.0,0.0,0.0,8.0,16.0,12.0,0.0,0.0,0.0,0.0,0.0,0.0,12.0,16.0,4.0,0.0,0.0,0.0,0.0,1.0,11.0,16.0,6.0,0.0,0.0,0.0,4.0,16.0,16.0,8.0,0.0,0.0,0.0,5
1517,0.0,0.0,9.0,12.0,12.0,13.0,7.0,0.0,0.0,0.0,15.0,5.0,5.0,4.0,2.0,0.0,0.0,4.0,15.0,10.0,4.0,0.0,0.0,0.0,0.0,2.0,11.0,11.0,15.0,11.0,0.0,0.0,0.0,0.0,0.0,0.0,0.0,10.0,5.0,0.0,0.0,0.0,0.0,0.0,0.0,7.0,7.0,0.0,0.0,5.0,11.0,4.0,5.0,14.0,1.0,0.0,0.0,0.0,9.0,16.0,13.0,3.0,0.0,0.0,5
82,0.0,0.0,0.0,10.0,15.0,3.0,0.0,0.0,0.0,0.0,7.0,16.0,11.0,0.0,0.0,0.0,0.0,0.0,13.0,15.0,1.0,0.0,0.0,0.0,0.0,0.0,15.0,11.0,0.0,0.0,0.0,0.0,0.0,0.0,16.0,13.0,8.0,1.0,0.0,0.0,0.0,0.0,15.0,16.0,16.0,15.0,6.0,0.0,0.0,0.0,10.0,16.0,14.0,16.0,14.0,2.0,0.0,0.0,1.0,9.0,15.0,16.0,11.0,0.0,6
361,0.0,0.0,3.0,11.0,15.0,13.0,2.0,0.0,0.0,2.0,15.0,11.0,8.0,14.0,7.0,0.0,0.0,8.0,14.0,0.0,2.0,13.0,2.0,0.0,0.0,3.0,13.0,16.0,16.0,15.0,1.0,0.0,0.0,0.0,0.0,0.0,14.0,5.0,0.0,0.0,0.0,0.0,0.0,7.0,14.0,0.0,0.0,0.0,0.0,0.0,1.0,15.0,4.0,0.0,0.0,0.0,0.0,0.0,2.0,16.0,1.0,0.0,0.0,0.0,9
1396,0.0,0.0,11.0,16.0,16.0,11.0,0.0,0.0,0.0,0.0,10.0,16.0,7.0,2.0,0.0,0.0,0.0,1.0,16.0,9.0,0.0,0.0,0.0,0.0,0.0,0.0,13.0,16.0,8.0,0.0,0.0,0.0,0.0,0.0,0.0,4.0,15.0,4.0,0.0,0.0,0.0,0.0,0.0,0.0,14.0,8.0,0.0,0.0,0.0,0.0,3.0,8.0,16.0,4.0,0.0,0.0,0.0,0.0,14.0,16.0,9.0,0.0,0.0,0.0,5
1595,0.0,2.0,15.0,16.0,5.0,0.0,0.0,0.0,0.0,0.0,4.0,11.0,9.0,0.0,0.0,0.0,0.0,0.0,0.0,13.0,7.0,2.0,1.0,0.0,0.0,1.0,8.0,16.0,14.0,16.0,10.0,0.0,0.0,10.0,16.0,15.0,7.0,1.0,0.0,0.0,0.0,0.0,14.0,8.0,0.0,0.0,0.0,0.0,0.0,1.0,16.0,3.0,0.0,0.0,0.0,0.0,0.0,2.0,15.0,1.0,0.0,0.0,0.0,0.0,7
1657,0.0,7.0,12.0,14.0,16.0,8.0,0.0,0.0,0.0,8.0,16.0,14.0,15.0,11.0,0.0,0.0,0.0,2.0,11.0,2.0,16.0,6.0,0.0,0.0,0.0,0.0,0.0,9.0,16.0,8.0,5.0,0.0,0.0,8.0,13.0,16.0,16.0,12.0,5.0,0.0,0.0,7.0,16.0,12.0,3.0,0.0,0.0,0.0,0.0,4.0,16.0,4.0,0.0,0.0,0.0,0.0,0.0,9.0,12.0,0.0,0.0,0.0,0.0,0.0,7
1371,0.0,0.0,7.0,16.0,12.0,0.0,0.0,0.0,0.0,1.0,16.0,7.0,13.0,3.0,0.0,0.0,0.0,0.0,15.0,2.0,10.0,6.0,0.0,0.0,0.0,0.0,4.0,0.0,12.0,5.0,0.0,0.0,0.0,0.0,0.0,0.0,15.0,1.0,0.0,0.0,0.0,0.0,0.0,5.0,13.0,0.0,0.0,0.0,0.0,0.0,6.0,15.0,14.0,8.0,7.0,1.0,0.0,0.0,6.0,13.0,12.0,12.0,15.0,12.0,2
652,0.0,0.0,0.0,13.0,3.0,0.0,0.0,0.0,0.0,0.0,8.0,13.0,1.0,0.0,0.0,0.0,0.0,0.0,12.0,5.0,0.0,0.0,0.0,0.0,0.0,1.0,13.0,0.0,0.0,0.0,0.0,0.0,0.0,1.0,12.0,6.0,11.0,9.0,3.0,0.0,0.0,1.0,15.0,16.0,12.0,8.0,11.0,0.0,0.0,0.0,9.0,13.0,2.0,6.0,16.0,2.0,0.0,0.0,0.0,11.0,16.0,14.0,7.0,0.0,6
1088,0.0,0.0,10.0,16.0,13.0,12.0,15.0,5.0,0.0,4.0,16.0,8.0,12.0,16.0,6.0,0.0,0.0,6.0,12.0,2.0,16.0,7.0,0.0,0.0,0.0,1.0,5.0,9.0,14.0,1.0,0.0,0.0,0.0,1.0,7.0,16.0,12.0,2.0,0.0,0.0,0.0,8.0,16.0,16.0,12.0,5.0,0.0,0.0,0.0,1.0,11.0,10.0,0.0,0.0,0.0,0.0,0.0,0.0,14.0,6.0,0.0,0.0,0.0,0.0,7
1392,0.0,0.0,6.0,12.0,15.0,9.0,1.0,0.0,0.0,5.0,14.0,4.0,5.0,16.0,3.0,0.0,0.0,9.0,8.0,3.0,13.0,16.0,4.0,0.0,0.0,3.0,15.0,15.0,7.0,10.0,8.0,0.0,0.0,0.0,0.0,1.0,0.0,12.0,8.0,0.0,0.0,0.0,0.0,0.0,0.0,11.0,2.0,0.0,0.0,0.0,7.0,4.0,5.0,13.0,0.0,0.0,0.0,0.0,5.0,14.0,15.0,4.0,0.0,0.0,9
1279,0.0,0.0,11.0,16.0,16.0,14.0,0.0,0.0,0.0,1.0,16.0,15.0,13.0,15.0,1.0,0.0,0.0,0.0,14.0,15.0,16.0,6.0,0.0,0.0,0.0,0.0,8.0,16.0,7.0,0.0,0.0,0.0,0.0,0.0,8.0,16.0,7.0,0.0,0.0,0.0,0.0,0.0,13.0,14.0,13.0,0.0,0.0,0.0,0.0,0.0,16.0,11.0,15.0,0.0,0.0,0.0,0.0,0.0,12.0,16.0,10.0,0.0,0.0,0.0,8
256,0.0,0.0,4.0,11.0,15.0,8.0,0.0,0.0,0.0,0.0,13.0,16.0,11.0,13.0,7.0,0.0,0.0,3.0,16.0,12.0,0.0,4.0,8.0,0.0,0.0,6.0,16.0,5.0,0.0,4.0,8.0,0.0,0.0,7.0,9.0,0.0,0.0,9.0,7.0,0.0,0.0,4.0,10.0,0.0,2.0,15.0,2.0,0.0,0.0,1.0,16.0,12.0,14.0,10.0,0.0,0.0,0.0,0.0,4.0,14.0,14.0,1.0,0.0,0.0,0
283,0.0,0.0,4.0,13.0,16.0,16.0,16.0,10.0,0.0,0.0,11.0,15.0,12.0,13.0,16.0,5.0,0.0,0.0,0.0,0.0,0.0,12.0,11.0,0.0,0.0,0.0,1.0,0.0,5.0,15.0,2.0,0.0,0.0,0.0,14.0,13.0,15.0,15.0,6.0,0.0,0.0,0.0,15.0,16.0,15.0,9.0,2.0,0.0,0.0,0.0,1.0,16.0,7.0,0.0,0.0,0.0,0.0,0.0,6.0,14.0,2.0,0.0,0.0,0.0,7
1569,0.0,0.0,0.0,1.0,13.0,1.0,0.0,0.0,0.0,0.0,1.0,14.0,15.0,0.0,0.0,0.0,0.0,0.0,3.0,16.0,6.0,0.0,0.0,0.0,0.0,0.0,6.0,12.0,0.0,0.0,0.0,0.0,0.0,0.0,9.0,14.0,10.0,3.0,0.0,0.0,0.0,0.0,8.0,16.0,16.0,16.0,1.0,0.0,0.0,0.0,8.0,16.0,15.0,16.0,5.0,0.0,0.0,0.0,0.0,2.0,11.0,11.0,1.0,0.0,6
796,0.0,0.0,2.0,13.0,15.0,8.0,0.0,0.0,0.0,0.0,10.0,14.0,10.0,11.0,8.0,0.0,0.0,0.0,16.0,1.0,0.0,0.0,9.0,0.0,0.0,3.0,13.0,0.0,0.0,0.0,8.0,0.0,0.0,4.0,12.0,0.0,0.0,1.0,8.0,0.0,0.0,5.0,12.0,0.0,0.0,10.0,0.0,0.0,0.0,0.0,15.0,8.0,7.0,10.0,0.0,0.0,0.0,0.0,4.0,14.0,14.0,1.0,0.0,0.0,0
1173,0.0,0.0,3.0,13.0,16.0,7.0,0.0,0.0,0.0,1.0,12.0,16.0,8.0,0.0,0.0,0.0,0.0,2.0,16.0,8.0,0.0,0.0,0.0,0.0,0.0,8.0,16.0,4.0,0.0,0.0,0.0,0.0,0.0,9.0,16.0,10.0,11.0,4.0,0.0,0.0,0.0,6.0,16.0,14.0,13.0,16.0,3.0,0.0,0.0,1.0,11.0,11.0,2.0,14.0,10.0,0.0,0.0,0.0,2.0,15.0,16.0,15.0,6.0,0.0,6
28,0.0,0.0,10.0,11.0,4.0,0.0,0.0,0.0,0.0,0.0,10.0,15.0,13.0,13.0,1.0,0.0,0.0,0.0,8.0,11.0,0.0,14.0,4.0,0.0,0.0,0.0,0.0,13.0,15.0,13.0,0.0,0.0,0.0,1.0,11.0,16.0,16.0,0.0,0.0,0.0,0.0,1.0,15.0,3.0,9.0,10.0,0.0,0.0,0.0,0.0,14.0,6.0,15.0,10.0,0.0,0.0,0.0,0.0,8.0,14.0,7.0,1.0,0.0,0.0,8
339,0.0,0.0,8.0,14.0,15.0,6.0,0.0,0.0,0.0,4.0,16.0,12.0,14.0,11.0,0.0,0.0,0.0,4.0,8.0,1.0,14.0,7.0,0.0,0.0,0.0,0.0,0.0,14.0,16.0,5.0,0.0,0.0,0.0,0.0,0.0,11.0,16.0,16.0,2.0,0.0,0.0,0.0,0.0,0.0,1.0,15.0,7.0,0.0,0.0,0.0,4.0,11.0,8.0,14.0,7.0,0.0,0.0,0.0,11.0,16.0,16.0,10.0,0.0,0.0,3
1178,0.0,0.0,0.0,8.0,13.0,3.0,0.0,0.0,0.0,0.0,8.0,16.0,16.0,8.0,0.0,0.0,0.0,12.0,16.0,16.0,16.0,2.0,0.0,0.0,0.0,9.0,9.0,16.0,10.0,0.0,0.0,0.0,0.0,0.0,2.0,15.0,8.0,0.0,0.0,0.0,0.0,0.0,4.0,16.0,7.0,0.0,0.0,0.0,0.0,0.0,3.0,16.0,10.0,0.0,0.0,0.0,0.0,0.0,0.0,7.0,13.0,2.0,0.0,0.0,1
1631,0.0,0.0,0.0,12.0,7.0,0.0,0.0,0.0,0.0,0.0,0.0,14.0,15.0,0.0,0.0,0.0,0.0,0.0,0.0,14.0,16.0,1.0,0.0,0.0,0.0,0.0,0.0,15.0,16.0,2.0,0.0,0.0,0.0,0.0,0.0,13.0,16.0,1.0,0.0,0.0,0.0,0.0,0.0,14.0,16.0,1.0,0.0,0.0,0.0,0.0,0.0,14.0,16.0,1.0,0.0,0.0,0.0,0.0,0.0,6.0,16.0,2.0,0.0,0.0,1
573,0.0,0.0,3.0,13.0,7.0,0.0,0.0,0.0,0.0,3.0,15.0,8.0,14.0,0.0,0.0,0.0,0.0,10.0,8.0,1.0,14.0,0.0,0.0,0.0,0.0,8.0,11.0,5.0,13.0,0.0,0.0,0.0,0.0,0.0,0.0,5.0,12.0,0.0,0.0,0.0,0.0,0.0,0.0,8.0,8.0,0.0,0.0,0.0,0.0,0.0,1.0,12.0,10.0,7.0,5.0,2.0,0.0,0.0,2.0,14.0,14.0,12.0,14.0,7.0,2
1735,0.0,0.0,0.0,1.0,15.0,2.0,0.0,0.0,0.0,0.0,0.0,6.0,14.0,0.0,0.0,0.0,0.0,0.0,0.0,11.0,9.0,0.0,6.0,0.0,0.0,0.0,6.0,15.0,1.0,11.0,15.0,0.0,0.0,5.0,16.0,14.0,10.0,16.0,8.0,0.0,1.0,15.0,16.0,16.0,16.0,16.0,3.0,0.0,0.0,3.0,7.0,5.0,13.0,11.0,0.0,0.0,0.0,0.0,0.0,0.0,15.0,3.0,0.0,0.0,4
744,0.0,0.0,6.0,14.0,11.0,0.0,0.0,0.0,0.0,3.0,16.0,9.0,16.0,0.0,0.0,0.0,0.0,3.0,7.0,5.0,12.0,0.0,0.0,0.0,0.0,0.0,1.0,14.0,8.0,2.0,0.0,0.0,0.0,0.0,2.0,16.0,16.0,16.0,4.0,0.0,0.0,0.0,0.0,0.0,0.0,11.0,8.0,0.0,0.0,0.0,0.0,4.0,10.0,15.0,2.0,0.0,0.0,0.0,5.0,16.0,12.0,4.0,0.0,0.0,3
230,0.0,3.0,15.0,13.0,12.0,8.0,1.0,0.0,0.0,4.0,16.0,14.0,12.0,12.0,2.0,0.0,0.0,0.0,16.0,4.0,0.0,0.0,0.0,0.0,0.0,0.0,12.0,9.0,0.0,0.0,0.0,0.0,0.0,0.0,7.0,16.0,3.0,0.0,0.0,0.0,0.0,0.0,0.0,14.0,8.0,0.0,0.0,0.0,0.0,0.0,5.0,15.0,10.0,0.0,0.0,0.0,0.0,2.0,15.0,16.0,2.0,0.0,0.0,0.0,5
845,0.0,0.0,1.0,7.0,13.0,10.0,0.0,0.0,0.0,2.0,13.0,14.0,14.0,16.0,4.0,0.0,0.0,4.0,16.0,5.0,12.0,16.0,2.0,0.0,0.0,0.0,6.0,11.0,12.0,16.0,5.0,0.0,0.0,0.0,0.0,0.0,0.0,15.0,8.0,0.0,0.0,1.0,1.0,0.0,0.0,13.0,11.0,0.0,0.0,0.0,12.0,8.0,4.0,13.0,8.0,0.0,0.0,0.0,0.0,7.0,15.0,16.0,10.0,0.0,9
1472,0.0,1.0,15.0,15.0,3.0,0.0,0.0,0.0,0.0,8.0,15.0,12.0,14.0,0.0,0.0,0.0,0.0,8.0,8.0,6.0,16.0,0.0,0.0,0.0,0.0,0.0,0.0,8.0,15.0,0.0,0.0,0.0,0.0,0.0,0.0,12.0,12.0,0.0,0.0,0.0,0.0,0.0,1.0,16.0,10.0,10.0,5.0,0.0,0.0,1.0,13.0,16.0,16.0,16.0,11.0,0.0,0.0,3.0,16.0,12.0,8.0,5.0,1.0,0.0,2
1202,0.0,2.0,10.0,15.0,16.0,16.0,14.0,0.0,0.0,7.0,11.0,4.0,6.0,15.0,9.0,0.0,0.0,0.0,0.0,6.0,15.0,12.0,0.0,0.0,0.0,0.0,3.0,16.0,9.0,0.0,0.0,0.0,0.0,0.0,5.0,16.0,8.0,0.0,0.0,0.0,0.0,0.0,0.0,11.0,15.0,2.0,0.0,0.0,0.0,0.0,1.0,6.0,16.0,2.0,0.0,0.0,0.0,1.0,16.0,16.0,6.0,0.0,0.0,0.0,3
1767,0.0,0.0,0.0,2.0,16.0,1.0,0.0,0.0,0.0,0.0,0.0,9.0,12.0,0.0,0.0,0.0,0.0,0.0,4.0,15.0,9.0,0.0,0.0,0.0,0.0,4.0,16.0,12.0,0.0,9.0,12.0,0.0,0.0,9.0,16.0,16.0,16.0,16.0,10.0,0.0,0.0,1.0,6.0,10.0,14.0,16.0,4.0,0.0,0.0,0.0,0.0,0.0,14.0,14.0,0.0,0.0,0.0,0.0,0.0,3.0,16.0,7.0,0.0,0.0,4
1554,0.0,0.0,0.0,1.0,9.0,14.0,7.0,0.0,0.0,0.0,5.0,14.0,9.0,8.0,10.0,0.0,0.0,2.0,14.0,16.0,11.0,13.0,3.0,0.0,0.0,3.0,16.0,16.0,16.0,16.0,5.0,0.0,0.0,0.0,6.0,7.0,1.0,11.0,7.0,0.0,0.0,0.0,0.0,0.0,1.0,13.0,3.0,0.0,0.0,0.0,0.0,0.0,6.0,8.0,0.0,0.0,0.0,0.0,0.0,0.0,10.0,0.0,0.0,0.0,9
1037,0.0,0.0,7.0,15.0,16.0,8.0,0.0,0.0,0.0,0.0,16.0,7.0,6.0,15.0,3.0,0.0,0.0,4.0,16.0,0.0,7.0,13.0,4.0,0.0,0.0,0.0,16.0,2.0,8.0,14.0,8.0,0.0,0.0,0.0,12.0,14.0,14.0,7.0,0.0,0.0,0.0,0.0,9.0,16.0,6.0,0.0,0.0,0.0,0.0,0.0,11.0,3.0,14.0,2.0,0.0,0.0,0.0,0.0,5.0,11.0,10.0,10.0,0.0,0.0,8
150,0.0,0.0,2.0,12.0,4.0,0.0,0.0,0.0,0.0,1.0,12.0,16.0,16.0,3.0,0.0,0.0,0.0,7.0,16.0,6.0,4.0,13.0,0.0,0.0,0.0,8.0,16.0,6.0,0.0,13.0,5.0,0.0,0.0,1.0,16.0,5.0,0.0,7.0,9.0,0.0,0.0,0.0,16.0,8.0,0.0,8.0,12.0,0.0,0.0,0.0,13.0,14.0,14.0,16.0,10.0,0.0,0.0,0.0,4.0,14.0,15.0,7.0,0.0,0.0,0
950,0.0,1.0,10.0,16.0,15.0,1.0,0.0,0.0,0.0,3.0,15.0,10.0,16.0,4.0,0.0,0.0,0.0,0.0,1.0,11.0,15.0,0.0,0.0,0.0,0.0,0.0,12.0,16.0,15.0,3.0,0.0,0.0,0.0,0.0,0.0,1.0,11.0,15.0,1.0,0.0,0.0,8.0,3.0,0.0,3.0,16.0,7.0,0.0,0.0,13.0,15.0,6.0,8.0,16.0,6.0,0.0,0.0,0.0,12.0,16.0,16.0,7.0,0.0,0.0,3
716,0.0,0.0,0.0,10.0,12.0,8.0,1.0,0.0,0.0,0.0,5.0,16.0,16.0,16.0,0.0,0.0,0.0,0.0,10.0,16.0,16.0,9.0,0.0,0.0,0.0,2.0,15.0,16.0,13.0,2.0,0.0,0.0,0.0,4.0,16.0,16.0,8.0,0.0,0.0,0.0,0.0,1.0,15.0,16.0,7.0,0.0,0.0,0.0,0.0,0.0,9.0,16.0,11.0,1.0,0.0,0.0,0.0,0.0,0.0,6.0,12.0,6.0,0.0,0.0,1
1497,0.0,0.0,0.0,14.0,4.0,0.0,0.0,0.0,0.0,0.0,6.0,13.0,1.0,0.0,0.0,0.0,0.0,0.0,15.0,4.0,0.0,0.0,0.0,0.0,0.0,4.0,16.0,7.0,4.0,2.0,0.0,0.0,0.0,8.0,16.0,11.0,9.0,15.0,5.0,0.0,0.0,5.0,14.0,1.0,0.0,10.0,9.0,0.0,0.0,0.0,11.0,12.0,5.0,13.0,5.0,0.0,0.0,0.0,1.0,13.0,16.0,9.0,0.0,0.0,6
1406,0.0,1.0,8.0,11.0,13.0,12.0,0.0,0.0,0.0,5.0,9.0,0.0,4.0,16.0,1.0,0.0,0.0,7.0,5.0,0.0,5.0,16.0,5.0,0.0,0.0,1.0,13.0,11.0,13.0,6.0,8.0,0.0,0.0,0.0,3.0,4.0,1.0,4.0,8.0,0.0,0.0,0.0,0.0,0.0,0.0,7.0,5.0,0.0,0.0,2.0,8.0,1.0,2.0,14.0,0.0,0.0,0.0,0.0,8.0,13.0,11.0,3.0,0.0,0.0,9
388,0.0,0.0,7.0,14.0,5.0,0.0,0.0,0.0,0.0,5.0,16.0,16.0,11.0,0.0,0.0,0.0,0.0,2.0,14.0,2.0,14.0,0.0,0.0,0.0,0.0,0.0,0.0,5.0,16.0,0.0,0.0,0.0,0.0,0.0,0.0,8.0,16.0,0.0,0.0,0.0,0.0,0.0,0.0,11.0,12.0,0.0,0.0,0.0,0.0,0.0,11.0,16.0,14.0,8.0,10.0,0.0,0.0,0.0,7.0,12.0,12.0,12.0,15.0,2.0,2
121,0.0,0.0,0.0,12.0,13.0,0.0,0.0,0.0,0.0,0.0,5.0,16.0,10.0,0.0,0.0,0.0,0.0,6.0,16.0,13.0,11.0,12.0,2.0,0.0,0.0,12.0,16.0,10.0,15.0,16.0,9.0,0.0,0.0,4.0,14.0,16.0,16.0,12.0,4.0,0.0,0.0,0.0,0.0,14.0,13.0,0.0,0.0,0.0,0.0,0.0,0.0,14.0,12.0,0.0,0.0,0.0,0.0,0.0,0.0,11.0,13.0,0.0,0.0,0.0,4
1182,0.0,5.0,15.0,12.0,12.0,12.0,4.0,0.0,0.0,10.0,14.0,12.0,12.0,9.0,7.0,0.0,0.0,12.0,11.0,0.0,0.0,0.0,0.0,0.0,0.0,5.0,15.0,10.0,0.0,0.0,0.0,0.0,0.0,0.0,3.0,16.0,3.0,0.0,0.0,0.0,0.0,0.0,0.0,15.0,4.0,0.0,0.0,0.0,0.0,1.0,7.0,16.0,4.0,0.0,0.0,0.0,0.0,4.0,15.0,12.0,0.0,0.0,0.0,0.0,5
1347,0.0,0.0,7.0,16.0,16.0,14.0,0.0,0.0,0.0,0.0,16.0,12.0,10.0,15.0,1.0,0.0,0.0,0.0,10.0,4.0,16.0,10.0,0.0,0.0,0.0,0.0,0.0,9.0,16.0,11.0,1.0,0.0,0.0,0.0,0.0,0.0,7.0,16.0,8.0,0.0,0.0,0.0,0.0,0.0,0.0,16.0,7.0,0.0,0.0,0.0,8.0,4.0,10.0,15.0,2.0,0.0,0.0,0.0,12.0,16.0,16.0,6.0,0.0,0.0,3
639,0.0,0.0,0.0,3.0,12.0,10.0,0.0,0.0,0.0,0.0,1.0,14.0,6.0,15.0,0.0,0.0,0.0,0.0,0.0,16.0,6.0,10.0,0.0,0.0,0.0,0.0,0.0,14.0,16.0,2.0,0.0,0.0,0.0,0.0,3.0,14.0,15.0,3.0,0.0,0.0,0.0,1.0,16.0,4.0,9.0,9.0,0.0,0.0,0.0,0.0,4.0,13.0,4.0,7.0,8.0,0.0,0.0,0.0,0.0,3.0,10.0,11.0,15.0,2.0,8
285,0.0,0.0,9.0,16.0,12.0,2.0,0.0,0.0,0.0,0.0,16.0,3.0,5.0,10.0,0.0,0.0,0.0,0.0,13.0,4.0,14.0,16.0,4.0,0.0,0.0,0.0,4.0,16.0,16.0,16.0,7.0,0.0,0.0,0.0,0.0,3.0,4.0,10.0,4.0,0.0,0.0,0.0,0.0,0.0,0.0,8.0,6.0,0.0,0.0,0.0,12.0,1.0,1.0,13.0,3.0,0.0,0.0,0.0,8.0,15.0,16.0,9.0,0.0,0.0,9
492,0.0,0.0,0.0,11.0,16.0,12.0,1.0,0.0,0.0,0.0,5.0,16.0,10.0,16.0,4.0,0.0,0.0,2.0,15.0,10.0,0.0,8.0,1.0,0.0,0.0,5.0,16.0,9.0,1.0,0.0,0.0,0.0,0.0,8.0,16.0,16.0,9.0,0.0,0.0,0.0,0.0,2.0,16.0,10.0,16.0,6.0,0.0,0.0,0.0,0.0,11.0,16.0,16.0,7.0,0.0,0.0,0.0,0.0,1.0,8.0,13.0,0.0,0.0,0.0,6
1700,0.0,0.0,4.0,9.0,12.0,16.0,8.0,0.0,0.0,0.0,15.0,15.0,8.0,8.0,2.0,0.0,0.0,4.0,16.0,11.0,4.0,1.0,0.0,0.0,0.0,8.0,16.0,16.0,16.0,14.0,0.0,0.0,0.0,0.0,11.0,9.0,8.0,16.0,0.0,0.0,0.0,0.0,0.0,0.0,7.0,16.0,0.0,0.0,0.0,0.0,0.0,8.0,16.0,12.0,0.0,0.0,0.0,0.0,3.0,13.0,9.0,1.0,0.0,0.0,5
735,0.0,0.0,6.0,9.0,11.0,9.0,0.0,0.0,0.0,13.0,16.0,15.0,15.0,15.0,0.0,0.0,0.0,4.0,5.0,2.0,15.0,6.0,0.0,0.0,0.0,0.0,0.0,3.0,15.0,6.0,0.0,0.0,0.0,0.0,0.0,0.0,6.0,15.0,6.0,0.0,0.0,0.0,0.0,0.0,0.0,5.0,12.0,0.0,0.0,0.0,0.0,5.0,13.0,16.0,9.0,0.0,0.0,0.0,3.0,13.0,12.0,7.0,1.0,0.0,3
363,0.0,0.0,8.0,16.0,15.0,8.0,0.0,0.0,0.0,1.0,16.0,16.0,16.0,2.0,0.0,0.0,0.0,2.0,16.0,16.0,10.0,0.0,0.0,0.0,0.0,2.0,16.0,16.0,12.0,0.0,0.0,0.0,0.0,6.0,16.0,16.0,13.0,0.0,0.0,0.0,0.0,1.0,16.0,16.0,11.0,0.0,0.0,0.0,0.0,0.0,16.0,16.0,10.0,0.0,0.0,0.0,0.0,0.0,7.0,15.0,15.0,0.0,0.0,0.0,1
617,0.0,0.0,4.0,13.0,14.0,8.0,0.0,0.0,0.0,3.0,14.0,3.0,1.0,16.0,3.0,0.0,0.0,7.0,9.0,0.0,0.0,14.0,6.0,0.0,0.0,8.0,4.0,0.0,0.0,16.0,4.0,0.0,0.0,8.0,6.0,0.0,0.0,16.0,0.0,0.0,0.0,3.0,11.0,0.0,1.0,14.0,0.0,0.0,0.0,0.0,12.0,4.0,6.0,11.0,0.0,0.0,0.0,0.0,5.0,16.0,14.0,1.0,0.0,0.0,0
391,0.0,0.0,12.0,13.0,12.0,12.0,12.0,0.0,0.0,0.0,16.0,13.0,12.0,11.0,11.0,0.0,0.0,0.0,16.0,13.0,11.0,2.0,0.0,0.0,0.0,3.0,16.0,14.0,16.0,7.0,0.0,0.0,0.0,0.0,0.0,0.0,11.0,11.0,0.0,0.0,0.0,0.0,0.0,0.0,8.0,11.0,0.0,0.0,0.0,1.0,14.0,11.0,15.0,9.0,0.0,0.0,0.0,0.0,10.0,14.0,12.0,0.0,0.0,0.0,5
996,0.0,0.0,0.0,5.0,12.0,12.0,0.0,0.0,0.0,0.0,5.0,16.0,6.0,1.0,0.0,0.0,0.0,0.0,15.0,5.0,0.0,0.0,0.0,0.0,0.0,5.0,13.0,2.0,7.0,4.0,0.0,0.0,0.0,7.0,15.0,16.0,13.0,15.0,3.0,0.0,0.0,3.0,16.0,9.0,0.0,1.0,12.0,0.0,0.0,0.0,10.0,12.0,2.0,6.0,13.0,0.0,0.0,0.0,0.0,8.0,15.0,16.0,5.0,0.0,6
955,0.0,0.0,7.0,14.0,12.0,1.0,0.0,0.0,0.0,7.0,14.0,5.0,8.0,10.0,0.0,0.0,0.0,8.0,11.0,1.0,7.0,10.0,0.0,0.0,0.0,1.0,9.0,16.0,15.0,4.0,0.0,0.0,0.0,0.0,1.0,14.0,14.0,12.0,0.0,0.0,0.0,0.0,7.0,11.0,0.0,12.0,7.0,0.0,0.0,0.0,11.0,5.0,0.0,11.0,8.0,0.0,0.0,0.0,4.0,14.0,16.0,12.0,1.0,0.0,8
800,0.0,0.0,0.0,13.0,9.0,0.0,0.0,0.0,0.0,0.0,6.0,16.0,2.0,0.0,0.0,0.0,0.0,0.0,12.0,9.0,0.0,2.0,0.0,0.0,0.0,7.0,15.0,1.0,5.0,15.0,1.0,0.0,0.0,14.0,10.0,4.0,11.0,12.0,3.0,0.0,2.0,16.0,16.0,16.0,16.0,13.0,2.0,0.0,0.0,3.0,4.0,11.0,14.0,0.0,0.0,0.0,0.0,0.0,0.0,15.0,4.0,0.0,0.0,0.0,4
1099,0.0,0.0,5.0,16.0,8.0,0.0,0.0,0.0,0.0,0.0,10.0,5.0,12.0,6.0,0.0,0.0,0.0,4.0,14.0,0.0,2.0,13.0,0.0,0.0,0.0,4.0,10.0,0.0,0.0,9.0,8.0,0.0,0.0,5.0,8.0,0.0,0.0,8.0,8.0,0.0,0.0,2.0,11.0,0.0,0.0,9.0,6.0,0.0,0.0,0.0,15.0,6.0,8.0,15.0,1.0,0.0,0.0,0.0,4.0,13.0,12.0,3.0,0.0,0.0,0
698,0.0,0.0,1.0,11.0,16.0,16.0,7.0,0.0,0.0,0.0,7.0,13.0,8.0,16.0,5.0,0.0,0.0,0.0,0.0,1.0,1.0,16.0,4.0,0.0,0.0,0.0,2.0,7.0,13.0,16.0,15.0,0.0,0.0,1.0,15.0,16.0,16.0,12.0,3.0,0.0,0.0,1.0,8.0,4.0,16.0,2.0,0.0,0.0,0.0,0.0,0.0,9.0,11.0,0.0,0.0,0.0,0.0,0.0,1.0,14.0,4.0,0.0,0.0,0.0,7
300,0.0,0.0,1.0,11.0,16.0,16.0,10.0,0.0,0.0,0.0,13.0,14.0,8.0,12.0,11.0,0.0,0.0,0.0,4.0,0.0,0.0,13.0,4.0,0.0,0.0,0.0,0.0,0.0,3.0,15.0,0.0,0.0,0.0,0.0,2.0,15.0,16.0,16.0,9.0,0.0,0.0,0.0,3.0,13.0,16.0,8.0,1.0,0.0,0.0,0.0,0.0,7.0,10.0,0.0,0.0,0.0,0.0,0.0,0.0,13.0,3.0,0.0,0.0,0.0,7
1637,0.0,0.0,0.0,9.0,15.0,9.0,0.0,0.0,0.0,0.0,8.0,15.0,5.0,12.0,2.0,0.0,0.0,0.0,15.0,15.0,3.0,13.0,3.0,0.0,0.0,0.0,11.0,16.0,16.0,13.0,0.0,0.0,0.0,4.0,16.0,10.0,15.0,0.0,0.0,0.0,0.0,3.0,12.0,0.0,8.0,7.0,0.0,0.0,0.0,0.0,12.0,8.0,10.0,11.0,0.0,0.0,0.0,0.0,0.0,9.0,13.0,4.0,0.0,0.0,8
1771,0.0,0.0,0.0,6.0,12.0,6.0,0.0,0.0,0.0,0.0,1.0,15.0,14.0,1.0,0.0,0.0,0.0,0.0,10.0,16.0,8.0,0.0,0.0,0.0,0.0,1.0,13.0,16.0,0.0,0.0,0.0,0.0,0.0,3.0,16.0,16.0,11.0,4.0,0.0,0.0,0.0,0.0,16.0,16.0,16.0,16.0,7.0,0.0,0.0,0.0,9.0,16.0,16.0,16.0,12.0,0.0,0.0,0.0,0.0,6.0,11.0,12.0,5.0,0.0,6
624,0.0,0.0,4.0,13.0,16.0,14.0,0.0,0.0,0.0,0.0,13.0,10.0,11.0,15.0,0.0,0.0,0.0,0.0,0.0,0.0,9.0,11.0,0.0,0.0,0.0,0.0,1.0,6.0,14.0,16.0,8.0,0.0,0.0,0.0,11.0,16.0,15.0,8.0,5.0,0.0,0.0,0.0,2.0,11.0,10.0,0.0,0.0,0.0,0.0,0.0,1.0,14.0,6.0,0.0,0.0,0.0,0.0,0.0,5.0,16.0,2.0,0.0,0.0,0.0,7
144,0.0,0.0,0.0,5.0,14.0,0.0,0.0,0.0,0.0,0.0,1.0,15.0,13.0,0.0,0.0,0.0,0.0,0.0,9.0,16.0,13.0,0.0,0.0,0.0,0.0,5.0,16.0,15.0,13.0,0.0,0.0,0.0,0.0,8.0,16.0,16.0,16.0,15.0,9.0,0.0,0.0,0.0,4.0,10.0,14.0,8.0,5.0,0.0,0.0,0.0,0.0,8.0,12.0,0.0,0.0,0.0,0.0,0.0,0.0,7.0,10.0,0.0,0.0,0.0,4
1148,0.0,0.0,0.0,9.0,16.0,3.0,0.0,0.0,0.0,0.0,7.0,16.0,7.0,0.0,0.0,0.0,0.0,2.0,15.0,8.0,0.0,1.0,7.0,0.0,0.0,9.0,14.0,0.0,2.0,13.0,14.0,0.0,0.0,8.0,16.0,14.0,15.0,16.0,6.0,0.0,0.0,1.0,7.0,8.0,16.0,12.0,0.0,0.0,0.0,0.0,0.0,7.0,16.0,5.0,0.0,0.0,0.0,0.0,0.0,12.0,12.0,0.0,0.0,0.0,4
247,0.0,0.0,0.0,0.0,13.0,11.0,0.0,0.0,0.0,0.0,0.0,8.0,16.0,5.0,0.0,0.0,0.0,0.0,3.0,15.0,16.0,4.0,0.0,0.0,0.0,0.0,8.0,15.0,16.0,10.0,1.0,0.0,0.0,4.0,16.0,14.0,16.0,16.0,11.0,0.0,0.0,7.0,16.0,13.0,15.0,14.0,3.0,0.0,0.0,0.0,0.0,0.0,16.0,11.0,0.0,0.0,0.0,0.0,0.0,0.0,12.0,11.0,0.0,0.0,4
29,0.0,0.0,9.0,13.0,7.0,0.0,0.0,0.0,0.0,0.0,12.0,16.0,16.0,2.0,0.0,0.0,0.0,0.0,12.0,13.0,16.0,6.0,0.0,0.0,0.0,0.0,6.0,16.0,16.0,14.0,0.0,0.0,0.0,0.0,0.0,0.0,2.0,16.0,3.0,0.0,0.0,0.0,0.0,0.0,0.0,9.0,10.0,0.0,0.0,0.0,3.0,7.0,12.0,14.0,16.0,2.0,0.0,0.0,7.0,12.0,12.0,12.0,11.0,0.0,9
746,0.0,0.0,1.0,14.0,8.0,8.0,1.0,0.0,0.0,0.0,10.0,13.0,8.0,16.0,1.0,0.0,0.0,2.0,16.0,4.0,10.0,11.0,0.0,0.0,0.0,7.0,15.0,6.0,14.0,16.0,13.0,0.0,0.0,3.0,16.0,16.0,15.0,9.0,2.0,0.0,0.0,0.0,3.0,11.0,9.0,0.0,0.0,0.0,0.0,0.0,0.0,12.0,4.0,0.0,0.0,0.0,0.0,0.0,0.0,12.0,0.0,0.0,0.0,0.0,4
1312,0.0,0.0,6.0,15.0,16.0,16.0,3.0,0.0,0.0,0.0,14.0,16.0,6.0,6.0,1.0,0.0,0.0,3.0,14.0,5.0,0.0,0.0,0.0,0.0,0.0,11.0,15.0,8.0,4.0,0.0,0.0,0.0,0.0,1.0,10.0,12.0,16.0,8.0,0.0,0.0,0.0,0.0,0.0,0.0,5.0,16.0,0.0,0.0,0.0,0.0,0.0,5.0,13.0,14.0,0.0,0.0,0.0,0.0,4.0,16.0,14.0,3.0,0.0,0.0,5
1757,0.0,0.0,4.0,16.0,16.0,8.0,0.0,0.0,0.0,0.0,6.0,16.0,16.0,15.0,1.0,0.0,0.0,0.0,4.0,16.0,16.0,12.0,0.0,0.0,0.0,0.0,3.0,16.0,16.0,15.0,0.0,0.0,0.0,0.0,8.0,16.0,16.0,6.0,0.0,0.0,0.0,1.0,13.0,16.0,16.0,4.0,0.0,0.0,0.0,3.0,16.0,16.0,15.0,2.0,0.0,0.0,0.0,0.0,6.0,12.0,12.0,2.0,0.0,0.0,1
823,0.0,0.0,5.0,14.0,12.0,5.0,0.0,0.0,0.0,0.0,13.0,16.0,16.0,9.0,0.0,0.0,0.0,0.0,11.0,16.0,16.0,9.0,0.0,0.0,0.0,0.0,11.0,16.0,16.0,7.0,0.0,0.0,0.0,0.0,10.0,16.0,16.0,2.0,0.0,0.0,0.0,0.0,13.0,16.0,15.0,0.0,0.0,0.0,0.0,0.0,14.0,16.0,13.0,0.0,0.0,0.0,0.0,0.0,7.0,13.0,16.0,8.0,0.0,0.0,1
929,0.0,0.0,0.0,2.0,15.0,7.0,0.0,0.0,0.0,0.0,0.0,11.0,15.0,2.0,5.0,0.0,0.0,0.0,5.0,16.0,6.0,6.0,16.0,0.0,0.0,2.0,16.0,10.0,4.0,13.0,13.0,0.0,0.0,13.0,16.0,16.0,16.0,16.0,10.0,0.0,0.0,6.0,4.0,4.0,11.0,16.0,4.0,0.0,0.0,0.0,0.0,0.0,14.0,14.0,0.0,0.0,0.0,0.0,0.0,3.0,16.0,7.0,0.0,0.0,4
1745,0.0,0.0,7.0,14.0,8.0,4.0,0.0,0.0,0.0,0.0,16.0,8.0,15.0,14.0,1.0,0.0,0.0,4.0,16.0,4.0,0.0,8.0,4.0,0.0,0.0,8.0,14.0,0.0,0.0,4.0,4.0,0.0,0.0,8.0,16.0,0.0,0.0,4.0,5.0,0.0,0.0,3.0,16.0,1.0,0.0,11.0,4.0,0.0,0.0,0.0,15.0,16.0,16.0,12.0,0.0,0.0,0.0,0.0,6.0,13.0,7.0,0.0,0.0,0.0,0
355,0.0,0.0,3.0,16.0,11.0,0.0,0.0,0.0,0.0,0.0,0.0,16.0,16.0,6.0,0.0,0.0,0.0,0.0,0.0,13.0,16.0,7.0,0.0,0.0,0.0,0.0,0.0,11.0,16.0,10.0,0.0,0.0,0.0,0.0,0.0,12.0,16.0,6.0,0.0,0.0,0.0,0.0,3.0,16.0,16.0,2.0,0.0,0.0,0.0,0.0,5.0,16.0,15.0,0.0,0.0,0.0,0.0,0.0,3.0,13.0,15.0,0.0,0.0,0.0,1
719,0.0,0.0,0.0,0.0,8.0,13.0,3.0,0.0,0.0,0.0,0.0,12.0,11.0,11.0,5.0,0.0,0.0,0.0,11.0,8.0,8.0,16.0,0.0,0.0,0.0,2.0,16.0,16.0,16.0,15.0,0.0,0.0,0.0,2.0,16.0,11.0,7.0,10.0,0.0,0.0,0.0,0.0,0.0,0.0,8.0,7.0,0.0,0.0,0.0,0.0,0.0,0.0,10.0,8.0,0.0,0.0,0.0,0.0,0.0,0.0,9.0,7.0,0.0,0.0,9
1240,0.0,3.0,12.0,15.0,16.0,16.0,3.0,0.0,0.0,6.0,16.0,9.0,9.0,16.0,6.0,0.0,0.0,0.0,3.0,0.0,11.0,15.0,1.0,0.0,0.0,0.0,0.0,4.0,16.0,7.0,0.0,0.0,0.0,0.0,0.0,7.0,16.0,4.0,0.0,0.0,0.0,0.0,0.0,0.0,13.0,11.0,0.0,0.0,0.0,0.0,4.0,5.0,15.0,14.0,0.0,0.0,0.0,3.0,16.0,16.0,15.0,6.0,0.0,0.0,3
665,0.0,0.0,0.0,1.0,7.0,15.0,11.0,0.0,0.0,0.0,0.0,11.0,8.0,3.0,13.0,0.0,0.0,0.0,10.0,6.0,2.0,12.0,11.0,0.0,0.0,1.0,16.0,12.0,16.0,16.0,7.0,0.0,0.0,2.0,16.0,14.0,7.0,12.0,2.0,0.0,0.0,0.0,0.0,0.0,3.0,11.0,0.0,0.0,0.0,0.0,0.0,0.0,7.0,9.0,0.0,0.0,0.0,0.0,0.0,0.0,9.0,6.0,0.0,0.0,9
1045,0.0,0.0,2.0,12.0,1.0,0.0,0.0,0.0,0.0,0.0,11.0,12.0,0.0,0.0,0.0,0.0,0.0,2.0,16.0,4.0,0.0,0.0,0.0,0.0,0.0,6.0,16.0,10.0,10.0,5.0,0.0,0.0,0.0,5.0,16.0,15.0,12.0,14.0,6.0,0.0,0.0,4.0,16.0,3.0,0.0,8.0,12.0,0.0,0.0,0.0,14.0,9.0,4.0,11.0,13.0,0.0,0.0,0.0,3.0,14.0,16.0,12.0,3.0,0.0,6
123,0.0,0.0,5.0,14.0,15.0,4.0,0.0,0.0,0.0,0.0,8.0,16.0,16.0,14.0,0.0,0.0,0.0,0.0,5.0,16.0,16.0,9.0,0.0,0.0,0.0,0.0,0.0,15.0,16.0,1.0,0.0,0.0,0.0,0.0,1.0,16.0,13.0,0.0,0.0,0.0,0.0,0.0,11.0,15.0,14.0,5.0,0.0,0.0,0.0,0.0,12.0,12.0,8.0,15.0,1.0,0.0,0.0,0.0,5.0,16.0,16.0,16.0,2.0,0.0,8
1779,0.0,0.0,3.0,10.0,16.0,16.0,4.0,0.0,0.0,0.0,0.0,0.0,1.0,14.0,7.0,0.0,0.0,0.0,0.0,0.0,2.0,15.0,4.0,0.0,0.0,0.0,4.0,4.0,12.0,15.0,5.0,0.0,0.0,1.0,15.0,16.0,16.0,9.0,4.0,0.0,0.0,0.0,2.0,11.0,13.0,0.0,0.0,0.0,0.0,0.0,1.0,16.0,5.0,0.0,0.0,0.0,0.0,0.0,3.0,12.0,0.0,0.0,0.0,0.0,7
1397,0.0,0.0,0.0,1.0,11.0,12.0,0.0,0.0,0.0,0.0,0.0,9.0,13.0,1.0,0.0,0.0,0.0,0.0,8.0,15.0,3.0,0.0,0.0,0.0,0.0,2.0,16.0,6.0,1.0,5.0,2.0,0.0,0.0,12.0,13.0,8.0,13.0,16.0,9.0,0.0,0.0,16.0,16.0,13.0,11.0,16.0,6.0,0.0,0.0,3.0,4.0,0.0,11.0,14.0,0.0,0.0,0.0,0.0,0.0,1.0,16.0,12.0,0.0,0.0,4
957,0.0,0.0,3.0,12.0,9.0,0.0,0.0,0.0,0.0,0.0,12.0,12.0,11.0,13.0,0.0,0.0,0.0,2.0,15.0,2.0,0.0,12.0,5.0,0.0,0.0,4.0,8.0,0.0,0.0,6.0,8.0,0.0,0.0,8.0,7.0,0.0,0.0,4.0,8.0,0.0,0.0,7.0,7.0,0.0,0.0,9.0,7.0,0.0,0.0,3.0,13.0,4.0,7.0,16.0,2.0,0.0,0.0,0.0,6.0,16.0,15.0,5.0,0.0,0.0,0
313,0.0,2.0,11.0,16.0,12.0,1.0,0.0,0.0,0.0,9.0,16.0,9.0,16.0,4.0,0.0,0.0,0.0,14.0,7.0,4.0,16.0,1.0,0.0,0.0,0.0,6.0,5.0,9.0,14.0,0.0,0.0,0.0,0.0,0.0,3.0,16.0,5.0,0.0,0.0,0.0,0.0,0.0,13.0,14.0,0.0,0.0,0.0,0.0,0.0,3.0,16.0,11.0,8.0,12.0,9.0,0.0,0.0,2.0,15.0,16.0,16.0,13.0,16.0,1.0,2
456,0.0,0.0,0.0,2.0,16.0,15.0,3.0,0.0,0.0,0.0,0.0,8.0,16.0,16.0,4.0,0.0,0.0,0.0,9.0,16.0,16.0,14.0,0.0,0.0,0.0,7.0,16.0,16.0,16.0,12.0,0.0,0.0,0.0,0.0,0.0,8.0,16.0,12.0,0.0,0.0,0.0,0.0,0.0,7.0,16.0,12.0,0.0,0.0,0.0,0.0,0.0,4.0,16.0,16.0,7.0,0.0,0.0,0.0,0.0,0.0,13.0,16.0,7.0,0.0,1
1332,0.0,0.0,9.0,16.0,16.0,12.0,0.0,0.0,0.0,2.0,16.0,8.0,9.0,16.0,0.0,0.0,0.0,1.0,8.0,0.0,13.0,14.0,0.0,0.0,0.0,0.0,0.0,13.0,16.0,5.0,0.0,0.0,0.0,0.0,0.0,8.0,14.0,15.0,5.0,0.0,0.0,0.0,0.0,0.0,0.0,9.0,14.0,0.0,0.0,0.0,9.0,6.0,0.0,11.0,15.0,0.0,0.0,0.0,8.0,16.0,16.0,16.0,6.0,0.0,3
1142,0.0,0.0,5.0,16.0,15.0,3.0,0.0,0.0,0.0,0.0,13.0,15.0,14.0,7.0,0.0,0.0,0.0,0.0,13.0,4.0,13.0,8.0,0.0,0.0,0.0,0.0,0.0,0.0,16.0,5.0,0.0,0.0,0.0,0.0,0.0,7.0,16.0,0.0,0.0,0.0,0.0,0.0,6.0,15.0,9.0,0.0,0.0,0.0,0.0,2.0,16.0,16.0,16.0,9.0,13.0,3.0,0.0,0.0,5.0,2.0,9.0,16.0,14.0,3.0,2
104,0.0,0.0,0.0,8.0,14.0,4.0,0.0,0.0,0.0,0.0,7.0,16.0,7.0,0.0,0.0,0.0,0.0,0.0,14.0,10.0,0.0,0.0,0.0,0.0,0.0,1.0,16.0,6.0,0.0,0.0,0.0,0.0,0.0,3.0,16.0,16.0,10.0,0.0,0.0,0.0,0.0,2.0,16.0,12.0,14.0,6.0,0.0,0.0,0.0,0.0,12.0,15.0,11.0,10.0,0.0,0.0,0.0,0.0,0.0,10.0,13.0,8.0,0.0,0.0,6
395,0.0,0.0,7.0,14.0,13.0,8.0,0.0,0.0,0.0,1.0,15.0,13.0,14.0,14.0,0.0,0.0,0.0,0.0,13.0,13.0,13.0,16.0,3.0,0.0,0.0,0.0,4.0,14.0,13.0,16.0,4.0,0.0,0.0,0.0,0.0,0.0,0.0,12.0,4.0,0.0,0.0,0.0,0.0,0.0,0.0,14.0,4.0,0.0,0.0,7.0,16.0,9.0,10.0,15.0,2.0,0.0,0.0,1.0,8.0,13.0,15.0,8.0,0.0,0.0,9
805,0.0,0.0,2.0,10.0,16.0,6.0,0.0,0.0,0.0,0.0,10.0,16.0,16.0,14.0,0.0,0.0,0.0,0.0,15.0,10.0,16.0,16.0,2.0,0.0,0.0,0.0,12.0,16.0,12.0,13.0,8.0,0.0,0.0,0.0,1.0,7.0,1.0,10.0,11.0,0.0,0.0,5.0,5.0,0.0,0.0,8.0,12.0,0.0,0.0,3.0,15.0,10.0,2.0,11.0,12.0,0.0,0.0,0.0,3.0,10.0,16.0,16.0,10.0,0.0,9
1612,0.0,0.0,0.0,2.0,9.0,13.0,6.0,0.0,0.0,0.0,11.0,15.0,8.0,9.0,10.0,0.0,0.0,3.0,16.0,10.0,4.0,13.0,5.0,0.0,0.0,1.0,15.0,16.0,15.0,15.0,7.0,0.0,0.0,0.0,0.0,0.0,1.0,14.0,1.0,0.0,0.0,0.0,0.0,0.0,11.0,6.0,0.0,0.0,0.0,0.0,0.0,1.0,13.0,0.0,0.0,0.0,0.0,0.0,0.0,5.0,4.0,0.0,0.0,0.0,9
899,0.0,0.0,6.0,14.0,16.0,5.0,0.0,0.0,0.0,2.0,16.0,16.0,16.0,7.0,0.0,0.0,0.0,2.0,15.0,16.0,15.0,2.0,0.0,0.0,0.0,0.0,6.0,16.0,15.0,7.0,0.0,0.0,0.0,0.0,14.0,10.0,6.0,16.0,3.0,0.0,0.0,1.0,16.0,3.0,0.0,16.0,7.0,0.0,0.0,0.0,10.0,11.0,11.0,15.0,3.0,0.0,0.0,0.0,3.0,14.0,16.0,6.0,0.0,0.0,8
1727,0.0,0.0,6.0,11.0,16.0,13.0,5.0,0.0,0.0,2.0,16.0,16.0,16.0,16.0,12.0,0.0,0.0,0.0,0.0,0.0,5.0,16.0,4.0,0.0,0.0,0.0,0.0,10.0,15.0,5.0,0.0,0.0,0.0,0.0,9.0,16.0,3.0,0.0,0.0,0.0,0.0,0.0,13.0,16.0,13.0,1.0,0.0,0.0,0.0,0.0,0.0,5.0,16.0,14.0,0.0,0.0,0.0,0.0,5.0,14.0,11.0,6.0,0.0,0.0,3
1654,0.0,0.0,7.0,16.0,5.0,0.0,0.0,0.0,0.0,0.0,16.0,16.0,11.0,0.0,0.0,0.0,0.0,0.0,10.0,13.0,16.0,1.0,0.0,0.0,0.0,0.0,0.0,13.0,15.0,0.0,0.0,0.0,0.0,0.0,0.0,14.0,13.0,0.0,0.0,0.0,0.0,0.0,12.0,16.0,6.0,4.0,8.0,1.0,0.0,0.0,14.0,16.0,16.0,16.0,16.0,4.0,0.0,0.0,7.0,16.0,15.0,7.0,3.0,0.0,2
291,0.0,1.0,5.0,11.0,15.0,4.0,0.0,0.0,0.0,8.0,16.0,13.0,6.0,2.0,0.0,0.0,0.0,11.0,7.0,0.0,0.0,0.0,0.0,0.0,0.0,11.0,16.0,16.0,11.0,2.0,0.0,0.0,0.0,0.0,4.0,4.0,5.0,12.0,3.0,0.0,0.0,0.0,0.0,0.0,0.0,5.0,11.0,0.0,0.0,0.0,1.0,6.0,0.0,10.0,11.0,0.0,0.0,0.0,2.0,12.0,16.0,15.0,2.0,0.0,5
1690,0.0,4.0,13.0,16.0,16.0,7.0,0.0,0.0,0.0,8.0,12.0,16.0,16.0,13.0,0.0,0.0,0.0,0.0,9.0,16.0,16.0,3.0,0.0,0.0,0.0,0.0,15.0,16.0,6.0,0.0,0.0,0.0,0.0,0.0,10.0,11.0,9.0,2.0,0.0,0.0,0.0,0.0,1.0,7.0,15.0,13.0,2.0,0.0,0.0,0.0,3.0,4.0,7.0,16.0,10.0,0.0,0.0,2.0,11.0,15.0,11.0,8.0,2.0,0.0,3
1500,0.0,0.0,0.0,3.0,12.0,12.0,2.0,0.0,0.0,0.0,7.0,15.0,16.0,16.0,0.0,0.0,0.0,4.0,15.0,9.0,14.0,16.0,3.0,0.0,0.0,2.0,0.0,0.0,14.0,16.0,0.0,0.0,0.0,0.0,0.0,0.0,14.0,16.0,0.0,0.0,0.0,0.0,0.0,0.0,15.0,13.0,0.0,0.0,0.0,0.0,0.0,0.0,16.0,14.0,1.0,0.0,0.0,0.0,0.0,3.0,16.0,13.0,2.0,0.0,1
1360,0.0,0.0,8.0,16.0,6.0,3.0,0.0,0.0,0.0,2.0,13.0,5.0,10.0,14.0,0.0,0.0,0.0,4.0,14.0,1.0,9.0,16.0,0.0,0.0,0.0,0.0,12.0,13.0,8.0,13.0,0.0,0.0,0.0,0.0,0.0,3.0,0.0,11.0,2.0,0.0,0.0,0.0,0.0,0.0,0.0,12.0,2.0,0.0,0.0,0.0,4.0,1.0,0.0,14.0,1.0,0.0,0.0,0.0,6.0,15.0,16.0,10.0,0.0,0.0,9
482,0.0,0.0,4.0,6.0,11.0,5.0,0.0,0.0,0.0,2.0,14.0,7.0,2.0,15.0,0.0,0.0,0.0,4.0,8.0,0.0,0.0,10.0,2.0,0.0,0.0,0.0,14.0,8.0,8.0,13.0,1.0,0.0,0.0,0.0,15.0,10.0,16.0,7.0,0.0,0.0,0.0,1.0,10.0,0.0,1.0,10.0,4.0,0.0,0.0,0.0,12.0,2.0,0.0,6.0,8.0,0.0,0.0,0.0,6.0,10.0,11.0,7.0,1.0,0.0,8
1555,0.0,0.0,2.0,16.0,12.0,1.0,0.0,0.0,0.0,0.0,11.0,15.0,13.0,11.0,0.0,0.0,0.0,2.0,16.0,9.0,0.0,14.0,2.0,0.0,0.0,4.0,16.0,12.0,0.0,11.0,5.0,0.0,0.0,4.0,16.0,6.0,0.0,12.0,7.0,0.0,0.0,0.0,15.0,1.0,1.0,15.0,9.0,0.0,0.0,0.0,10.0,9.0,10.0,15.0,2.0,0.0,0.0,0.0,2.0,13.0,16.0,8.0,0.0,0.0,0
1608,0.0,0.0,0.0,11.0,8.0,0.0,0.0,0.0,0.0,0.0,5.0,16.0,7.0,0.0,0.0,0.0,0.0,0.0,10.0,14.0,0.0,0.0,0.0,0.0,0.0,0.0,12.0,9.0,1.0,3.0,0.0,0.0,0.0,0.0,14.0,14.0,15.0,16.0,7.0,0.0,0.0,0.0,10.0,16.0,15.0,12.0,12.0,0.0,0.0,0.0,6.0,16.0,13.0,14.0,12.0,0.0,0.0,0.0,0.0,9.0,15.0,15.0,3.0,0.0,6
1064,0.0,0.0,7.0,16.0,16.0,16.0,6.0,0.0,0.0,0.0,12.0,13.0,5.0,1.0,0.0,0.0,0.0,0.0,15.0,7.0,1.0,0.0,0.0,0.0,0.0,3.0,16.0,16.0,13.0,0.0,0.0,0.0,0.0,11.0,15.0,5.0,16.0,4.0,0.0,0.0,0.0,5.0,3.0,1.0,16.0,3.0,0.0,0.0,0.0,0.0,0.0,11.0,12.0,0.0,0.0,0.0,0.0,0.0,7.0,15.0,1.0,0.0,0.0,0.0,5
645,0.0,0.0,0.0,4.0,12.0,15.0,4.0,0.0,0.0,0.0,3.0,14.0,4.0,10.0,8.0,0.0,0.0,0.0,4.0,12.0,5.0,14.0,2.0,0.0,0.0,0.0,4.0,16.0,14.0,3.0,0.0,0.0,0.0,1.0,12.0,15.0,13.0,0.0,0.0,0.0,0.0,6.0,13.0,1.0,12.0,6.0,0.0,0.0,0.0,0.0,10.0,13.0,5.0,14.0,1.0,0.0,0.0,0.0,0.0,4.0,10.0,16.0,8.0,0.0,8
1170,0.0,0.0,7.0,14.0,16.0,13.0,1.0,0.0,0.0,9.0,15.0,8.0,10.0,16.0,7.0,0.0,0.0,5.0,1.0,0.0,14.0,14.0,1.0,0.0,0.0,0.0,0.0,4.0,16.0,12.0,0.0,0.0,0.0,0.0,0.0,2.0,16.0,13.0,0.0,0.0,0.0,0.0,0.0,0.0,6.0,16.0,7.0,0.0,0.0,0.0,9.0,7.0,6.0,16.0,9.0,0.0,0.0,0.0,5.0,15.0,16.0,11.0,3.0,0.0,3
778,0.0,2.0,15.0,16.0,12.0,0.0,0.0,0.0,0.0,8.0,11.0,8.0,16.0,0.0,0.0,0.0,0.0,3.0,1.0,7.0,13.0,0.0,0.0,0.0,0.0,0.0,0.0,10.0,8.0,0.0,0.0,0.0,0.0,0.0,0.0,15.0,5.0,0.0,0.0,0.0,0.0,0.0,7.0,15.0,0.0,0.0,0.0,0.0,0.0,0.0,14.0,11.0,6.0,5.0,2.0,0.0,0.0,1.0,16.0,16.0,16.0,16.0,9.0,0.0,2
943,0.0,0.0,7.0,14.0,15.0,4.0,0.0,0.0,0.0,7.0,15.0,4.0,9.0,12.0,0.0,0.0,0.0,6.0,15.0,1.0,4.0,14.0,0.0,0.0,0.0,0.0,9.0,13.0,14.0,7.0,0.0,0.0,0.0,0.0,2.0,16.0,16.0,4.0,0.0,0.0,0.0,0.0,14.0,7.0,3.0,15.0,4.0,0.0,0.0,0.0,16.0,3.0,0.0,13.0,8.0,0.0,0.0,0.0,7.0,16.0,16.0,10.0,1.0,0.0,8
1127,0.0,0.0,0.0,9.0,11.0,0.0,0.0,0.0,0.0,0.0,5.0,15.0,1.0,0.0,0.0,0.0,0.0,2.0,16.0,4.0,0.0,3.0,9.0,0.0,0.0,7.0,14.0,0.0,1.0,14.0,12.0,0.0,0.0,9.0,16.0,12.0,14.0,15.0,1.0,0.0,0.0,0.0,6.0,8.0,15.0,6.0,0.0,0.0,0.0,0.0,0.0,4.0,16.0,1.0,0.0,0.0,0.0,0.0,0.0,9.0,13.0,0.0,0.0,0.0,4
1137,0.0,0.0,0.0,5.0,14.0,0.0,0.0,0.0,0.0,0.0,1.0,15.0,5.0,0.0,0.0,0.0,0.0,0.0,11.0,9.0,0.0,0.0,3.0,0.0,0.0,4.0,14.0,1.0,0.0,8.0,15.0,0.0,0.0,10.0,14.0,12.0,13.0,16.0,6.0,0.0,0.0,5.0,12.0,9.0,11.0,15.0,0.0,0.0,0.0,0.0,0.0,0.0,11.0,9.0,0.0,0.0,0.0,0.0,0.0,4.0,14.0,1.0,0.0,0.0,4
1484,0.0,1.0,10.0,13.0,9.0,2.0,0.0,0.0,0.0,2.0,12.0,4.0,12.0,10.0,0.0,0.0,0.0,0.0,14.0,5.0,11.0,11.0,0.0,0.0,0.0,0.0,2.0,8.0,8.0,15.0,2.0,0.0,0.0,0.0,0.0,0.0,0.0,12.0,5.0,0.0,0.0,0.0,0.0,0.0,0.0,4.0,12.0,0.0,0.0,0.0,4.0,1.0,0.0,8.0,11.0,0.0,0.0,0.0,11.0,16.0,16.0,14.0,3.0,0.0,9
920,0.0,1.0,12.0,13.0,13.0,0.0,0.0,0.0,0.0,4.0,11.0,6.0,3.0,0.0,0.0,0.0,0.0,7.0,11.0,8.0,6.0,1.0,0.0,0.0,0.0,5.0,15.0,12.0,13.0,12.0,0.0,0.0,0.0,0.0,0.0,0.0,0.0,13.0,4.0,0.0,0.0,0.0,0.0,0.0,0.0,8.0,8.0,0.0,0.0,2.0,10.0,8.0,7.0,15.0,3.0,0.0,0.0,1.0,13.0,16.0,12.0,5.0,0.0,0.0,5
1171,0.0,0.0,0.0,1.0,15.0,9.0,0.0,0.0,0.0,0.0,0.0,10.0,15.0,3.0,0.0,0.0,0.0,0.0,9.0,16.0,5.0,3.0,6.0,0.0,0.0,5.0,16.0,8.0,0.0,12.0,13.0,0.0,0.0,12.0,14.0,4.0,8.0,16.0,9.0,0.0,0.0,12.0,16.0,16.0,16.0,16.0,0.0,0.0,0.0,0.0,4.0,2.0,14.0,11.0,0.0,0.0,0.0,0.0,0.0,1.0,16.0,9.0,0.0,0.0,4
1575,0.0,0.0,7.0,15.0,16.0,16.0,1.0,0.0,0.0,9.0,16.0,16.0,10.0,5.0,0.0,0.0,0.0,14.0,16.0,16.0,15.0,0.0,0.0,0.0,0.0,11.0,14.0,13.0,16.0,2.0,0.0,0.0,0.0,0.0,0.0,6.0,16.0,1.0,0.0,0.0,0.0,0.0,0.0,12.0,12.0,0.0,0.0,0.0,0.0,0.0,6.0,16.0,7.0,0.0,0.0,0.0,0.0,0.0,10.0,13.0,0.0,0.0,0.0,0.0,5
813,0.0,0.0,3.0,4.0,10.0,0.0,0.0,0.0,0.0,3.0,15.0,8.0,14.0,3.0,0.0,0.0,0.0,8.0,7.0,0.0,10.0,6.0,0.0,0.0,0.0,3.0,11.0,8.0,15.0,11.0,0.0,0.0,0.0,0.0,1.0,7.0,3.0,13.0,3.0,0.0,0.0,0.0,0.0,0.0,0.0,6.0,9.0,0.0,0.0,0.0,9.0,6.0,1.0,0.0,16.0,0.0,0.0,0.0,0.0,3.0,11.0,16.0,16.0,3.0,9
1390,0.0,0.0,9.0,16.0,16.0,7.0,0.0,0.0,0.0,13.0,15.0,9.0,12.0,15.0,0.0,0.0,0.0,5.0,4.0,0.0,13.0,13.0,0.0,0.0,0.0,0.0,0.0,11.0,16.0,5.0,0.0,0.0,0.0,0.0,0.0,11.0,16.0,10.0,3.0,0.0,0.0,0.0,0.0,0.0,4.0,12.0,13.0,0.0,0.0,0.0,7.0,1.0,1.0,12.0,14.0,0.0,0.0,0.0,9.0,16.0,16.0,14.0,5.0,0.0,3
864,0.0,0.0,2.0,13.0,12.0,0.0,0.0,0.0,0.0,0.0,8.0,16.0,7.0,0.0,0.0,0.0,0.0,0.0,13.0,16.0,4.0,0.0,0.0,0.0,0.0,4.0,16.0,16.0,16.0,11.0,0.0,0.0,0.0,3.0,16.0,10.0,3.0,15.0,8.0,0.0,0.0,0.0,16.0,8.0,0.0,13.0,10.0,0.0,0.0,0.0,12.0,15.0,1.0,15.0,9.0,0.0,0.0,0.0,2.0,11.0,16.0,16.0,2.0,0.0,6
605,0.0,0.0,0.0,6.0,13.0,7.0,0.0,0.0,0.0,0.0,10.0,13.0,6.0,15.0,0.0,0.0,0.0,0.0,12.0,8.0,4.0,12.0,0.0,0.0,0.0,0.0,0.0,1.0,15.0,3.0,0.0,0.0,0.0,0.0,0.0,10.0,15.0,2.0,0.0,0.0,0.0,0.0,0.0,1.0,5.0,15.0,2.0,0.0,0.0,0.0,14.0,10.0,2.0,5.0,11.0,0.0,0.0,0.0,2.0,7.0,13.0,15.0,8.0,0.0,3
754,0.0,0.0,1.0,9.0,15.0,12.0,5.0,0.0,0.0,0.0,8.0,16.0,16.0,16.0,13.0,0.0,0.0,0.0,3.0,1.0,1.0,14.0,10.0,0.0,0.0,0.0,3.0,10.0,13.0,16.0,15.0,0.0,0.0,2.0,16.0,16.0,16.0,15.0,3.0,0.0,0.0,3.0,8.0,2.0,13.0,6.0,0.0,0.0,0.0,0.0,0.0,5.0,13.0,0.0,0.0,0.0,0.0,0.0,0.0,11.0,5.0,0.0,0.0,0.0,7
810,0.0,0.0,6.0,13.0,0.0,0.0,0.0,0.0,0.0,0.0,15.0,12.0,0.0,0.0,0.0,0.0,0.0,0.0,16.0,6.0,0.0,0.0,0.0,0.0,0.0,3.0,16.0,14.0,11.0,5.0,0.0,0.0,0.0,5.0,16.0,12.0,11.0,16.0,6.0,0.0,0.0,6.0,16.0,9.0,2.0,16.0,9.0,0.0,0.0,0.0,13.0,14.0,8.0,16.0,8.0,0.0,0.0,0.0,4.0,15.0,16.0,13.0,2.0,0.0,6
769,0.0,0.0,4.0,15.0,7.0,0.0,0.0,0.0,0.0,1.0,13.0,12.0,16.0,2.0,2.0,0.0,0.0,7.0,11.0,0.0,11.0,12.0,1.0,0.0,0.0,4.0,8.0,6.0,13.0,3.0,0.0,0.0,0.0,3.0,16.0,15.0,1.0,0.0,0.0,0.0,0.0,2.0,16.0,14.0,6.0,0.0,0.0,0.0,0.0,3.0,16.0,10.0,14.0,3.0,0.0,0.0,0.0,0.0,2.0,9.0,12.0,3.0,0.0,0.0,8
14,0.0,0.0,0.0,8.0,15.0,1.0,0.0,0.0,0.0,0.0,1.0,14.0,13.0,1.0,1.0,0.0,0.0,0.0,10.0,15.0,3.0,15.0,11.0,0.0,0.0,7.0,16.0,7.0,1.0,16.0,8.0,0.0,0.0,9.0,16.0,13.0,14.0,16.0,5.0,0.0,0.0,1.0,10.0,15.0,16.0,14.0,0.0,0.0,0.0,0.0,0.0,1.0,16.0,10.0,0.0,0.0,0.0,0.0,0.0,10.0,15.0,4.0,0.0,0.0,4
467,0.0,0.0,1.0,11.0,12.0,13.0,14.0,5.0,0.0,0.0,7.0,15.0,11.0,10.0,16.0,6.0,0.0,0.0,10.0,7.0,0.0,2.0,16.0,2.0,0.0,1.0,16.0,1.0,0.0,12.0,8.0,0.0,0.0,2.0,11.0,0.0,4.0,14.0,1.0,0.0,0.0,0.0,0.0,1.0,14.0,4.0,0.0,0.0,0.0,0.0,0.0,8.0,14.0,0.0,0.0,0.0,0.0,0.0,0.0,15.0,7.0,0.0,0.0,0.0,7
1644,0.0,0.0,8.0,15.0,16.0,6.0,0.0,0.0,0.0,0.0,13.0,13.0,13.0,13.0,0.0,0.0,0.0,0.0,2.0,6.0,16.0,9.0,0.0,0.0,0.0,0.0,0.0,3.0,16.0,2.0,0.0,0.0,0.0,0.0,0.0,0.0,10.0,10.0,0.0,0.0,0.0,0.0,0.0,0.0,5.0,15.0,0.0,0.0,0.0,0.0,7.0,4.0,11.0,16.0,1.0,0.0,0.0,0.0,7.0,16.0,16.0,8.0,0.0,0.0,3
1156,0.0,3.0,16.0,9.0,2.0,0.0,0.0,0.0,0.0,3.0,16.0,13.0,12.0,0.0,0.0,0.0,0.0,0.0,12.0,11.0,14.0,10.0,6.0,0.0,0.0,0.0,2.0,15.0,16.0,10.0,2.0,0.0,0.0,0.0,6.0,14.0,15.0,1.0,0.0,0.0,0.0,3.0,15.0,4.0,9.0,7.0,0.0,0.0,0.0,6.0,13.0,1.0,10.0,9.0,0.0,0.0,0.0,2.0,11.0,12.0,14.0,4.0,0.0,0.0,8
1565,0.0,0.0,2.0,12.0,10.0,0.0,0.0,0.0,0.0,0.0,11.0,14.0,14.0,9.0,0.0,0.0,0.0,3.0,15.0,1.0,10.0,9.0,0.0,0.0,0.0,2.0,7.0,0.0,10.0,8.0,0.0,0.0,0.0,0.0,0.0,2.0,16.0,2.0,0.0,0.0,0.0,0.0,0.0,10.0,16.0,6.0,0.0,0.0,0.0,0.0,7.0,16.0,13.0,14.0,16.0,4.0,0.0,0.0,4.0,15.0,0.0,0.0,5.0,4.0,2
755,0.0,0.0,11.0,16.0,16.0,16.0,16.0,2.0,0.0,5.0,16.0,16.0,14.0,10.0,4.0,0.0,0.0,5.0,16.0,5.0,0.0,0.0,0.0,0.0,0.0,1.0,15.0,10.0,0.0,0.0,0.0,0.0,0.0,0.0,6.0,16.0,8.0,0.0,0.0,0.0,0.0,0.0,0.0,9.0,14.0,0.0,0.0,0.0,0.0,0.0,0.0,5.0,16.0,3.0,0.0,0.0,0.0,0.0,10.0,16.0,13.0,1.0,0.0,0.0,5
1535,0.0,1.0,13.0,14.0,16.0,14.0,3.0,0.0,0.0,4.0,14.0,8.0,7.0,3.0,0.0,0.0,0.0,6.0,11.0,0.0,0.0,0.0,0.0,0.0,0.0,5.0,16.0,15.0,11.0,5.0,0.0,0.0,0.0,2.0,7.0,7.0,10.0,16.0,0.0,0.0,0.0,0.0,0.0,0.0,3.0,16.0,0.0,0.0,0.0,0.0,7.0,5.0,13.0,11.0,0.0,0.0,0.0,0.0,15.0,16.0,10.0,1.0,0.0,0.0,5
689,0.0,0.0,0.0,4.0,13.0,16.0,15.0,2.0,0.0,0.0,2.0,15.0,13.0,13.0,16.0,6.0,0.0,0.0,7.0,7.0,0.0,3.0,16.0,4.0,0.0,0.0,0.0,4.0,4.0,8.0,14.0,0.0,0.0,0.0,14.0,16.0,16.0,16.0,6.0,0.0,0.0,0.0,11.0,9.0,10.0,12.0,0.0,0.0,0.0,0.0,0.0,0.0,13.0,3.0,0.0,0.0,0.0,0.0,0.0,4.0,10.0,0.0,0.0,0.0,7
418,0.0,1.0,14.0,13.0,12.0,8.0,5.0,0.0,0.0,4.0,16.0,11.0,12.0,15.0,7.0,0.0,0.0,8.0,16.0,16.0,13.0,1.0,0.0,0.0,0.0,3.0,9.0,7.0,15.0,7.0,0.0,0.0,0.0,0.0,0.0,0.0,8.0,9.0,0.0,0.0,0.0,0.0,2.0,0.0,6.0,12.0,0.0,0.0,0.0,0.0,16.0,8.0,12.0,11.0,0.0,0.0,0.0,0.0,12.0,14.0,12.0,4.0,0.0,0.0,5
712,0.0,0.0,1.0,10.0,0.0,0.0,0.0,0.0,0.0,0.0,4.0,15.0,0.0,0.0,0.0,0.0,0.0,0.0,10.0,11.0,0.0,0.0,0.0,0.0,0.0,0.0,13.0,9.0,3.0,2.0,0.0,0.0,0.0,0.0,13.0,16.0,16.0,15.0,4.0,0.0,0.0,0.0,13.0,13.0,6.0,4.0,12.0,0.0,0.0,0.0,9.0,11.0,5.0,9.0,15.0,2.0,0.0,0.0,2.0,12.0,16.0,12.0,6.0,0.0,6
396,0.0,0.0,4.0,13.0,12.0,1.0,0.0,0.0,0.0,2.0,15.0,14.0,16.0,13.0,0.0,0.0,0.0,6.0,16.0,4.0,6.0,16.0,5.0,0.0,0.0,8.0,15.0,1.0,0.0,12.0,8.0,0.0,0.0,8.0,12.0,0.0,0.0,12.0,8.0,0.0,0.0,5.0,13.0,0.0,1.0,13.0,8.0,0.0,0.0,1.0,15.0,10.0,12.0,16.0,3.0,0.0,0.0,0.0,6.0,16.0,13.0,4.0,0.0,0.0,0
476,0.0,0.0,0.0,0.0,12.0,8.0,0.0,0.0,0.0,0.0,0.0,3.0,16.0,16.0,0.0,0.0,0.0,0.0,1.0,13.0,16.0,11.0,0.0,0.0,0.0,3.0,15.0,16.0,16.0,8.0,0.0,0.0,0.0,0.0,3.0,7.0,16.0,8.0,0.0,0.0,0.0,0.0,0.0,4.0,16.0,8.0,0.0,0.0,0.0,0.0,0.0,4.0,16.0,14.0,0.0,0.0,0.0,0.0,0.0,0.0,14.0,15.0,5.0,0.0,1
709,0.0,1.0,11.0,15.0,16.0,9.0,0.0,0.0,0.0,3.0,16.0,10.0,10.0,16.0,1.0,0.0,0.0,0.0,2.0,1.0,14.0,11.0,0.0,0.0,0.0,0.0,0.0,14.0,16.0,7.0,0.0,0.0,0.0,0.0,0.0,13.0,16.0,16.0,5.0,0.0,0.0,0.0,0.0,0.0,2.0,16.0,8.0,0.0,0.0,0.0,6.0,8.0,13.0,15.0,5.0,0.0,0.0,0.0,15.0,16.0,12.0,5.0,0.0,0.0,3
387,0.0,0.0,0.0,0.0,13.0,16.0,6.0,0.0,0.0,0.0,3.0,11.0,16.0,16.0,5.0,0.0,0.0,5.0,16.0,16.0,16.0,16.0,4.0,0.0,0.0,4.0,10.0,9.0,16.0,16.0,4.0,0.0,0.0,0.0,0.0,0.0,13.0,16.0,4.0,0.0,0.0,0.0,0.0,0.0,12.0,16.0,4.0,0.0,0.0,0.0,0.0,2.0,16.0,16.0,7.0,0.0,0.0,0.0,0.0,1.0,12.0,14.0,5.0,0.0,1
219,0.0,1.0,12.0,12.0,13.0,8.0,1.0,0.0,0.0,0.0,8.0,9.0,15.0,16.0,2.0,0.0,0.0,0.0,0.0,3.0,16.0,10.0,0.0,0.0,0.0,0.0,0.0,7.0,16.0,6.0,0.0,0.0,0.0,0.0,0.0,5.0,16.0,10.0,0.0,0.0,0.0,0.0,0.0,0.0,7.0,16.0,7.0,0.0,0.0,0.0,3.0,8.0,15.0,13.0,2.0,0.0,0.0,2.0,14.0,16.0,10.0,1.0,0.0,0.0,3
1733,0.0,0.0,5.0,16.0,5.0,0.0,0.0,0.0,0.0,0.0,12.0,14.0,1.0,0.0,0.0,0.0,0.0,0.0,15.0,10.0,0.0,0.0,0.0,0.0,0.0,3.0,16.0,9.0,1.0,0.0,0.0,0.0,0.0,7.0,16.0,16.0,16.0,9.0,0.0,0.0,0.0,1.0,16.0,10.0,8.0,16.0,6.0,0.0,0.0,0.0,12.0,14.0,5.0,9.0,13.0,0.0,0.0,0.0,4.0,15.0,15.0,12.0,3.0,0.0,6
94,0.0,0.0,3.0,12.0,16.0,10.0,0.0,0.0,0.0,2.0,14.0,12.0,12.0,12.0,0.0,0.0,0.0,5.0,10.0,0.0,10.0,11.0,0.0,0.0,0.0,0.0,0.0,1.0,14.0,9.0,2.0,0.0,0.0,0.0,8.0,16.0,16.0,16.0,10.0,0.0,0.0,0.0,6.0,16.0,13.0,7.0,0.0,0.0,0.0,0.0,0.0,16.0,5.0,0.0,0.0,0.0,0.0,0.0,5.0,13.0,0.0,0.0,0.0,0.0,7
1072,0.0,0.0,5.0,10.0,11.0,13.0,12.0,0.0,0.0,2.0,14.0,8.0,8.0,13.0,10.0,0.0,0.0,1.0,6.0,0.0,4.0,13.0,0.0,0.0,0.0,0.0,0.0,1.0,15.0,2.0,0.0,0.0,0.0,0.0,0.0,11.0,15.0,8.0,1.0,0.0,0.0,2.0,15.0,15.0,8.0,7.0,0.0,0.0,0.0,1.0,9.0,12.0,0.0,0.0,0.0,0.0,0.0,0.0,7.0,11.0,0.0,0.0,0.0,0.0,7
1463,0.0,0.0,3.0,12.0,8.0,1.0,0.0,0.0,0.0,0.0,14.0,16.0,16.0,15.0,1.0,0.0,0.0,3.0,15.0,2.0,1.0,12.0,4.0,0.0,0.0,6.0,9.0,0.0,0.0,7.0,8.0,0.0,0.0,7.0,8.0,0.0,0.0,5.0,8.0,0.0,0.0,4.0,12.0,0.0,0.0,9.0,6.0,0.0,0.0,0.0,15.0,11.0,9.0,16.0,2.0,0.0,0.0,0.0,3.0,11.0,15.0,7.0,0.0,0.0,0
402,0.0,0.0,2.0,11.0,13.0,4.0,0.0,0.0,0.0,0.0,12.0,16.0,13.0,15.0,0.0,0.0,0.0,0.0,16.0,9.0,1.0,3.0,0.0,0.0,0.0,4.0,16.0,6.0,14.0,9.0,1.0,0.0,0.0,7.0,16.0,16.0,16.0,16.0,6.0,0.0,0.0,1.0,16.0,14.0,4.0,16.0,8.0,0.0,0.0,0.0,12.0,16.0,13.0,16.0,2.0,0.0,0.0,0.0,2.0,10.0,16.0,7.0,0.0,0.0,6
238,0.0,0.0,0.0,3.0,13.0,1.0,0.0,0.0,0.0,0.0,0.0,8.0,16.0,3.0,0.0,0.0,0.0,0.0,1.0,15.0,16.0,4.0,0.0,0.0,0.0,0.0,8.0,16.0,16.0,1.0,0.0,0.0,0.0,2.0,16.0,14.0,16.0,5.0,1.0,0.0,0.0,11.0,16.0,16.0,16.0,16.0,10.0,0.0,0.0,5.0,8.0,11.0,16.0,4.0,1.0,0.0,0.0,0.0,0.0,2.0,16.0,2.0,0.0,0.0,4
1766,0.0,0.0,8.0,12.0,11.0,6.0,0.0,0.0,0.0,0.0,8.0,16.0,16.0,13.0,2.0,0.0,0.0,2.0,14.0,16.0,16.0,14.0,2.0,0.0,0.0,2.0,13.0,16.0,16.0,8.0,0.0,0.0,0.0,4.0,16.0,16.0,16.0,8.0,0.0,0.0,0.0,4.0,16.0,16.0,16.0,10.0,0.0,0.0,0.0,1.0,11.0,16.0,16.0,8.0,0.0,0.0,0.0,0.0,4.0,11.0,12.0,7.0,0.0,0.0,1
159,0.0,0.0,5.0,13.0,4.0,0.0,0.0,0.0,0.0,0.0,15.0,14.0,14.0,5.0,0.0,0.0,0.0,0.0,12.0,7.0,8.0,16.0,1.0,0.0,0.0,0.0,4.0,13.0,16.0,16.0,1.0,0.0,0.0,0.0,0.0,0.0,0.0,15.0,2.0,0.0,0.0,0.0,0.0,0.0,0.0,14.0,6.0,0.0,0.0,0.0,2.0,7.0,8.0,16.0,4.0,0.0,0.0,0.0,6.0,12.0,13.0,10.0,0.0,0.0,9
1183,0.0,0.0,0.0,6.0,12.0,0.0,0.0,0.0,0.0,0.0,5.0,16.0,7.0,0.0,0.0,0.0,0.0,0.0,12.0,9.0,0.0,0.0,0.0,0.0,0.0,1.0,16.0,5.0,0.0,0.0,0.0,0.0,0.0,1.0,16.0,10.0,12.0,9.0,2.0,0.0,0.0,0.0,13.0,8.0,2.0,5.0,13.0,0.0,0.0,0.0,6.0,11.0,1.0,2.0,16.0,3.0,0.0,0.0,0.0,8.0,11.0,14.0,11.0,2.0,6
1493,0.0,0.0,10.0,13.0,5.0,0.0,0.0,0.0,0.0,3.0,16.0,16.0,16.0,10.0,0.0,0.0,0.0,8.0,16.0,1.0,6.0,16.0,5.0,0.0,0.0,8.0,11.0,0.0,0.0,9.0,12.0,0.0,0.0,10.0,8.0,0.0,0.0,8.0,12.0,0.0,0.0,8.0,11.0,0.0,0.0,8.0,11.0,0.0,0.0,3.0,16.0,10.0,8.0,15.0,9.0,0.0,0.0,0.0,9.0,16.0,16.0,10.0,1.0,0.0,0
96,0.0,1.0,9.0,16.0,15.0,10.0,0.0,0.0,0.0,6.0,16.0,8.0,7.0,16.0,3.0,0.0,0.0,0.0,11.0,14.0,16.0,11.0,1.0,0.0,0.0,1.0,13.0,16.0,6.0,0.0,0.0,0.0,0.0,8.0,15.0,16.0,3.0,0.0,0.0,0.0,0.0,5.0,14.0,10.0,11.0,0.0,0.0,0.0,0.0,0.0,15.0,7.0,16.0,3.0,0.0,0.0,0.0,0.0,11.0,16.0,8.0,0.0,0.0,0.0,8
1452,0.0,0.0,9.0,12.0,13.0,6.0,0.0,0.0,0.0,0.0,16.0,8.0,8.0,15.0,2.0,0.0,0.0,0.0,16.0,10.0,9.0,16.0,5.0,0.0,0.0,0.0,4.0,12.0,11.0,12.0,5.0,0.0,0.0,0.0,0.0,0.0,0.0,8.0,8.0,0.0,0.0,0.0,0.0,0.0,0.0,9.0,7.0,0.0,0.0,0.0,8.0,4.0,7.0,16.0,2.0,0.0,0.0,0.0,10.0,16.0,16.0,7.0,0.0,0.0,9
1587,0.0,2.0,10.0,16.0,12.0,0.0,0.0,0.0,0.0,12.0,14.0,12.0,16.0,5.0,0.0,0.0,0.0,2.0,0.0,4.0,16.0,7.0,1.0,0.0,0.0,0.0,4.0,15.0,16.0,16.0,10.0,0.0,0.0,1.0,16.0,16.0,12.0,5.0,2.0,0.0,0.0,0.0,15.0,12.0,1.0,0.0,0.0,0.0,0.0,1.0,14.0,4.0,0.0,0.0,0.0,0.0,0.0,0.0,16.0,3.0,0.0,0.0,0.0,0.0,7
357,0.0,0.0,3.0,14.0,7.0,0.0,0.0,0.0,0.0,0.0,14.0,16.0,14.0,9.0,0.0,0.0,0.0,4.0,16.0,16.0,11.0,15.0,3.0,0.0,0.0,5.0,15.0,6.0,0.0,4.0,8.0,0.0,0.0,8.0,8.0,0.0,0.0,4.0,8.0,0.0,0.0,5.0,11.0,0.0,0.0,6.0,6.0,0.0,0.0,0.0,13.0,10.0,5.0,15.0,5.0,0.0,0.0,0.0,2.0,12.0,14.0,8.0,0.0,0.0,0
235,0.0,0.0,0.0,0.0,10.0,13.0,7.0,0.0,0.0,0.0,0.0,5.0,16.0,16.0,11.0,0.0,0.0,0.0,4.0,14.0,16.0,16.0,7.0,0.0,0.0,3.0,14.0,16.0,16.0,16.0,4.0,0.0,0.0,7.0,16.0,16.0,16.0,16.0,4.0,0.0,0.0,0.0,2.0,13.0,16.0,16.0,3.0,0.0,0.0,0.0,0.0,11.0,16.0,16.0,0.0,0.0,0.0,0.0,0.0,2.0,13.0,16.0,1.0,0.0,1
1471,0.0,0.0,0.0,1.0,8.0,16.0,2.0,0.0,0.0,0.0,5.0,13.0,16.0,16.0,0.0,0.0,0.0,11.0,16.0,15.0,12.0,16.0,0.0,0.0,0.0,3.0,8.0,1.0,8.0,16.0,0.0,0.0,0.0,0.0,0.0,0.0,8.0,16.0,3.0,0.0,0.0,0.0,0.0,0.0,8.0,16.0,4.0,0.0,0.0,0.0,0.0,0.0,7.0,16.0,7.0,0.0,0.0,0.0,0.0,0.0,10.0,16.0,8.0,0.0,1
1413,0.0,0.0,2.0,15.0,13.0,2.0,0.0,0.0,0.0,0.0,8.0,16.0,15.0,12.0,0.0,0.0,0.0,0.0,9.0,14.0,1.0,15.0,5.0,0.0,0.0,0.0,14.0,13.0,0.0,11.0,9.0,0.0,0.0,3.0,16.0,11.0,0.0,12.0,9.0,0.0,0.0,2.0,16.0,3.0,2.0,16.0,6.0,0.0,0.0,1.0,13.0,11.0,15.0,14.0,0.0,0.0,0.0,0.0,4.0,16.0,15.0,5.0,0.0,0.0,0
207,0.0,0.0,5.0,14.0,11.0,0.0,0.0,0.0,0.0,0.0,15.0,16.0,15.0,0.0,0.0,0.0,0.0,0.0,10.0,8.0,16.0,1.0,0.0,0.0,0.0,0.0,0.0,6.0,14.0,0.0,0.0,0.0,0.0,0.0,0.0,12.0,9.0,0.0,0.0,0.0,0.0,0.0,1.0,16.0,3.0,0.0,0.0,0.0,0.0,0.0,8.0,16.0,12.0,11.0,0.0,0.0,0.0,0.0,7.0,16.0,12.0,7.0,0.0,0.0,2
1748,0.0,0.0,6.0,15.0,14.0,1.0,0.0,0.0,0.0,0.0,13.0,16.0,16.0,2.0,0.0,0.0,0.0,0.0,3.0,8.0,16.0,2.0,0.0,0.0,0.0,2.0,6.0,12.0,16.0,7.0,2.0,0.0,0.0,13.0,16.0,16.0,16.0,16.0,9.0,0.0,0.0,10.0,13.0,16.0,7.0,1.0,0.0,0.0,0.0,0.0,6.0,14.0,0.0,0.0,0.0,0.0,0.0,0.0,10.0,8.0,0.0,0.0,0.0,0.0,7
250,0.0,0.0,0.0,5.0,16.0,3.0,0.0,0.0,0.0,0.0,1.0,15.0,16.0,4.0,0.0,0.0,0.0,0.0,10.0,16.0,16.0,1.0,0.0,0.0,0.0,3.0,16.0,16.0,15.0,4.0,2.0,0.0,0.0,10.0,16.0,16.0,16.0,16.0,12.0,0.0,0.0,1.0,7.0,14.0,13.0,6.0,5.0,0.0,0.0,0.0,0.0,11.0,12.0,0.0,0.0,0.0,0.0,0.0,0.0,4.0,10.0,0.0,0.0,0.0,4
403,0.0,0.0,1.0,8.0,8.0,9.0,12.0,7.0,0.0,0.0,8.0,16.0,12.0,13.0,16.0,5.0,0.0,0.0,11.0,6.0,0.0,8.0,11.0,0.0,0.0,0.0,15.0,3.0,1.0,15.0,3.0,0.0,0.0,0.0,1.0,0.0,10.0,9.0,0.0,0.0,0.0,0.0,0.0,3.0,13.0,1.0,0.0,0.0,0.0,0.0,0.0,13.0,7.0,0.0,0.0,0.0,0.0,0.0,1.0,11.0,1.0,0.0,0.0,0.0,7
1372,0.0,0.0,1.0,14.0,14.0,2.0,0.0,0.0,0.0,0.0,1.0,14.0,16.0,3.0,0.0,0.0,0.0,0.0,0.0,10.0,16.0,2.0,0.0,0.0,0.0,0.0,0.0,11.0,16.0,5.0,0.0,0.0,0.0,0.0,0.0,15.0,16.0,5.0,0.0,0.0,0.0,0.0,0.0,15.0,16.0,5.0,0.0,0.0,0.0,0.0,0.0,10.0,16.0,12.0,1.0,0.0,0.0,0.0,0.0,14.0,16.0,11.0,0.0,0.0,1
700,0.0,0.0,3.0,12.0,16.0,16.0,3.0,0.0,0.0,2.0,16.0,16.0,11.0,16.0,4.0,0.0,0.0,8.0,14.0,2.0,10.0,16.0,1.0,0.0,0.0,5.0,5.0,3.0,16.0,4.0,0.0,0.0,0.0,0.0,0.0,11.0,12.0,0.0,0.0,0.0,0.0,0.0,3.0,16.0,5.0,2.0,3.0,0.0,0.0,0.0,3.0,16.0,12.0,15.0,6.0,0.0,0.0,0.0,0.0,15.0,16.0,8.0,0.0,0.0,2
1731,0.0,0.0,0.0,2.0,14.0,0.0,0.0,0.0,0.0,0.0,0.0,12.0,9.0,0.0,0.0,0.0,0.0,0.0,8.0,12.0,0.0,0.0,13.0,5.0,0.0,0.0,13.0,8.0,0.0,9.0,14.0,0.0,0.0,4.0,16.0,16.0,12.0,16.0,4.0,0.0,0.0,4.0,12.0,12.0,15.0,12.0,0.0,0.0,0.0,0.0,0.0,1.0,15.0,4.0,0.0,0.0,0.0,0.0,0.0,4.0,10.0,0.0,0.0,0.0,4
1776,0.0,0.0,12.0,16.0,16.0,7.0,0.0,0.0,0.0,3.0,16.0,10.0,2.0,2.0,0.0,0.0,0.0,4.0,16.0,5.0,0.0,0.0,0.0,0.0,0.0,3.0,16.0,12.0,12.0,9.0,1.0,0.0,0.0,1.0,15.0,16.0,12.0,15.0,9.0,0.0,0.0,0.0,0.0,0.0,3.0,14.0,11.0,0.0,0.0,0.0,3.0,9.0,16.0,16.0,7.0,0.0,0.0,0.0,10.0,12.0,12.0,4.0,0.0,0.0,5
1450,0.0,0.0,8.0,9.0,8.0,12.0,8.0,0.0,0.0,0.0,12.0,14.0,10.0,8.0,5.0,0.0,0.0,1.0,14.0,2.0,0.0,0.0,0.0,0.0,0.0,6.0,16.0,12.0,12.0,8.0,0.0,0.0,0.0,1.0,4.0,4.0,7.0,15.0,7.0,0.0,0.0,0.0,0.0,0.0,0.0,10.0,7.0,0.0,0.0,1.0,12.0,4.0,9.0,15.0,1.0,0.0,0.0,0.0,9.0,16.0,14.0,3.0,0.0,0.0,5
560,0.0,0.0,3.0,15.0,16.0,16.0,6.0,0.0,0.0,0.0,3.0,14.0,7.0,15.0,3.0,0.0,0.0,0.0,0.0,0.0,4.0,14.0,0.0,0.0,0.0,0.0,2.0,9.0,15.0,16.0,14.0,0.0,0.0,0.0,7.0,16.0,14.0,6.0,2.0,0.0,0.0,0.0,0.0,8.0,8.0,0.0,0.0,0.0,0.0,0.0,2.0,16.0,2.0,0.0,0.0,0.0,0.0,0.0,5.0,12.0,0.0,0.0,0.0,0.0,7
48,0.0,0.0,2.0,15.0,13.0,3.0,0.0,0.0,0.0,0.0,10.0,15.0,11.0,15.0,0.0,0.0,0.0,3.0,16.0,6.0,0.0,10.0,0.0,0.0,0.0,4.0,16.0,8.0,0.0,3.0,8.0,0.0,0.0,8.0,14.0,3.0,0.0,4.0,8.0,0.0,0.0,3.0,15.0,1.0,0.0,3.0,7.0,0.0,0.0,0.0,14.0,11.0,6.0,14.0,5.0,0.0,0.0,0.0,4.0,12.0,15.0,6.0,0.0,0.0,0
215,0.0,0.0,0.0,0.0,7.0,15.0,1.0,0.0,0.0,0.0,0.0,0.0,11.0,16.0,0.0,0.0,0.0,0.0,0.0,0.0,16.0,14.0,0.0,0.0,0.0,0.0,0.0,10.0,16.0,15.0,0.0,0.0,0.0,0.0,12.0,16.0,16.0,11.0,0.0,0.0,0.0,5.0,16.0,6.0,15.0,12.0,0.0,0.0,0.0,0.0,1.0,0.0,12.0,16.0,0.0,0.0,0.0,0.0,0.0,0.0,4.0,15.0,4.0,0.0,1
1765,0.0,1.0,7.0,13.0,16.0,13.0,0.0,0.0,0.0,7.0,16.0,16.0,16.0,14.0,0.0,0.0,0.0,1.0,7.0,16.0,10.0,1.0,0.0,0.0,0.0,1.0,16.0,15.0,0.0,0.0,0.0,0.0,0.0,0.0,8.0,15.0,14.0,3.0,0.0,0.0,0.0,0.0,0.0,1.0,14.0,15.0,3.0,0.0,0.0,0.0,1.0,5.0,13.0,16.0,7.0,0.0,0.0,0.0,8.0,15.0,10.0,6.0,0.0,0.0,3
926,0.0,0.0,11.0,12.0,0.0,0.0,0.0,0.0,0.0,0.0,13.0,16.0,0.0,0.0,0.0,0.0,0.0,3.0,15.0,16.0,4.0,0.0,0.0,0.0,0.0,13.0,15.0,16.0,6.0,0.0,0.0,0.0,0.0,3.0,3.0,15.0,10.0,0.0,0.0,0.0,0.0,0.0,0.0,11.0,16.0,0.0,0.0,0.0,0.0,0.0,2.0,10.0,16.0,6.0,3.0,0.0,0.0,0.0,7.0,16.0,16.0,16.0,16.0,5.0,1
794,0.0,0.0,0.0,2.0,15.0,5.0,0.0,0.0,0.0,0.0,2.0,4.0,10.0,12.0,0.0,0.0,0.0,3.0,15.0,14.0,10.0,8.0,0.0,0.0,0.0,8.0,15.0,1.0,11.0,4.0,0.0,0.0,0.0,1.0,8.0,15.0,16.0,0.0,0.0,0.0,0.0,0.0,0.0,6.0,16.0,12.0,1.0,0.0,0.0,0.0,0.0,4.0,14.0,15.0,4.0,0.0,0.0,0.0,0.0,2.0,14.0,11.0,0.0,0.0,8
517,0.0,0.0,7.0,14.0,2.0,0.0,0.0,0.0,0.0,0.0,2.0,16.0,6.0,0.0,0.0,0.0,0.0,0.0,2.0,15.0,9.0,0.0,0.0,0.0,0.0,0.0,2.0,16.0,12.0,0.0,0.0,0.0,0.0,0.0,2.0,16.0,16.0,5.0,0.0,0.0,0.0,0.0,0.0,3.0,13.0,13.0,0.0,0.0,0.0,0.0,6.0,12.0,14.0,16.0,12.0,5.0,0.0,0.0,5.0,16.0,16.0,16.0,16.0,15.0,1
533,0.0,0.0,5.0,11.0,16.0,16.0,5.0,0.0,0.0,3.0,15.0,11.0,10.0,16.0,4.0,0.0,0.0,0.0,4.0,0.0,10.0,14.0,0.0,0.0,0.0,0.0,7.0,15.0,16.0,16.0,12.0,0.0,0.0,0.0,9.0,16.0,14.0,4.0,1.0,0.0,0.0,0.0,1.0,14.0,7.0,0.0,0.0,0.0,0.0,0.0,4.0,16.0,4.0,0.0,0.0,0.0,0.0,0.0,8.0,16.0,0.0,0.0,0.0,0.0,7
612,0.0,0.0,0.0,7.0,13.0,8.0,0.0,0.0,0.0,0.0,2.0,16.0,8.0,15.0,0.0,0.0,0.0,0.0,4.0,12.0,8.0,11.0,0.0,0.0,0.0,0.0,2.0,16.0,16.0,3.0,0.0,0.0,0.0,0.0,5.0,16.0,16.0,2.0,0.0,0.0,0.0,2.0,16.0,7.0,9.0,11.0,0.0,0.0,0.0,0.0,9.0,12.0,1.0,14.0,6.0,0.0,0.0,0.0,0.0,6.0,15.0,15.0,12.0,0.0,8
1305,0.0,0.0,4.0,16.0,14.0,3.0,0.0,0.0,2.0,14.0,16.0,12.0,10.0,11.0,0.0,0.0,0.0,13.0,12.0,9.0,15.0,10.0,0.0,0.0,0.0,3.0,14.0,14.0,16.0,4.0,0.0,0.0,0.0,0.0,9.0,16.0,8.0,0.0,0.0,0.0,0.0,0.0,12.0,15.0,14.0,1.0,0.0,0.0,0.0,0.0,12.0,12.0,16.0,4.0,0.0,0.0,0.0,0.0,4.0,15.0,16.0,3.0,0.0,0.0,8
1516,0.0,0.0,4.0,12.0,5.0,0.0,0.0,0.0,0.0,0.0,12.0,14.0,15.0,7.0,0.0,0.0,0.0,2.0,14.0,1.0,2.0,16.0,0.0,0.0,0.0,4.0,8.0,0.0,0.0,10.0,4.0,0.0,0.0,7.0,8.0,0.0,0.0,6.0,8.0,0.0,0.0,4.0,11.0,0.0,0.0,5.0,8.0,0.0,0.0,0.0,14.0,11.0,3.0,13.0,5.0,0.0,0.0,0.0,2.0,11.0,16.0,11.0,0.0,0.0,0
1768,0.0,0.0,5.0,16.0,10.0,0.0,0.0,0.0,0.0,0.0,8.0,16.0,16.0,5.0,0.0,0.0,0.0,0.0,14.0,14.0,1.0,12.0,0.0,0.0,0.0,0.0,15.0,10.0,0.0,7.0,4.0,0.0,0.0,2.0,16.0,7.0,0.0,2.0,9.0,0.0,0.0,2.0,16.0,8.0,0.0,6.0,11.0,0.0,0.0,1.0,12.0,14.0,14.0,16.0,5.0,0.0,0.0,0.0,4.0,15.0,16.0,8.0,1.0,0.0,0
1478,0.0,1.0,12.0,16.0,16.0,9.0,0.0,0.0,0.0,2.0,14.0,5.0,9.0,14.0,0.0,0.0,0.0,0.0,0.0,1.0,12.0,11.0,0.0,0.0,0.0,0.0,0.0,12.0,16.0,6.0,0.0,0.0,0.0,0.0,0.0,2.0,8.0,15.0,5.0,0.0,0.0,0.0,2.0,0.0,0.0,11.0,9.0,0.0,0.0,4.0,14.0,4.0,4.0,14.0,6.0,0.0,0.0,0.0,15.0,16.0,16.0,11.0,1.0,0.0,3
1283,0.0,0.0,10.0,13.0,14.0,8.0,0.0,0.0,0.0,0.0,13.0,9.0,5.0,12.0,5.0,0.0,0.0,4.0,13.0,0.0,0.0,4.0,8.0,0.0,0.0,4.0,8.0,0.0,0.0,4.0,8.0,0.0,0.0,8.0,4.0,0.0,0.0,13.0,2.0,0.0,0.0,8.0,4.0,0.0,9.0,10.0,0.0,0.0,0.0,4.0,12.0,12.0,13.0,1.0,0.0,0.0,0.0,1.0,11.0,11.0,1.0,0.0,0.0,0.0,0
1080,0.0,0.0,9.0,16.0,6.0,0.0,0.0,0.0,0.0,3.0,16.0,1.0,16.0,10.0,8.0,0.0,0.0,0.0,15.0,6.0,16.0,8.0,0.0,0.0,0.0,0.0,3.0,16.0,11.0,0.0,0.0,0.0,0.0,0.0,1.0,14.0,12.0,0.0,0.0,0.0,0.0,0.0,6.0,9.0,11.0,2.0,0.0,0.0,0.0,0.0,12.0,1.0,13.0,0.0,0.0,0.0,0.0,0.0,12.0,14.0,3.0,0.0,0.0,0.0,8
53,0.0,0.0,4.0,8.0,16.0,5.0,0.0,0.0,0.0,0.0,9.0,16.0,8.0,11.0,0.0,0.0,0.0,0.0,5.0,10.0,0.0,13.0,2.0,0.0,0.0,0.0,0.0,13.0,4.0,15.0,2.0,0.0,0.0,0.0,0.0,9.0,16.0,8.0,0.0,0.0,0.0,0.0,8.0,15.0,14.0,5.0,0.0,0.0,0.0,0.0,16.0,5.0,14.0,4.0,0.0,0.0,0.0,0.0,6.0,16.0,12.0,1.0,0.0,0.0,8
543,0.0,0.0,4.0,16.0,16.0,16.0,12.0,0.0,0.0,0.0,4.0,12.0,11.0,14.0,13.0,0.0,0.0,0.0,0.0,0.0,0.0,15.0,9.0,0.0,0.0,0.0,2.0,8.0,10.0,16.0,9.0,0.0,0.0,0.0,7.0,13.0,16.0,14.0,5.0,0.0,0.0,0.0,0.0,3.0,16.0,5.0,0.0,0.0,0.0,0.0,0.0,10.0,15.0,0.0,0.0,0.0,0.0,0.0,3.0,16.0,9.0,0.0,0.0,0.0,7
318,0.0,2.0,13.0,16.0,16.0,11.0,0.0,0.0,0.0,10.0,11.0,4.0,12.0,12.0,0.0,0.0,0.0,1.0,1.0,4.0,14.0,8.0,0.0,0.0,0.0,0.0,2.0,16.0,16.0,8.0,0.0,0.0,0.0,0.0,0.0,7.0,9.0,16.0,8.0,0.0,0.0,0.0,0.0,0.0,0.0,10.0,12.0,0.0,0.0,0.0,5.0,9.0,10.0,16.0,9.0,0.0,0.0,0.0,15.0,16.0,13.0,7.0,0.0,0.0,3
13,0.0,2.0,9.0,15.0,14.0,9.0,3.0,0.0,0.0,4.0,13.0,8.0,9.0,16.0,8.0,0.0,0.0,0.0,0.0,6.0,14.0,15.0,3.0,0.0,0.0,0.0,0.0,11.0,14.0,2.0,0.0,0.0,0.0,0.0,0.0,2.0,15.0,11.0,0.0,0.0,0.0,0.0,0.0,0.0,2.0,15.0,4.0,0.0,0.0,1.0,5.0,6.0,13.0,16.0,6.0,0.0,0.0,2.0,12.0,12.0,13.0,11.0,0.0,0.0,3
1553,0.0,0.0,1.0,8.0,13.0,1.0,0.0,0.0,0.0,0.0,6.0,16.0,16.0,9.0,0.0,0.0,0.0,1.0,15.0,16.0,16.0,10.0,0.0,0.0,0.0,6.0,15.0,14.0,6.0,0.0,0.0,0.0,0.0,3.0,7.0,6.0,6.0,0.0,0.0,0.0,0.0,1.0,10.0,2.0,11.0,0.0,0.0,0.0,0.0,0.0,4.0,11.0,13.0,2.0,0.0,0.0,0.0,0.0,0.0,5.0,12.0,5.0,0.0,0.0,8
1324,0.0,0.0,3.0,13.0,6.0,0.0,0.0,0.0,0.0,0.0,14.0,11.0,15.0,8.0,0.0,0.0,0.0,0.0,15.0,1.0,14.0,16.0,1.0,0.0,0.0,0.0,11.0,13.0,12.0,13.0,5.0,0.0,0.0,0.0,3.0,8.0,1.0,8.0,10.0,0.0,0.0,0.0,0.0,0.0,0.0,9.0,6.0,0.0,0.0,0.0,9.0,4.0,3.0,16.0,2.0,0.0,0.0,0.0,4.0,14.0,14.0,7.0,0.0,0.0,9
946,0.0,0.0,0.0,7.0,8.0,0.0,0.0,0.0,0.0,0.0,0.0,15.0,2.0,0.0,3.0,1.0,0.0,0.0,8.0,10.0,0.0,2.0,16.0,2.0,0.0,1.0,15.0,4.0,3.0,9.0,12.0,0.0,0.0,8.0,16.0,16.0,16.0,16.0,6.0,0.0,0.0,1.0,4.0,3.0,9.0,14.0,0.0,0.0,0.0,0.0,0.0,0.0,15.0,3.0,0.0,0.0,0.0,0.0,0.0,9.0,10.0,0.0,0.0,0.0,4
322,0.0,0.0,2.0,13.0,13.0,1.0,0.0,0.0,0.0,0.0,9.0,13.0,5.0,0.0,0.0,0.0,0.0,0.0,13.0,5.0,0.0,0.0,0.0,0.0,0.0,0.0,15.0,2.0,0.0,0.0,0.0,0.0,0.0,0.0,15.0,10.0,9.0,9.0,2.0,0.0,0.0,0.0,16.0,11.0,8.0,11.0,12.0,0.0,0.0,1.0,14.0,11.0,1.0,4.0,13.0,0.0,0.0,0.0,3.0,11.0,16.0,15.0,4.0,0.0,6
1060,0.0,0.0,12.0,14.0,6.0,0.0,0.0,0.0,0.0,2.0,16.0,7.0,13.0,10.0,0.0,0.0,0.0,0.0,16.0,2.0,1.0,13.0,4.0,0.0,0.0,0.0,9.0,13.0,8.0,16.0,2.0,0.0,0.0,0.0,6.0,16.0,16.0,13.0,0.0,0.0,0.0,0.0,0.0,2.0,3.0,16.0,0.0,0.0,0.0,0.0,1.0,6.0,13.0,10.0,0.0,0.0,0.0,0.0,13.0,9.0,8.0,2.0,0.0,0.0,9
941,0.0,0.0,6.0,14.0,11.0,1.0,0.0,0.0,0.0,0.0,15.0,5.0,6.0,15.0,0.0,0.0,0.0,4.0,16.0,0.0,0.0,9.0,3.0,0.0,0.0,8.0,9.0,0.0,0.0,4.0,8.0,0.0,0.0,7.0,8.0,0.0,0.0,4.0,8.0,0.0,0.0,4.0,8.0,0.0,0.0,9.0,4.0,0.0,0.0,1.0,13.0,2.0,3.0,14.0,0.0,0.0,0.0,0.0,5.0,14.0,15.0,4.0,0.0,0.0,0
846,0.0,0.0,5.0,12.0,10.0,4.0,0.0,0.0,0.0,0.0,5.0,16.0,16.0,16.0,3.0,0.0,0.0,0.0,0.0,16.0,16.0,16.0,0.0,0.0,0.0,0.0,3.0,16.0,16.0,13.0,0.0,0.0,0.0,0.0,4.0,16.0,16.0,12.0,0.0,0.0,0.0,0.0,8.0,16.0,16.0,8.0,0.0,0.0,0.0,0.0,10.0,16.0,16.0,7.0,0.0,0.0,0.0,0.0,8.0,12.0,12.0,4.0,0.0,0.0,1
282,0.0,0.0,4.0,12.0,1.0,0.0,0.0,0.0,0.0,0.0,14.0,13.0,0.0,0.0,0.0,0.0,0.0,2.0,16.0,3.0,0.0,0.0,0.0,0.0,0.0,7.0,13.0,0.0,0.0,0.0,0.0,0.0,0.0,7.0,12.0,7.0,12.0,6.0,2.0,0.0,0.0,4.0,15.0,15.0,12.0,13.0,11.0,0.0,0.0,1.0,13.0,16.0,5.0,11.0,12.0,0.0,0.0,0.0,5.0,13.0,16.0,11.0,1.0,0.0,6
1282,0.0,0.0,9.0,16.0,16.0,10.0,0.0,0.0,0.0,2.0,16.0,9.0,11.0,11.0,0.0,0.0,0.0,0.0,15.0,7.0,12.0,16.0,3.0,0.0,0.0,0.0,7.0,16.0,15.0,15.0,7.0,0.0,0.0,0.0,0.0,0.0,0.0,10.0,10.0,0.0,0.0,0.0,0.0,0.0,0.0,11.0,10.0,0.0,0.0,0.0,11.0,2.0,6.0,16.0,6.0,0.0,0.0,0.0,9.0,16.0,16.0,11.0,1.0,0.0,9
1520,0.0,2.0,11.0,13.0,11.0,2.0,0.0,0.0,0.0,7.0,12.0,4.0,13.0,8.0,0.0,0.0,0.0,6.0,13.0,5.0,14.0,13.0,0.0,0.0,0.0,0.0,3.0,11.0,9.0,11.0,5.0,0.0,0.0,0.0,0.0,0.0,0.0,8.0,8.0,0.0,0.0,0.0,0.0,0.0,0.0,3.0,11.0,0.0,0.0,0.0,2.0,0.0,1.0,9.0,10.0,0.0,0.0,1.0,15.0,16.0,16.0,14.0,2.0,0.0,9
1169,0.0,0.0,11.0,16.0,12.0,1.0,0.0,0.0,0.0,3.0,16.0,9.0,16.0,5.0,0.0,0.0,0.0,0.0,6.0,1.0,16.0,10.0,0.0,0.0,0.0,0.0,0.0,5.0,16.0,6.0,0.0,0.0,0.0,0.0,0.0,9.0,15.0,0.0,0.0,0.0,0.0,0.0,3.0,15.0,6.0,0.0,0.0,0.0,0.0,0.0,10.0,16.0,4.0,5.0,8.0,1.0,0.0,0.0,13.0,16.0,16.0,16.0,16.0,6.0,2
1069,0.0,0.0,4.0,15.0,16.0,6.0,0.0,0.0,0.0,0.0,13.0,11.0,11.0,15.0,0.0,0.0,0.0,0.0,15.0,13.0,15.0,16.0,7.0,0.0,0.0,0.0,7.0,16.0,16.0,11.0,2.0,0.0,0.0,0.0,5.0,15.0,16.0,2.0,0.0,0.0,0.0,0.0,16.0,9.0,12.0,11.0,0.0,0.0,0.0,2.0,16.0,6.0,8.0,16.0,0.0,0.0,0.0,0.0,7.0,14.0,13.0,8.0,0.0,0.0,8
576,0.0,0.0,4.0,12.0,16.0,14.0,7.0,0.0,0.0,2.0,16.0,6.0,0.0,7.0,12.0,0.0,0.0,0.0,7.0,0.0,3.0,13.0,3.0,0.0,0.0,0.0,0.0,1.0,16.0,6.0,0.0,0.0,0.0,0.0,0.0,0.0,9.0,12.0,0.0,0.0,0.0,0.0,2.0,0.0,0.0,13.0,5.0,0.0,0.0,3.0,16.0,7.0,1.0,12.0,4.0,0.0,0.0,0.0,3.0,12.0,16.0,15.0,2.0,0.0,3
311,0.0,0.0,4.0,13.0,11.0,7.0,0.0,0.0,0.0,0.0,14.0,16.0,13.0,16.0,2.0,0.0,0.0,5.0,16.0,4.0,0.0,5.0,7.0,0.0,0.0,8.0,14.0,0.0,0.0,4.0,8.0,0.0,0.0,6.0,9.0,0.0,0.0,4.0,8.0,0.0,0.0,2.0,14.0,1.0,0.0,8.0,6.0,0.0,0.0,0.0,13.0,12.0,9.0,15.0,2.0,0.0,0.0,0.0,3.0,16.0,12.0,5.0,0.0,0.0,0
1764,0.0,0.0,0.0,3.0,13.0,7.0,0.0,0.0,0.0,0.0,1.0,14.0,11.0,0.0,0.0,0.0,0.0,0.0,12.0,12.0,1.0,2.0,3.0,0.0,0.0,7.0,16.0,4.0,1.0,15.0,10.0,0.0,0.0,10.0,14.0,0.0,7.0,16.0,8.0,0.0,0.0,15.0,16.0,16.0,16.0,16.0,1.0,0.0,0.0,4.0,11.0,11.0,15.0,11.0,0.0,0.0,0.0,0.0,0.0,2.0,15.0,4.0,0.0,0.0,4
51,0.0,0.0,0.0,3.0,15.0,10.0,1.0,0.0,0.0,0.0,0.0,11.0,10.0,16.0,4.0,0.0,0.0,0.0,0.0,12.0,1.0,15.0,6.0,0.0,0.0,0.0,0.0,3.0,4.0,15.0,4.0,0.0,0.0,0.0,0.0,6.0,15.0,6.0,0.0,0.0,0.0,4.0,15.0,16.0,9.0,0.0,0.0,0.0,0.0,0.0,13.0,16.0,15.0,9.0,3.0,0.0,0.0,0.0,0.0,4.0,9.0,14.0,7.0,0.0,2
1447,0.0,0.0,14.0,12.0,12.0,12.0,6.0,0.0,0.0,2.0,15.0,8.0,8.0,8.0,4.0,0.0,0.0,5.0,12.0,0.0,0.0,0.0,0.0,0.0,0.0,8.0,16.0,12.0,11.0,7.0,0.0,0.0,0.0,1.0,4.0,4.0,9.0,15.0,7.0,0.0,0.0,0.0,0.0,0.0,0.0,8.0,8.0,0.0,0.0,1.0,11.0,4.0,5.0,14.0,7.0,0.0,0.0,0.0,12.0,16.0,16.0,8.0,1.0,0.0,5
184,0.0,0.0,11.0,12.0,0.0,0.0,0.0,0.0,0.0,7.0,16.0,16.0,5.0,0.0,0.0,0.0,0.0,5.0,13.0,16.0,8.0,0.0,0.0,0.0,0.0,0.0,1.0,16.0,8.0,0.0,0.0,0.0,0.0,0.0,7.0,16.0,5.0,0.0,0.0,0.0,0.0,0.0,9.0,15.0,1.0,0.0,0.0,0.0,0.0,0.0,16.0,15.0,9.0,7.0,2.0,0.0,0.0,0.0,12.0,14.0,13.0,12.0,5.0,0.0,2
60,0.0,0.0,10.0,15.0,14.0,4.0,0.0,0.0,0.0,0.0,4.0,6.0,13.0,16.0,2.0,0.0,0.0,0.0,0.0,3.0,16.0,9.0,0.0,0.0,0.0,0.0,0.0,1.0,16.0,6.0,0.0,0.0,0.0,0.0,0.0,0.0,10.0,12.0,0.0,0.0,0.0,0.0,0.0,0.0,1.0,16.0,4.0,0.0,0.0,1.0,9.0,5.0,6.0,16.0,7.0,0.0,0.0,0.0,14.0,12.0,15.0,11.0,2.0,0.0,3
880,0.0,0.0,0.0,7.0,13.0,2.0,0.0,0.0,0.0,0.0,0.0,14.0,14.0,2.0,0.0,0.0,0.0,0.0,5.0,16.0,4.0,0.0,0.0,0.0,0.0,1.0,11.0,16.0,4.0,0.0,0.0,0.0,0.0,5.0,16.0,16.0,15.0,12.0,0.0,0.0,0.0,0.0,9.0,16.0,1.0,13.0,7.0,0.0,0.0,0.0,4.0,16.0,6.0,15.0,5.0,0.0,0.0,0.0,0.0,6.0,14.0,14.0,1.0,0.0,6
965,0.0,0.0,7.0,16.0,12.0,1.0,0.0,0.0,0.0,0.0,16.0,11.0,16.0,8.0,0.0,0.0,0.0,0.0,3.0,9.0,16.0,6.0,0.0,0.0,0.0,0.0,0.0,13.0,16.0,15.0,1.0,0.0,0.0,0.0,1.0,2.0,5.0,14.0,8.0,0.0,0.0,5.0,14.0,0.0,0.0,9.0,15.0,0.0,0.0,4.0,16.0,7.0,6.0,13.0,14.0,0.0,0.0,0.0,7.0,16.0,16.0,16.0,4.0,0.0,3
1642,0.0,0.0,0.0,10.0,13.0,3.0,0.0,0.0,0.0,0.0,8.0,16.0,14.0,12.0,0.0,0.0,0.0,3.0,16.0,13.0,0.0,14.0,1.0,0.0,0.0,5.0,16.0,6.0,0.0,14.0,5.0,0.0,0.0,6.0,16.0,0.0,0.0,15.0,4.0,0.0,0.0,2.0,13.0,1.0,5.0,16.0,4.0,0.0,0.0,0.0,10.0,16.0,16.0,14.0,1.0,0.0,0.0,0.0,2.0,11.0,13.0,6.0,0.0,0.0,0
527,0.0,0.0,6.0,13.0,0.0,0.0,0.0,0.0,0.0,0.0,8.0,16.0,2.0,0.0,0.0,0.0,0.0,0.0,6.0,16.0,3.0,0.0,0.0,0.0,0.0,0.0,3.0,15.0,6.0,0.0,0.0,0.0,0.0,0.0,0.0,10.0,10.0,0.0,0.0,0.0,0.0,0.0,0.0,3.0,15.0,0.0,0.0,0.0,0.0,0.0,7.0,10.0,14.0,12.0,5.0,1.0,0.0,0.0,6.0,16.0,16.0,16.0,16.0,12.0,1
651,0.0,0.0,6.0,13.0,15.0,16.0,11.0,0.0,0.0,0.0,10.0,11.0,8.0,8.0,5.0,0.0,0.0,2.0,13.0,0.0,0.0,0.0,0.0,0.0,0.0,4.0,11.0,7.0,8.0,5.0,0.0,0.0,0.0,7.0,16.0,14.0,10.0,14.0,2.0,0.0,0.0,1.0,7.0,1.0,2.0,12.0,3.0,0.0,0.0,0.0,5.0,8.0,14.0,6.0,0.0,0.0,0.0,0.0,8.0,12.0,5.0,0.0,0.0,0.0,5
1645,0.0,0.0,0.0,5.0,13.0,1.0,0.0,0.0,0.0,0.0,1.0,15.0,12.0,0.0,0.0,0.0,0.0,0.0,4.0,16.0,5.0,0.0,0.0,0.0,0.0,0.0,11.0,14.0,3.0,0.0,0.0,0.0,0.0,0.0,11.0,16.0,16.0,4.0,0.0,0.0,0.0,0.0,11.0,11.0,5.0,13.0,0.0,0.0,0.0,0.0,6.0,13.0,7.0,15.0,0.0,0.0,0.0,0.0,0.0,5.0,14.0,9.0,0.0,0.0,6
1210,0.0,0.0,5.0,12.0,16.0,10.0,0.0,0.0,0.0,6.0,16.0,13.0,3.0,15.0,1.0,0.0,0.0,11.0,8.0,5.0,5.0,10.0,0.0,0.0,0.0,4.0,11.0,2.0,12.0,2.0,0.0,0.0,0.0,0.0,6.0,16.0,6.0,0.0,0.0,0.0,0.0,0.0,2.0,15.0,8.0,0.0,0.0,0.0,0.0,0.0,8.0,13.0,8.0,0.0,0.0,0.0,0.0,0.0,5.0,15.0,4.0,0.0,0.0,0.0,8
960,0.0,0.0,2.0,12.0,9.0,0.0,0.0,0.0,0.0,0.0,12.0,10.0,1.0,0.0,0.0,0.0,0.0,4.0,14.0,0.0,0.0,0.0,0.0,0.0,0.0,8.0,9.0,0.0,0.0,0.0,0.0,0.0,0.0,8.0,9.0,5.0,11.0,8.0,0.0,0.0,0.0,4.0,16.0,14.0,6.0,12.0,5.0,0.0,0.0,0.0,13.0,7.0,0.0,10.0,8.0,0.0,0.0,0.0,3.0,14.0,16.0,16.0,5.0,0.0,6
765,0.0,0.0,0.0,1.0,8.0,13.0,14.0,2.0,0.0,0.0,2.0,13.0,9.0,4.0,14.0,4.0,0.0,0.0,13.0,9.0,0.0,9.0,14.0,1.0,0.0,4.0,16.0,14.0,14.0,16.0,6.0,0.0,0.0,1.0,11.0,10.0,7.0,14.0,0.0,0.0,0.0,0.0,0.0,0.0,8.0,8.0,0.0,0.0,0.0,0.0,0.0,0.0,11.0,5.0,0.0,0.0,0.0,0.0,0.0,0.0,11.0,3.0,0.0,0.0,9
452,0.0,0.0,2.0,15.0,13.0,3.0,0.0,0.0,0.0,0.0,12.0,16.0,9.0,4.0,0.0,0.0,0.0,3.0,16.0,9.0,0.0,0.0,0.0,0.0,0.0,3.0,16.0,14.0,12.0,5.0,0.0,0.0,0.0,8.0,16.0,16.0,16.0,16.0,0.0,0.0,0.0,5.0,16.0,15.0,6.0,16.0,9.0,0.0,0.0,1.0,13.0,14.0,13.0,16.0,3.0,0.0,0.0,0.0,3.0,12.0,14.0,10.0,0.0,0.0,6
1250,0.0,0.0,3.0,12.0,12.0,3.0,0.0,0.0,0.0,0.0,4.0,16.0,16.0,4.0,0.0,0.0,0.0,0.0,5.0,16.0,16.0,5.0,0.0,0.0,0.0,0.0,11.0,16.0,15.0,0.0,0.0,0.0,0.0,0.0,12.0,16.0,14.0,0.0,0.0,0.0,0.0,0.0,13.0,16.0,9.0,0.0,0.0,0.0,0.0,0.0,7.0,16.0,10.0,1.0,0.0,0.0,0.0,0.0,5.0,13.0,14.0,4.0,0.0,0.0,1
742,0.0,0.0,4.0,14.0,14.0,0.0,0.0,0.0,0.0,5.0,16.0,16.0,16.0,5.0,1.0,0.0,0.0,9.0,13.0,0.0,13.0,16.0,2.0,0.0,0.0,3.0,16.0,13.0,15.0,5.0,0.0,0.0,0.0,0.0,7.0,16.0,13.0,0.0,0.0,0.0,0.0,0.0,10.0,13.0,14.0,7.0,0.0,0.0,0.0,0.0,10.0,11.0,10.0,15.0,0.0,0.0,0.0,0.0,4.0,13.0,11.0,3.0,0.0,0.0,8
1457,0.0,0.0,0.0,0.0,7.0,16.0,6.0,0.0,0.0,0.0,0.0,4.0,16.0,16.0,4.0,0.0,0.0,2.0,11.0,15.0,16.0,16.0,7.0,0.0,0.0,10.0,16.0,13.0,10.0,16.0,4.0,0.0,0.0,1.0,3.0,0.0,4.0,16.0,5.0,0.0,0.0,0.0,0.0,0.0,7.0,16.0,7.0,0.0,0.0,0.0,0.0,0.0,9.0,16.0,8.0,0.0,0.0,0.0,0.0,0.0,9.0,16.0,6.0,0.0,1
1602,0.0,0.0,11.0,15.0,16.0,10.0,0.0,0.0,0.0,8.0,16.0,8.0,15.0,16.0,0.0,0.0,0.0,5.0,6.0,10.0,16.0,8.0,0.0,0.0,0.0,0.0,4.0,16.0,11.0,1.0,0.0,0.0,0.0,0.0,2.0,15.0,9.0,0.0,0.0,0.0,0.0,0.0,0.0,9.0,16.0,2.0,0.0,0.0,0.0,0.0,0.0,8.0,16.0,5.0,0.0,0.0,0.0,0.0,13.0,16.0,15.0,0.0,0.0,0.0,3
338,0.0,0.0,0.0,4.0,15.0,1.0,0.0,0.0,0.0,0.0,0.0,13.0,8.0,1.0,0.0,0.0,0.0,0.0,6.0,12.0,0.0,0.0,0.0,0.0,0.0,0.0,8.0,10.0,0.0,0.0,0.0,0.0,0.0,0.0,13.0,12.0,11.0,10.0,0.0,0.0,0.0,4.0,16.0,15.0,8.0,11.0,10.0,0.0,0.0,1.0,7.0,15.0,4.0,3.0,12.0,0.0,0.0,0.0,0.0,7.0,15.0,16.0,8.0,0.0,6
1120,0.0,0.0,1.0,11.0,14.0,5.0,0.0,0.0,0.0,0.0,0.0,15.0,16.0,11.0,0.0,0.0,0.0,0.0,5.0,16.0,16.0,8.0,0.0,0.0,0.0,0.0,5.0,16.0,16.0,5.0,0.0,0.0,0.0,0.0,4.0,16.0,16.0,3.0,0.0,0.0,0.0,0.0,9.0,16.0,16.0,2.0,0.0,0.0,0.0,0.0,8.0,16.0,14.0,0.0,0.0,0.0,0.0,0.0,2.0,13.0,16.0,9.0,0.0,0.0,1
1044,0.0,1.0,7.0,15.0,16.0,16.0,14.0,0.0,0.0,10.0,16.0,11.0,6.0,3.0,1.0,0.0,0.0,7.0,16.0,16.0,12.0,0.0,0.0,0.0,0.0,8.0,16.0,12.0,16.0,4.0,0.0,0.0,0.0,1.0,4.0,0.0,13.0,8.0,0.0,0.0,0.0,0.0,0.0,0.0,15.0,8.0,0.0,0.0,0.0,0.0,0.0,7.0,16.0,2.0,0.0,0.0,0.0,0.0,13.0,15.0,5.0,0.0,0.0,0.0,5
1706,0.0,0.0,9.0,16.0,14.0,6.0,0.0,0.0,0.0,6.0,16.0,5.0,10.0,16.0,0.0,0.0,0.0,2.0,15.0,7.0,10.0,16.0,3.0,0.0,0.0,0.0,4.0,8.0,12.0,16.0,4.0,0.0,0.0,0.0,0.0,0.0,0.0,16.0,7.0,0.0,0.0,0.0,0.0,0.0,1.0,16.0,8.0,0.0,0.0,0.0,3.0,0.0,8.0,16.0,1.0,0.0,0.0,0.0,10.0,16.0,13.0,4.0,0.0,0.0,9
265,0.0,0.0,6.0,12.0,13.0,5.0,0.0,0.0,0.0,2.0,16.0,9.0,8.0,15.0,2.0,0.0,0.0,8.0,12.0,0.0,3.0,15.0,8.0,0.0,0.0,4.0,15.0,12.0,16.0,13.0,1.0,0.0,0.0,0.0,2.0,2.0,16.0,6.0,0.0,0.0,0.0,0.0,0.0,1.0,16.0,1.0,0.0,0.0,0.0,0.0,0.0,5.0,16.0,0.0,0.0,0.0,0.0,0.0,3.0,16.0,14.0,0.0,0.0,0.0,9
1651,0.0,0.0,0.0,13.0,8.0,0.0,0.0,0.0,0.0,0.0,2.0,15.0,1.0,0.0,0.0,0.0,0.0,0.0,11.0,10.0,0.0,8.0,2.0,0.0,0.0,4.0,16.0,5.0,11.0,16.0,8.0,0.0,0.0,7.0,16.0,16.0,16.0,16.0,3.0,0.0,0.0,2.0,13.0,9.0,16.0,12.0,0.0,0.0,0.0,0.0,0.0,7.0,16.0,6.0,0.0,0.0,0.0,0.0,0.0,13.0,15.0,1.0,0.0,0.0,4
410,0.0,0.0,0.0,4.0,12.0,0.0,0.0,0.0,0.0,0.0,0.0,12.0,16.0,8.0,0.0,0.0,0.0,0.0,4.0,16.0,15.0,8.0,0.0,0.0,0.0,1.0,15.0,8.0,14.0,7.0,0.0,0.0,0.0,6.0,16.0,8.0,14.0,14.0,4.0,0.0,0.0,10.0,16.0,16.0,16.0,13.0,1.0,0.0,0.0,0.0,0.0,2.0,16.0,4.0,0.0,0.0,0.0,0.0,0.0,4.0,13.0,2.0,0.0,0.0,4
489,0.0,0.0,6.0,14.0,10.0,0.0,0.0,0.0,0.0,6.0,16.0,14.0,16.0,0.0,0.0,0.0,0.0,5.0,10.0,11.0,16.0,0.0,0.0,0.0,0.0,0.0,0.0,9.0,16.0,12.0,0.0,0.0,0.0,0.0,0.0,0.0,3.0,16.0,7.0,0.0,0.0,4.0,6.0,0.0,3.0,16.0,8.0,0.0,0.0,5.0,15.0,9.0,16.0,13.0,1.0,0.0,0.0,0.0,9.0,15.0,8.0,0.0,0.0,0.0,3
1108,0.0,0.0,10.0,15.0,8.0,13.0,6.0,0.0,0.0,0.0,13.0,14.0,14.0,15.0,2.0,0.0,0.0,1.0,15.0,0.0,13.0,7.0,0.0,0.0,0.0,2.0,7.0,9.0,16.0,13.0,13.0,0.0,0.0,0.0,10.0,16.0,11.0,7.0,2.0,0.0,0.0,0.0,4.0,16.0,2.0,0.0,0.0,0.0,0.0,0.0,7.0,13.0,0.0,0.0,0.0,0.0,0.0,0.0,12.0,4.0,0.0,0.0,0.0,0.0,7
1339,0.0,0.0,7.0,15.0,16.0,15.0,0.0,0.0,0.0,2.0,15.0,2.0,5.0,16.0,1.0,0.0,0.0,0.0,0.0,0.0,10.0,13.0,0.0,0.0,0.0,0.0,0.0,3.0,14.0,11.0,2.0,0.0,0.0,0.0,6.0,16.0,16.0,16.0,8.0,0.0,0.0,0.0,5.0,13.0,7.0,0.0,0.0,0.0,0.0,0.0,3.0,15.0,1.0,0.0,0.0,0.0,0.0,0.0,10.0,12.0,0.0,0.0,0.0,0.0,7
1615,0.0,0.0,0.0,9.0,8.0,1.0,0.0,0.0,0.0,0.0,5.0,16.0,16.0,8.0,0.0,0.0,0.0,4.0,16.0,15.0,1.0,15.0,0.0,0.0,0.0,6.0,16.0,12.0,0.0,12.0,1.0,0.0,0.0,5.0,16.0,11.0,0.0,11.0,6.0,0.0,0.0,1.0,15.0,8.0,4.0,15.0,6.0,0.0,0.0,0.0,5.0,16.0,16.0,15.0,0.0,0.0,0.0,0.0,0.0,7.0,14.0,9.0,0.0,0.0,0
773,0.0,0.0,3.0,13.0,15.0,5.0,0.0,0.0,0.0,1.0,15.0,13.0,10.0,15.0,0.0,0.0,0.0,2.0,16.0,3.0,2.0,9.0,0.0,0.0,0.0,0.0,12.0,13.0,14.0,7.0,0.0,0.0,0.0,0.0,10.0,16.0,9.0,0.0,0.0,0.0,0.0,1.0,16.0,4.0,9.0,11.0,1.0,0.0,0.0,0.0,15.0,3.0,0.0,8.0,8.0,0.0,0.0,0.0,3.0,12.0,15.0,12.0,7.0,0.0,8
1402,0.0,0.0,11.0,16.0,11.0,0.0,0.0,0.0,0.0,3.0,16.0,11.0,15.0,6.0,0.0,0.0,0.0,1.0,10.0,3.0,10.0,10.0,0.0,0.0,0.0,0.0,0.0,0.0,9.0,10.0,0.0,0.0,0.0,0.0,0.0,0.0,12.0,9.0,0.0,0.0,0.0,0.0,0.0,5.0,16.0,5.0,0.0,0.0,0.0,1.0,13.0,16.0,16.0,13.0,8.0,0.0,0.0,0.0,11.0,11.0,8.0,13.0,16.0,7.0,2
1788,0.0,0.0,0.0,1.0,12.0,6.0,0.0,0.0,0.0,0.0,0.0,11.0,15.0,2.0,0.0,0.0,0.0,0.0,8.0,16.0,6.0,1.0,2.0,0.0,0.0,4.0,16.0,9.0,1.0,15.0,9.0,0.0,0.0,13.0,15.0,6.0,10.0,16.0,6.0,0.0,0.0,12.0,16.0,16.0,16.0,16.0,1.0,0.0,0.0,1.0,7.0,4.0,14.0,13.0,0.0,0.0,0.0,0.0,0.0,0.0,14.0,9.0,0.0,0.0,4
1655,0.0,0.0,8.0,16.0,16.0,12.0,0.0,0.0,0.0,0.0,16.0,13.0,10.0,16.0,3.0,0.0,0.0,0.0,12.0,1.0,2.0,16.0,4.0,0.0,0.0,0.0,0.0,0.0,6.0,15.0,0.0,0.0,0.0,0.0,0.0,1.0,15.0,10.0,0.0,0.0,0.0,0.0,0.0,9.0,15.0,2.0,0.0,0.0,0.0,1.0,11.0,16.0,12.0,8.0,8.0,1.0,0.0,0.0,11.0,16.0,16.0,16.0,12.0,1.0,2
552,0.0,0.0,2.0,11.0,13.0,5.0,0.0,0.0,0.0,1.0,14.0,9.0,8.0,14.0,0.0,0.0,0.0,6.0,13.0,1.0,2.0,16.0,2.0,0.0,0.0,7.0,7.0,0.0,0.0,12.0,5.0,0.0,0.0,7.0,9.0,0.0,0.0,3.0,9.0,0.0,0.0,2.0,12.0,0.0,0.0,4.0,11.0,0.0,0.0,0.0,12.0,6.0,4.0,14.0,7.0,0.0,0.0,0.0,3.0,13.0,16.0,9.0,0.0,0.0,0
1331,0.0,0.0,6.0,16.0,16.0,6.0,0.0,0.0,0.0,5.0,13.0,5.0,7.0,13.0,0.0,0.0,0.0,1.0,1.0,0.0,5.0,11.0,0.0,0.0,0.0,0.0,0.0,5.0,14.0,14.0,8.0,0.0,0.0,0.0,0.0,5.0,16.0,8.0,2.0,0.0,0.0,0.0,0.0,8.0,8.0,0.0,0.0,0.0,0.0,0.0,1.0,14.0,3.0,0.0,0.0,0.0,0.0,0.0,7.0,12.0,0.0,0.0,0.0,0.0,7
984,0.0,0.0,1.0,12.0,9.0,0.0,0.0,0.0,0.0,0.0,11.0,10.0,2.0,0.0,0.0,0.0,0.0,4.0,14.0,0.0,0.0,0.0,0.0,0.0,0.0,5.0,9.0,0.0,0.0,0.0,0.0,0.0,0.0,8.0,10.0,11.0,16.0,14.0,1.0,0.0,0.0,2.0,16.0,10.0,3.0,7.0,11.0,0.0,0.0,0.0,13.0,8.0,1.0,8.0,12.0,0.0,0.0,0.0,2.0,12.0,16.0,15.0,5.0,0.0,6
115,0.0,0.0,0.0,8.0,15.0,8.0,0.0,0.0,0.0,0.0,3.0,16.0,12.0,16.0,4.0,0.0,0.0,0.0,2.0,10.0,1.0,16.0,4.0,0.0,0.0,0.0,0.0,0.0,8.0,14.0,0.0,0.0,0.0,0.0,0.0,9.0,15.0,3.0,0.0,0.0,0.0,3.0,16.0,14.0,4.0,0.0,0.0,0.0,0.0,4.0,15.0,14.0,7.0,1.0,0.0,0.0,0.0,0.0,0.0,9.0,12.0,14.0,4.0,0.0,2
968,0.0,0.0,2.0,14.0,10.0,0.0,0.0,0.0,0.0,0.0,12.0,10.0,0.0,0.0,0.0,0.0,0.0,2.0,15.0,2.0,0.0,0.0,0.0,0.0,0.0,7.0,12.0,1.0,4.0,6.0,0.0,0.0,0.0,7.0,16.0,16.0,15.0,15.0,8.0,0.0,0.0,0.0,16.0,13.0,0.0,4.0,12.0,0.0,0.0,0.0,10.0,12.0,4.0,8.0,15.0,0.0,0.0,0.0,2.0,11.0,16.0,15.0,5.0,0.0,6
884,0.0,0.0,12.0,16.0,14.0,4.0,0.0,0.0,0.0,0.0,8.0,14.0,16.0,10.0,0.0,0.0,0.0,0.0,0.0,0.0,14.0,13.0,0.0,0.0,0.0,0.0,0.0,0.0,13.0,10.0,0.0,0.0,0.0,2.0,15.0,16.0,16.0,13.0,3.0,0.0,0.0,1.0,8.0,12.0,15.0,12.0,4.0,0.0,0.0,0.0,2.0,15.0,8.0,0.0,0.0,0.0,0.0,0.0,12.0,13.0,0.0,0.0,0.0,0.0,7
1212,0.0,0.0,6.0,14.0,13.0,1.0,0.0,0.0,0.0,3.0,16.0,10.0,5.0,11.0,0.0,0.0,0.0,5.0,16.0,0.0,0.0,13.0,0.0,0.0,0.0,6.0,12.0,0.0,0.0,12.0,3.0,0.0,0.0,7.0,12.0,0.0,0.0,13.0,3.0,0.0,0.0,3.0,11.0,0.0,5.0,12.0,0.0,0.0,0.0,0.0,13.0,4.0,15.0,4.0,0.0,0.0,0.0,0.0,5.0,16.0,6.0,0.0,0.0,0.0,0
631,0.0,0.0,10.0,16.0,16.0,4.0,0.0,0.0,0.0,9.0,16.0,11.0,14.0,8.0,0.0,0.0,0.0,13.0,8.0,0.0,14.0,6.0,0.0,0.0,0.0,0.0,0.0,1.0,16.0,4.0,0.0,0.0,0.0,0.0,0.0,8.0,13.0,0.0,0.0,0.0,0.0,0.0,1.0,14.0,7.0,0.0,0.0,0.0,0.0,0.0,12.0,16.0,9.0,12.0,6.0,0.0,0.0,1.0,14.0,16.0,16.0,16.0,14.0,0.0,2
745,0.0,0.0,0.0,4.0,11.0,9.0,5.0,0.0,0.0,0.0,5.0,16.0,16.0,16.0,5.0,0.0,0.0,0.0,11.0,16.0,16.0,9.0,0.0,0.0,0.0,4.0,16.0,16.0,16.0,4.0,0.0,0.0,0.0,1.0,14.0,16.0,9.0,0.0,0.0,0.0,0.0,4.0,15.0,16.0,6.0,0.0,0.0,0.0,0.0,0.0,9.0,16.0,8.0,0.0,0.0,0.0,0.0,0.0,0.0,7.0,5.0,0.0,0.0,0.0,1
1459,0.0,0.0,1.0,13.0,16.0,10.0,0.0,0.0,0.0,0.0,8.0,14.0,13.0,14.0,0.0,0.0,0.0,1.0,15.0,5.0,5.0,15.0,0.0,0.0,0.0,7.0,12.0,0.0,9.0,11.0,0.0,0.0,0.0,1.0,2.0,11.0,15.0,16.0,7.0,0.0,0.0,0.0,4.0,15.0,16.0,9.0,1.0,0.0,0.0,0.0,0.0,10.0,11.0,0.0,0.0,0.0,0.0,0.0,1.0,15.0,7.0,0.0,0.0,0.0,7
192,0.0,1.0,10.0,15.0,16.0,13.0,3.0,0.0,0.0,5.0,14.0,5.0,5.0,15.0,8.0,0.0,0.0,0.0,0.0,0.0,2.0,15.0,6.0,0.0,0.0,0.0,0.0,0.0,9.0,16.0,0.0,0.0,0.0,0.0,0.0,0.0,9.0,16.0,0.0,0.0,0.0,0.0,0.0,0.0,4.0,16.0,6.0,0.0,0.0,0.0,2.0,3.0,13.0,12.0,0.0,0.0,0.0,0.0,15.0,13.0,7.0,0.0,0.0,0.0,3
314,0.0,0.0,3.0,12.0,3.0,0.0,0.0,0.0,0.0,0.0,13.0,14.0,2.0,0.0,0.0,0.0,0.0,3.0,10.0,0.0,0.0,0.0,0.0,0.0,0.0,0.0,0.0,3.0,5.0,3.0,0.0,0.0,0.0,4.0,10.0,16.0,16.0,16.0,4.0,0.0,0.0,6.0,16.0,4.0,0.0,8.0,9.0,0.0,0.0,0.0,15.0,12.0,4.0,9.0,12.0,0.0,0.0,0.0,2.0,13.0,16.0,14.0,4.0,0.0,6
531,0.0,0.0,13.0,13.0,13.0,12.0,4.0,0.0,0.0,1.0,16.0,5.0,5.0,9.0,4.0,0.0,0.0,4.0,13.0,0.0,2.0,1.0,0.0,0.0,0.0,5.0,14.0,11.0,16.0,13.0,2.0,0.0,0.0,5.0,15.0,6.0,0.0,9.0,8.0,0.0,0.0,0.0,3.0,0.0,0.0,10.0,8.0,0.0,0.0,3.0,14.0,5.0,7.0,15.0,1.0,0.0,0.0,1.0,9.0,14.0,15.0,4.0,0.0,0.0,5
1601,0.0,0.0,0.0,8.0,7.0,0.0,0.0,0.0,0.0,0.0,2.0,16.0,6.0,0.0,0.0,0.0,0.0,0.0,5.0,16.0,2.0,0.0,0.0,0.0,0.0,0.0,11.0,15.0,12.0,9.0,0.0,0.0,0.0,0.0,11.0,16.0,13.0,9.0,8.0,0.0,0.0,0.0,11.0,16.0,2.0,8.0,9.0,0.0,0.0,0.0,3.0,16.0,5.0,12.0,10.0,0.0,0.0,0.0,0.0,6.0,16.0,14.0,2.0,0.0,6
1789,0.0,0.0,8.0,16.0,3.0,0.0,1.0,0.0,0.0,0.0,16.0,14.0,5.0,14.0,12.0,0.0,0.0,0.0,8.0,16.0,16.0,9.0,0.0,0.0,0.0,0.0,3.0,16.0,14.0,1.0,0.0,0.0,0.0,0.0,12.0,16.0,16.0,2.0,0.0,0.0,0.0,0.0,16.0,11.0,16.0,4.0,0.0,0.0,0.0,3.0,16.0,16.0,16.0,6.0,0.0,0.0,0.0,0.0,10.0,16.0,10.0,1.0,0.0,0.0,8
1790,0.0,0.0,5.0,12.0,8.0,0.0,1.0,0.0,0.0,0.0,11.0,16.0,5.0,13.0,6.0,0.0,0.0,0.0,2.0,15.0,16.0,12.0,1.0,0.0,0.0,0.0,0.0,10.0,16.0,6.0,0.0,0.0,0.0,0.0,1.0,15.0,16.0,7.0,0.0,0.0,0.0,0.0,8.0,16.0,16.0,11.0,0.0,0.0,0.0,0.0,11.0,16.0,16.0,9.0,0.0,0.0,0.0,0.0,6.0,12.0,12.0,3.0,0.0,0.0,8
1140,0.0,2.0,15.0,15.0,3.0,0.0,0.0,0.0,0.0,11.0,15.0,11.0,12.0,0.0,0.0,0.0,0.0,8.0,10.0,0.0,16.0,0.0,0.0,0.0,0.0,1.0,3.0,2.0,16.0,0.0,0.0,0.0,0.0,0.0,0.0,4.0,12.0,0.0,0.0,0.0,0.0,0.0,1.0,12.0,9.0,0.0,0.0,0.0,0.0,0.0,14.0,16.0,13.0,13.0,15.0,3.0,0.0,2.0,13.0,14.0,12.0,12.0,8.0,1.0,2
844,0.0,0.0,0.0,10.0,10.0,0.0,0.0,0.0,0.0,0.0,6.0,16.0,6.0,0.0,0.0,0.0,0.0,1.0,14.0,10.0,0.0,0.0,0.0,0.0,0.0,7.0,16.0,3.0,11.0,7.0,0.0,0.0,0.0,12.0,16.0,8.0,16.0,9.0,1.0,0.0,0.0,10.0,16.0,16.0,16.0,16.0,6.0,0.0,0.0,0.0,0.0,10.0,16.0,0.0,0.0,0.0,0.0,0.0,0.0,10.0,11.0,0.0,0.0,0.0,4
1232,0.0,2.0,11.0,16.0,15.0,6.0,0.0,0.0,0.0,11.0,15.0,9.0,14.0,13.0,0.0,0.0,0.0,7.0,1.0,0.0,13.0,9.0,0.0,0.0,0.0,0.0,0.0,1.0,16.0,8.0,0.0,0.0,0.0,0.0,1.0,11.0,13.0,1.0,0.0,0.0,0.0,0.0,5.0,16.0,5.0,0.0,0.0,0.0,0.0,2.0,15.0,9.0,2.0,4.0,4.0,0.0,0.0,2.0,15.0,16.0,16.0,16.0,16.0,1.0,2
1303,0.0,0.0,0.0,12.0,13.0,0.0,0.0,0.0,0.0,0.0,2.0,16.0,12.0,0.0,0.0,0.0,0.0,0.0,4.0,16.0,6.0,0.0,0.0,0.0,0.0,0.0,10.0,16.0,8.0,0.0,0.0,0.0,0.0,0.0,8.0,16.0,16.0,15.0,5.0,0.0,0.0,0.0,8.0,16.0,0.0,6.0,15.0,1.0,0.0,0.0,7.0,16.0,4.0,10.0,16.0,3.0,0.0,0.0,1.0,11.0,16.0,16.0,12.0,0.0,6
1756,0.0,0.0,10.0,15.0,15.0,11.0,4.0,0.0,0.0,1.0,10.0,5.0,7.0,16.0,10.0,0.0,0.0,0.0,0.0,1.0,14.0,14.0,0.0,0.0,0.0,0.0,0.0,11.0,13.0,0.0,0.0,0.0,0.0,0.0,0.0,5.0,16.0,5.0,0.0,0.0,0.0,0.0,0.0,1.0,10.0,14.0,0.0,0.0,0.0,0.0,0.0,2.0,7.0,15.0,3.0,0.0,0.0,0.0,6.0,11.0,16.0,8.0,0.0,0.0,3
1594,0.0,3.0,12.0,16.0,9.0,0.0,0.0,0.0,0.0,13.0,15.0,8.0,15.0,2.0,0.0,0.0,0.0,11.0,6.0,0.0,12.0,4.0,0.0,0.0,0.0,1.0,0.0,0.0,15.0,3.0,0.0,0.0,0.0,0.0,0.0,4.0,16.0,1.0,0.0,0.0,0.0,0.0,0.0,12.0,11.0,0.0,0.0,0.0,0.0,0.0,11.0,16.0,10.0,4.0,6.0,1.0,0.0,2.0,15.0,16.0,16.0,16.0,16.0,3.0,2
95,0.0,0.0,0.0,11.0,16.0,8.0,0.0,0.0,0.0,0.0,6.0,16.0,13.0,3.0,0.0,0.0,0.0,0.0,8.0,16.0,8.0,0.0,0.0,0.0,0.0,0.0,13.0,16.0,2.0,0.0,0.0,0.0,0.0,0.0,15.0,16.0,5.0,0.0,0.0,0.0,0.0,2.0,16.0,16.0,16.0,5.0,0.0,0.0,0.0,1.0,10.0,16.0,16.0,14.0,0.0,0.0,0.0,0.0,0.0,12.0,16.0,15.0,0.0,0.0,6
615,0.0,0.0,5.0,16.0,14.0,8.0,0.0,0.0,0.0,0.0,4.0,16.0,16.0,7.0,0.0,0.0,0.0,0.0,14.0,16.0,16.0,8.0,0.0,0.0,0.0,0.0,14.0,16.0,16.0,8.0,0.0,0.0,0.0,0.0,11.0,16.0,16.0,5.0,0.0,0.0,0.0,0.0,10.0,16.0,16.0,8.0,0.0,0.0,0.0,0.0,11.0,16.0,16.0,14.0,3.0,0.0,0.0,0.0,6.0,16.0,16.0,16.0,3.0,0.0,1
1138,0.0,0.0,0.0,11.0,8.0,0.0,0.0,0.0,0.0,0.0,8.0,15.0,2.0,0.0,2.0,1.0,0.0,2.0,16.0,5.0,0.0,4.0,16.0,3.0,0.0,5.0,16.0,8.0,11.0,16.0,9.0,0.0,0.0,4.0,15.0,14.0,13.0,16.0,2.0,0.0,0.0,0.0,0.0,0.0,10.0,10.0,0.0,0.0,0.0,0.0,0.0,3.0,16.0,3.0,0.0,0.0,0.0,0.0,0.0,9.0,11.0,0.0,0.0,0.0,4
21,0.0,0.0,0.0,2.0,16.0,16.0,2.0,0.0,0.0,0.0,0.0,4.0,16.0,16.0,2.0,0.0,0.0,1.0,4.0,12.0,16.0,12.0,0.0,0.0,0.0,7.0,16.0,16.0,16.0,12.0,0.0,0.0,0.0,0.0,3.0,10.0,16.0,14.0,0.0,0.0,0.0,0.0,0.0,8.0,16.0,12.0,0.0,0.0,0.0,0.0,0.0,6.0,16.0,16.0,2.0,0.0,0.0,0.0,0.0,2.0,12.0,15.0,4.0,0.0,1
1540,0.0,0.0,6.0,16.0,16.0,11.0,0.0,0.0,0.0,1.0,16.0,8.0,8.0,16.0,6.0,0.0,0.0,0.0,8.0,16.0,14.0,16.0,11.0,0.0,0.0,0.0,1.0,4.0,3.0,10.0,8.0,0.0,0.0,0.0,0.0,0.0,0.0,9.0,7.0,0.0,0.0,0.0,0.0,0.0,1.0,14.0,1.0,0.0,0.0,0.0,4.0,7.0,11.0,9.0,0.0,0.0,0.0,0.0,9.0,16.0,10.0,1.0,0.0,0.0,9
775,0.0,0.0,4.0,11.0,15.0,7.0,0.0,0.0,0.0,2.0,15.0,14.0,9.0,15.0,1.0,0.0,0.0,8.0,15.0,1.0,6.0,16.0,5.0,0.0,0.0,6.0,14.0,13.0,15.0,6.0,0.0,0.0,0.0,1.0,16.0,16.0,6.0,0.0,0.0,0.0,0.0,4.0,15.0,11.0,15.0,1.0,0.0,0.0,0.0,1.0,12.0,3.0,7.0,9.0,0.0,0.0,0.0,0.0,4.0,14.0,16.0,6.0,0.0,0.0,8
1407,0.0,0.0,14.0,16.0,16.0,16.0,2.0,0.0,0.0,7.0,16.0,5.0,1.0,0.0,0.0,0.0,0.0,14.0,13.0,7.0,3.0,0.0,0.0,0.0,0.0,4.0,12.0,13.0,16.0,9.0,0.0,0.0,0.0,0.0,0.0,0.0,6.0,15.0,0.0,0.0,0.0,0.0,0.0,0.0,9.0,14.0,0.0,0.0,0.0,0.0,5.0,14.0,16.0,3.0,0.0,0.0,0.0,1.0,15.0,11.0,4.0,0.0,0.0,0.0,5
646,0.0,0.0,7.0,16.0,15.0,4.0,0.0,0.0,0.0,0.0,14.0,16.0,9.0,15.0,2.0,0.0,0.0,1.0,15.0,12.0,1.0,9.0,8.0,0.0,0.0,4.0,16.0,0.0,0.0,7.0,10.0,0.0,0.0,7.0,13.0,0.0,0.0,10.0,11.0,0.0,0.0,7.0,12.0,0.0,2.0,15.0,6.0,0.0,0.0,3.0,15.0,12.0,14.0,14.0,1.0,0.0,0.0,0.0,10.0,16.0,14.0,4.0,0.0,0.0,0
1293,0.0,0.0,0.0,11.0,13.0,0.0,0.0,0.0,0.0,0.0,1.0,16.0,12.0,0.0,0.0,0.0,0.0,0.0,4.0,16.0,6.0,0.0,0.0,0.0,0.0,0.0,7.0,16.0,16.0,7.0,0.0,0.0,0.0,0.0,8.0,16.0,16.0,14.0,11.0,0.0,0.0,0.0,9.0,16.0,3.0,5.0,16.0,4.0,0.0,0.0,6.0,15.0,5.0,14.0,16.0,2.0,0.0,0.0,1.0,11.0,16.0,15.0,4.0,0.0,6
1653,0.0,0.0,5.0,14.0,14.0,2.0,0.0,0.0,0.0,2.0,16.0,16.0,16.0,7.0,0.0,0.0,0.0,0.0,7.0,4.0,16.0,12.0,0.0,0.0,0.0,0.0,1.0,9.0,16.0,16.0,8.0,0.0,0.0,3.0,15.0,16.0,16.0,10.0,2.0,0.0,0.0,4.0,16.0,16.0,11.0,0.0,0.0,0.0,0.0,0.0,9.0,16.0,5.0,0.0,0.0,0.0,0.0,0.0,9.0,13.0,0.0,0.0,0.0,0.0,7
1225,0.0,0.0,0.0,4.0,15.0,7.0,0.0,0.0,0.0,0.0,3.0,15.0,12.0,0.0,0.0,0.0,0.0,1.0,14.0,12.0,0.0,2.0,11.0,0.0,0.0,10.0,14.0,0.0,0.0,13.0,12.0,0.0,0.0,11.0,15.0,12.0,15.0,16.0,5.0,0.0,0.0,4.0,10.0,8.0,16.0,11.0,0.0,0.0,0.0,0.0,0.0,2.0,16.0,4.0,0.0,0.0,0.0,0.0,0.0,6.0,14.0,0.0,0.0,0.0,4
1646,0.0,0.0,7.0,16.0,15.0,4.0,0.0,0.0,0.0,0.0,11.0,16.0,15.0,12.0,0.0,0.0,0.0,0.0,5.0,16.0,16.0,14.0,0.0,0.0,0.0,0.0,0.0,3.0,8.0,15.0,5.0,0.0,0.0,0.0,0.0,0.0,0.0,10.0,10.0,0.0,0.0,0.0,0.0,0.0,0.0,11.0,11.0,0.0,0.0,0.0,1.0,0.0,5.0,15.0,9.0,0.0,0.0,0.0,6.0,15.0,16.0,16.0,2.0,0.0,9
477,0.0,0.0,9.0,10.0,2.0,0.0,0.0,0.0,0.0,8.0,16.0,16.0,10.0,0.0,0.0,0.0,0.0,7.0,7.0,4.0,16.0,2.0,0.0,0.0,0.0,0.0,0.0,8.0,16.0,5.0,0.0,0.0,0.0,0.0,0.0,10.0,16.0,14.0,2.0,0.0,0.0,0.0,0.0,0.0,2.0,14.0,7.0,0.0,0.0,0.0,11.0,10.0,4.0,11.0,12.0,0.0,0.0,0.0,8.0,14.0,16.0,15.0,6.0,0.0,3
353,0.0,0.0,0.0,9.0,11.0,0.0,0.0,0.0,0.0,0.0,2.0,15.0,8.0,0.0,0.0,0.0,0.0,0.0,11.0,15.0,1.0,3.0,8.0,0.0,0.0,6.0,16.0,4.0,0.0,14.0,12.0,0.0,0.0,12.0,16.0,4.0,11.0,16.0,5.0,0.0,0.0,9.0,16.0,16.0,16.0,11.0,0.0,0.0,0.0,0.0,6.0,11.0,16.0,7.0,0.0,0.0,0.0,0.0,0.0,10.0,16.0,4.0,0.0,0.0,4
479,0.0,0.0,0.0,7.0,16.0,16.0,7.0,0.0,0.0,0.0,0.0,14.0,16.0,16.0,4.0,0.0,0.0,2.0,13.0,16.0,16.0,12.0,0.0,0.0,0.0,7.0,16.0,16.0,16.0,12.0,0.0,0.0,0.0,0.0,0.0,10.0,16.0,8.0,0.0,0.0,0.0,0.0,0.0,11.0,16.0,13.0,0.0,0.0,0.0,0.0,0.0,10.0,16.0,16.0,2.0,0.0,0.0,0.0,0.0,9.0,16.0,12.0,2.0,0.0,1
430,0.0,0.0,6.0,12.0,12.0,15.0,16.0,6.0,0.0,2.0,15.0,16.0,14.0,16.0,15.0,3.0,0.0,3.0,16.0,6.0,6.0,16.0,6.0,0.0,0.0,7.0,15.0,4.0,14.0,11.0,0.0,0.0,0.0,1.0,2.0,8.0,15.0,3.0,0.0,0.0,0.0,0.0,1.0,16.0,9.0,0.0,0.0,0.0,0.0,0.0,6.0,16.0,4.0,0.0,0.0,0.0,0.0,0.0,8.0,16.0,3.0,0.0,0.0,0.0,7
436,0.0,0.0,11.0,15.0,4.0,0.0,0.0,0.0,0.0,5.0,16.0,15.0,15.0,0.0,0.0,0.0,0.0,0.0,14.0,11.0,16.0,2.0,0.0,0.0,0.0,0.0,0.0,4.0,16.0,5.0,0.0,0.0,0.0,0.0,0.0,4.0,16.0,6.0,0.0,0.0,0.0,0.0,0.0,7.0,16.0,10.0,3.0,0.0,0.0,0.0,11.0,16.0,16.0,16.0,16.0,6.0,0.0,0.0,11.0,16.0,10.0,5.0,13.0,6.0,2
208,0.0,0.0,2.0,12.0,12.0,2.0,0.0,0.0,0.0,0.0,10.0,16.0,16.0,9.0,0.0,0.0,0.0,3.0,16.0,16.0,8.0,15.0,3.0,0.0,0.0,6.0,16.0,6.0,0.0,13.0,8.0,0.0,0.0,8.0,16.0,4.0,0.0,15.0,8.0,0.0,0.0,5.0,16.0,8.0,12.0,16.0,6.0,0.0,0.0,0.0,15.0,16.0,16.0,15.0,2.0,0.0,0.0,0.0,3.0,13.0,12.0,3.0,0.0,0.0,0
532,0.0,0.0,0.0,11.0,16.0,6.0,0.0,0.0,0.0,0.0,10.0,16.0,10.0,0.0,0.0,0.0,0.0,0.0,16.0,3.0,0.0,0.0,0.0,0.0,0.0,5.0,14.0,0.0,3.0,0.0,0.0,0.0,0.0,2.0,16.0,16.0,13.0,12.0,1.0,0.0,0.0,2.0,15.0,3.0,0.0,8.0,7.0,0.0,0.0,0.0,8.0,8.0,0.0,10.0,7.0,0.0,0.0,0.0,1.0,11.0,12.0,15.0,4.0,0.0,6
451,0.0,0.0,0.0,12.0,15.0,1.0,0.0,0.0,0.0,0.0,4.0,16.0,13.0,1.0,0.0,0.0,0.0,1.0,14.0,15.0,2.0,0.0,0.0,0.0,0.0,4.0,16.0,15.0,10.0,7.0,0.0,0.0,0.0,7.0,16.0,16.0,12.0,16.0,6.0,0.0,0.0,3.0,16.0,13.0,0.0,16.0,12.0,0.0,0.0,0.0,11.0,16.0,13.0,16.0,12.0,0.0,0.0,0.0,1.0,9.0,13.0,12.0,4.0,0.0,6
1728,0.0,0.0,2.0,14.0,16.0,8.0,0.0,0.0,0.0,0.0,4.0,12.0,16.0,11.0,0.0,0.0,0.0,0.0,0.0,0.0,16.0,12.0,0.0,0.0,0.0,0.0,0.0,3.0,16.0,9.0,0.0,0.0,0.0,2.0,5.0,10.0,16.0,12.0,2.0,0.0,0.0,16.0,16.0,16.0,16.0,14.0,3.0,0.0,0.0,4.0,4.0,14.0,12.0,0.0,0.0,0.0,0.0,0.0,2.0,16.0,7.0,0.0,0.0,0.0,7
861,0.0,0.0,2.0,14.0,15.0,4.0,0.0,0.0,0.0,0.0,2.0,16.0,16.0,11.0,0.0,0.0,0.0,0.0,2.0,16.0,16.0,10.0,0.0,0.0,0.0,0.0,5.0,16.0,16.0,7.0,0.0,0.0,0.0,0.0,14.0,16.0,14.0,2.0,0.0,0.0,0.0,4.0,16.0,16.0,8.0,0.0,0.0,0.0,0.0,3.0,15.0,16.0,8.0,0.0,0.0,0.0,0.0,0.0,5.0,15.0,13.0,2.0,0.0,0.0,1
1317,0.0,0.0,9.0,16.0,11.0,0.0,0.0,0.0,0.0,1.0,16.0,13.0,15.0,7.0,0.0,0.0,0.0,7.0,16.0,6.0,4.0,16.0,3.0,0.0,0.0,9.0,14.0,0.0,0.0,11.0,10.0,0.0,0.0,8.0,13.0,0.0,0.0,7.0,13.0,0.0,0.0,7.0,13.0,0.0,0.0,7.0,16.0,0.0,0.0,3.0,16.0,7.0,7.0,15.0,6.0,0.0,0.0,0.0,9.0,16.0,16.0,10.0,0.0,0.0,0
455,0.0,0.0,10.0,16.0,13.0,5.0,0.0,0.0,0.0,7.0,13.0,5.0,14.0,12.0,0.0,0.0,0.0,9.0,10.0,0.0,13.0,14.0,0.0,0.0,0.0,4.0,15.0,13.0,16.0,15.0,3.0,0.0,0.0,0.0,2.0,6.0,3.0,12.0,8.0,0.0,0.0,0.0,0.0,0.0,0.0,12.0,8.0,0.0,0.0,0.0,12.0,6.0,5.0,15.0,4.0,0.0,0.0,0.0,9.0,13.0,16.0,8.0,0.0,0.0,9
169,0.0,0.0,6.0,15.0,6.0,0.0,0.0,0.0,0.0,0.0,14.0,11.0,13.0,4.0,0.0,0.0,0.0,0.0,11.0,7.0,7.0,13.0,0.0,0.0,0.0,0.0,5.0,16.0,16.0,16.0,1.0,0.0,0.0,0.0,0.0,0.0,0.0,14.0,7.0,0.0,0.0,0.0,0.0,0.0,0.0,10.0,13.0,0.0,0.0,0.0,2.0,11.0,0.0,11.0,12.0,0.0,0.0,0.0,5.0,16.0,14.0,9.0,4.0,0.0,9
1152,0.0,0.0,2.0,12.0,9.0,0.0,0.0,0.0,0.0,0.0,1.0,15.0,7.0,9.0,0.0,0.0,0.0,0.0,0.0,11.0,1.0,14.0,1.0,0.0,0.0,0.0,10.0,8.0,11.0,13.0,1.0,0.0,0.0,0.0,9.0,14.0,16.0,9.0,0.0,0.0,0.0,0.0,0.0,0.0,1.0,10.0,3.0,0.0,0.0,0.0,0.0,0.0,0.0,3.0,14.0,2.0,0.0,0.0,5.0,14.0,13.0,14.0,10.0,1.0,9
1498,0.0,1.0,9.0,15.0,13.0,4.0,0.0,0.0,0.0,5.0,12.0,4.0,10.0,6.0,0.0,0.0,0.0,0.0,0.0,3.0,15.0,2.0,0.0,0.0,0.0,0.0,0.0,15.0,13.0,1.0,0.0,0.0,0.0,0.0,0.0,2.0,9.0,14.0,2.0,0.0,0.0,0.0,0.0,0.0,0.0,11.0,8.0,0.0,0.0,0.0,10.0,6.0,4.0,11.0,7.0,0.0,0.0,0.0,8.0,15.0,16.0,9.0,1.0,0.0,3
1115,0.0,0.0,1.0,13.0,2.0,0.0,0.0,0.0,0.0,0.0,8.0,15.0,1.0,0.0,0.0,0.0,0.0,0.0,14.0,7.0,0.0,0.0,0.0,0.0,0.0,0.0,14.0,6.0,0.0,0.0,0.0,0.0,0.0,0.0,16.0,5.0,9.0,9.0,3.0,0.0,0.0,0.0,12.0,16.0,13.0,9.0,14.0,1.0,0.0,0.0,8.0,15.0,0.0,1.0,14.0,5.0,0.0,0.0,1.0,11.0,16.0,16.0,13.0,1.0,6
1581,0.0,0.0,0.0,9.0,16.0,10.0,0.0,0.0,0.0,0.0,1.0,15.0,5.0,16.0,3.0,0.0,0.0,0.0,13.0,4.0,0.0,15.0,5.0,0.0,0.0,0.0,15.0,11.0,14.0,16.0,2.0,0.0,0.0,8.0,16.0,16.0,13.0,5.0,0.0,0.0,0.0,3.0,15.0,15.0,1.0,0.0,0.0,0.0,0.0,0.0,9.0,16.0,10.0,0.0,0.0,0.0,0.0,0.0,0.0,10.0,15.0,0.0,0.0,0.0,8
728,0.0,0.0,1.0,13.0,1.0,0.0,0.0,0.0,0.0,0.0,7.0,15.0,1.0,0.0,0.0,0.0,0.0,1.0,14.0,6.0,0.0,0.0,0.0,0.0,0.0,0.0,16.0,3.0,0.0,1.0,0.0,0.0,0.0,1.0,16.0,6.0,15.0,15.0,5.0,0.0,0.0,1.0,16.0,14.0,4.0,3.0,12.0,0.0,0.0,0.0,7.0,7.0,0.0,9.0,12.0,0.0,0.0,0.0,0.0,11.0,16.0,9.0,2.0,0.0,6
836,0.0,0.0,15.0,16.0,13.0,6.0,0.0,0.0,0.0,0.0,12.0,12.0,14.0,13.0,0.0,0.0,0.0,0.0,0.0,0.0,11.0,9.0,0.0,0.0,0.0,0.0,1.0,11.0,15.0,2.0,0.0,0.0,0.0,0.0,8.0,16.0,16.0,12.0,1.0,0.0,0.0,1.0,8.0,4.0,9.0,16.0,3.0,0.0,0.0,5.0,14.0,7.0,10.0,15.0,1.0,0.0,0.0,2.0,12.0,16.0,14.0,6.0,0.0,0.0,3
1043,0.0,0.0,0.0,6.0,15.0,1.0,0.0,0.0,0.0,0.0,5.0,16.0,10.0,0.0,8.0,6.0,0.0,2.0,16.0,11.0,0.0,9.0,16.0,6.0,0.0,8.0,16.0,14.0,14.0,16.0,13.0,1.0,0.0,6.0,12.0,12.0,12.0,16.0,3.0,0.0,0.0,0.0,0.0,0.0,13.0,11.0,0.0,0.0,0.0,0.0,0.0,6.0,16.0,5.0,0.0,0.0,0.0,0.0,0.0,10.0,14.0,0.0,0.0,0.0,4
1448,0.0,2.0,9.0,11.0,12.0,15.0,6.0,0.0,0.0,6.0,16.0,9.0,8.0,8.0,1.0,0.0,0.0,4.0,13.0,0.0,0.0,0.0,0.0,0.0,0.0,4.0,16.0,12.0,11.0,5.0,0.0,0.0,0.0,1.0,5.0,4.0,8.0,14.0,5.0,0.0,0.0,0.0,0.0,0.0,0.0,8.0,8.0,0.0,0.0,1.0,6.0,4.0,5.0,15.0,3.0,0.0,0.0,3.0,16.0,16.0,16.0,8.0,0.0,0.0,5
905,0.0,0.0,2.0,8.0,7.0,0.0,0.0,0.0,0.0,0.0,6.0,15.0,16.0,2.0,0.0,0.0,0.0,6.0,15.0,11.0,16.0,4.0,0.0,0.0,0.0,5.0,16.0,10.0,16.0,1.0,0.0,0.0,0.0,2.0,15.0,16.0,13.0,0.0,0.0,0.0,0.0,0.0,2.0,16.0,12.0,9.0,3.0,0.0,0.0,0.0,4.0,14.0,0.0,12.0,14.0,1.0,0.0,0.0,1.0,12.0,10.0,7.0,0.0,0.0,8
1177,0.0,0.0,7.0,11.0,3.0,1.0,0.0,0.0,0.0,1.0,14.0,16.0,13.0,13.0,0.0,0.0,0.0,3.0,16.0,12.0,1.0,6.0,6.0,0.0,0.0,4.0,10.0,4.0,0.0,4.0,8.0,0.0,0.0,8.0,8.0,0.0,0.0,11.0,5.0,0.0,0.0,7.0,9.0,0.0,2.0,14.0,0.0,0.0,0.0,1.0,12.0,4.0,12.0,10.0,0.0,0.0,0.0,0.0,6.0,14.0,9.0,0.0,0.0,0.0,0
595,0.0,0.0,1.0,12.0,14.0,3.0,0.0,0.0,0.0,1.0,13.0,11.0,9.0,13.0,0.0,0.0,0.0,7.0,11.0,0.0,1.0,16.0,4.0,0.0,0.0,8.0,6.0,0.0,2.0,15.0,0.0,0.0,0.0,4.0,12.0,0.0,0.0,15.0,0.0,0.0,0.0,0.0,15.0,1.0,1.0,15.0,0.0,0.0,0.0,0.0,7.0,10.0,7.0,13.0,0.0,0.0,0.0,0.0,1.0,13.0,16.0,7.0,0.0,0.0,0
1418,0.0,0.0,8.0,16.0,8.0,0.0,0.0,0.0,0.0,0.0,16.0,6.0,15.0,1.0,0.0,0.0,0.0,4.0,10.0,0.0,12.0,2.0,0.0,0.0,0.0,0.0,0.0,7.0,16.0,3.0,0.0,0.0,0.0,0.0,0.0,5.0,13.0,16.0,3.0,0.0,0.0,0.0,0.0,0.0,0.0,11.0,6.0,0.0,0.0,0.0,12.0,9.0,9.0,16.0,2.0,0.0,0.0,0.0,8.0,16.0,15.0,7.0,0.0,0.0,3
295,0.0,0.0,4.0,12.0,16.0,12.0,0.0,0.0,0.0,5.0,16.0,8.0,4.0,12.0,2.0,0.0,0.0,12.0,6.0,0.0,0.0,13.0,4.0,0.0,0.0,6.0,16.0,13.0,16.0,16.0,7.0,0.0,0.0,0.0,3.0,4.0,1.0,8.0,8.0,0.0,0.0,0.0,0.0,0.0,0.0,4.0,12.0,0.0,0.0,0.0,8.0,9.0,2.0,9.0,9.0,0.0,0.0,0.0,2.0,13.0,16.0,15.0,3.0,0.0,9
1249,0.0,1.0,7.0,13.0,14.0,3.0,0.0,0.0,0.0,10.0,13.0,2.0,5.0,10.0,0.0,0.0,0.0,12.0,4.0,0.0,7.0,16.0,0.0,0.0,0.0,6.0,10.0,9.0,13.0,15.0,1.0,0.0,0.0,0.0,2.0,4.0,0.0,14.0,4.0,0.0,0.0,0.0,0.0,0.0,0.0,13.0,2.0,0.0,0.0,0.0,6.0,0.0,5.0,14.0,0.0,0.0,0.0,0.0,5.0,14.0,14.0,5.0,0.0,0.0,9
693,0.0,0.0,1.0,10.0,15.0,11.0,7.0,0.0,0.0,0.0,5.0,16.0,16.0,16.0,11.0,0.0,0.0,0.0,6.0,16.0,16.0,16.0,6.0,0.0,0.0,0.0,12.0,16.0,16.0,12.0,0.0,0.0,0.0,2.0,16.0,16.0,16.0,6.0,0.0,0.0,0.0,2.0,12.0,16.0,12.0,0.0,0.0,0.0,0.0,0.0,9.0,16.0,16.0,7.0,0.0,0.0,0.0,0.0,3.0,12.0,16.0,2.0,0.0,0.0,1
1355,0.0,0.0,0.0,4.0,14.0,2.0,0.0,0.0,0.0,0.0,1.0,15.0,7.0,0.0,0.0,0.0,0.0,0.0,8.0,14.0,0.0,2.0,8.0,0.0,0.0,1.0,15.0,5.0,0.0,10.0,11.0,0.0,0.0,6.0,14.0,1.0,6.0,16.0,5.0,0.0,0.0,12.0,16.0,16.0,16.0,14.0,2.0,0.0,0.0,3.0,12.0,13.0,16.0,3.0,0.0,0.0,0.0,0.0,0.0,6.0,10.0,0.0,0.0,0.0,4
1369,0.0,0.0,0.0,8.0,13.0,0.0,0.0,0.0,0.0,0.0,0.0,14.0,6.0,0.0,0.0,0.0,0.0,0.0,6.0,12.0,0.0,0.0,0.0,0.0,0.0,0.0,8.0,13.0,8.0,2.0,0.0,0.0,0.0,0.0,13.0,16.0,13.0,14.0,4.0,0.0,0.0,0.0,11.0,8.0,2.0,3.0,13.0,0.0,0.0,0.0,7.0,11.0,5.0,12.0,11.0,0.0,0.0,0.0,1.0,11.0,12.0,4.0,0.0,0.0,6
1112,0.0,0.0,3.0,15.0,12.0,2.0,0.0,0.0,0.0,0.0,1.0,16.0,16.0,6.0,0.0,0.0,0.0,0.0,4.0,16.0,16.0,2.0,0.0,0.0,0.0,0.0,3.0,16.0,16.0,6.0,0.0,0.0,0.0,0.0,4.0,16.0,16.0,0.0,0.0,0.0,0.0,0.0,1.0,15.0,16.0,6.0,0.0,0.0,0.0,0.0,4.0,16.0,16.0,4.0,0.0,0.0,0.0,0.0,4.0,16.0,16.0,6.0,0.0,0.0,1
554,0.0,0.0,0.0,6.0,15.0,11.0,2.0,0.0,0.0,0.0,6.0,13.0,4.0,13.0,5.0,0.0,0.0,0.0,7.0,11.0,0.0,13.0,3.0,0.0,0.0,0.0,2.0,15.0,13.0,7.0,0.0,0.0,0.0,3.0,13.0,12.0,16.0,2.0,0.0,0.0,0.0,8.0,15.0,1.0,9.0,8.0,0.0,0.0,0.0,0.0,7.0,14.0,8.0,16.0,1.0,0.0,0.0,0.0,0.0,5.0,12.0,16.0,2.0,0.0,8
23,0.0,1.0,8.0,12.0,15.0,14.0,4.0,0.0,0.0,3.0,11.0,8.0,8.0,12.0,12.0,0.0,0.0,0.0,0.0,0.0,2.0,13.0,7.0,0.0,0.0,0.0,0.0,2.0,15.0,12.0,1.0,0.0,0.0,0.0,0.0,0.0,13.0,5.0,0.0,0.0,0.0,0.0,0.0,0.0,9.0,13.0,0.0,0.0,0.0,0.0,7.0,8.0,14.0,15.0,0.0,0.0,0.0,0.0,14.0,15.0,11.0,2.0,0.0,0.0,3
994,0.0,0.0,2.0,13.0,1.0,0.0,0.0,0.0,0.0,0.0,0.0,15.0,6.0,0.0,0.0,0.0,0.0,0.0,0.0,15.0,10.0,0.0,0.0,0.0,0.0,0.0,0.0,13.0,16.0,1.0,0.0,0.0,0.0,0.0,0.0,6.0,15.0,6.0,0.0,0.0,0.0,0.0,0.0,0.0,12.0,9.0,0.0,0.0,0.0,0.0,5.0,12.0,14.0,16.0,9.0,2.0,0.0,0.0,2.0,12.0,12.0,12.0,13.0,8.0,1
995,0.0,0.0,4.0,15.0,14.0,12.0,11.0,0.0,0.0,0.0,7.0,15.0,13.0,16.0,10.0,0.0,0.0,0.0,10.0,7.0,6.0,16.0,2.0,0.0,0.0,0.0,7.0,1.0,12.0,12.0,0.0,0.0,0.0,0.0,5.0,8.0,16.0,12.0,1.0,0.0,0.0,4.0,16.0,16.0,16.0,14.0,2.0,0.0,0.0,0.0,0.0,15.0,9.0,1.0,0.0,0.0,0.0,0.0,5.0,15.0,2.0,0.0,0.0,0.0,7
309,0.0,0.0,4.0,13.0,16.0,14.0,2.0,0.0,0.0,2.0,15.0,5.0,4.0,14.0,4.0,0.0,0.0,8.0,15.0,6.0,1.0,15.0,1.0,0.0,0.0,4.0,16.0,16.0,13.0,10.0,0.0,0.0,0.0,0.0,1.0,9.0,16.0,10.0,0.0,0.0,0.0,0.0,4.0,14.0,3.0,14.0,6.0,0.0,0.0,0.0,9.0,10.0,3.0,13.0,8.0,0.0,0.0,0.0,3.0,15.0,16.0,11.0,1.0,0.0,8
780,0.0,0.0,0.0,12.0,12.0,0.0,0.0,0.0,0.0,0.0,5.0,16.0,4.0,0.0,0.0,0.0,0.0,1.0,14.0,11.0,0.0,0.0,0.0,0.0,0.0,6.0,16.0,3.0,2.0,0.0,0.0,0.0,0.0,13.0,12.0,8.0,12.0,0.0,0.0,0.0,0.0,15.0,16.0,15.0,16.0,13.0,4.0,0.0,0.0,4.0,9.0,14.0,16.0,7.0,0.0,0.0,0.0,0.0,0.0,11.0,13.0,0.0,0.0,0.0,4
1323,0.0,0.0,2.0,14.0,13.0,2.0,0.0,0.0,0.0,0.0,11.0,16.0,15.0,13.0,0.0,0.0,0.0,0.0,13.0,13.0,1.0,16.0,3.0,0.0,0.0,0.0,12.0,13.0,0.0,15.0,6.0,0.0,0.0,1.0,16.0,7.0,1.0,16.0,4.0,0.0,0.0,1.0,16.0,5.0,8.0,16.0,1.0,0.0,0.0,0.0,15.0,13.0,15.0,13.0,0.0,0.0,0.0,0.0,3.0,15.0,15.0,2.0,0.0,0.0,0
483,0.0,0.0,0.0,5.0,9.0,0.0,0.0,0.0,0.0,0.0,2.0,14.0,14.0,2.0,0.0,0.0,0.0,0.0,6.0,14.0,11.0,12.0,0.0,0.0,0.0,3.0,15.0,3.0,11.0,10.0,0.0,0.0,0.0,8.0,11.0,0.0,13.0,10.0,2.0,0.0,0.0,10.0,16.0,16.0,16.0,15.0,3.0,0.0,0.0,0.0,4.0,10.0,15.0,0.0,0.0,0.0,0.0,0.0,0.0,8.0,9.0,0.0,0.0,0.0,4
1277,0.0,8.0,16.0,12.0,15.0,16.0,7.0,0.0,0.0,13.0,16.0,14.0,6.0,4.0,1.0,0.0,0.0,12.0,10.0,0.0,0.0,0.0,0.0,0.0,0.0,3.0,16.0,10.0,0.0,0.0,0.0,0.0,0.0,0.0,6.0,15.0,9.0,0.0,0.0,0.0,0.0,0.0,0.0,4.0,16.0,2.0,0.0,0.0,0.0,1.0,4.0,6.0,16.0,5.0,0.0,0.0,0.0,7.0,16.0,16.0,10.0,0.0,0.0,0.0,5
79,0.0,0.0,4.0,14.0,11.0,0.0,0.0,0.0,0.0,3.0,15.0,15.0,16.0,9.0,0.0,0.0,0.0,8.0,13.0,0.0,3.0,15.0,1.0,0.0,0.0,8.0,12.0,0.0,0.0,8.0,6.0,0.0,0.0,8.0,12.0,0.0,0.0,8.0,8.0,0.0,0.0,5.0,13.0,1.0,0.0,8.0,8.0,0.0,0.0,2.0,15.0,14.0,12.0,15.0,6.0,0.0,0.0,0.0,5.0,16.0,15.0,8.0,0.0,0.0,0
659,0.0,0.0,4.0,14.0,16.0,5.0,0.0,0.0,0.0,4.0,16.0,16.0,16.0,8.0,0.0,0.0,0.0,12.0,12.0,0.0,15.0,8.0,0.0,0.0,0.0,2.0,1.0,5.0,16.0,13.0,1.0,0.0,0.0,0.0,0.0,1.0,11.0,15.0,11.0,0.0,0.0,0.0,0.0,0.0,0.0,11.0,12.0,0.0,0.0,0.0,2.0,13.0,12.0,16.0,7.0,0.0,0.0,0.0,3.0,16.0,15.0,8.0,0.0,0.0,3
1665,0.0,0.0,1.0,10.0,13.0,12.0,5.0,0.0,0.0,0.0,13.0,13.0,4.0,4.0,12.0,0.0,0.0,3.0,16.0,7.0,4.0,12.0,6.0,0.0,0.0,2.0,15.0,16.0,15.0,5.0,0.0,0.0,0.0,0.0,1.0,9.0,16.0,0.0,0.0,0.0,0.0,0.0,0.0,2.0,15.0,0.0,0.0,0.0,0.0,0.0,0.0,11.0,6.0,0.0,0.0,0.0,0.0,0.0,0.0,15.0,0.0,0.0,0.0,0.0,9
1661,0.0,0.0,0.0,11.0,8.0,0.0,0.0,0.0,0.0,0.0,6.0,15.0,2.0,0.0,0.0,0.0,0.0,0.0,13.0,8.0,0.0,4.0,7.0,0.0,0.0,5.0,16.0,2.0,2.0,13.0,9.0,0.0,0.0,10.0,15.0,12.0,15.0,14.0,1.0,0.0,0.0,6.0,16.0,9.0,16.0,5.0,0.0,0.0,0.0,0.0,0.0,6.0,14.0,1.0,0.0,0.0,0.0,0.0,0.0,14.0,7.0,0.0,0.0,0.0,4
243,0.0,2.0,15.0,15.0,5.0,0.0,0.0,0.0,0.0,5.0,16.0,16.0,11.0,0.0,0.0,0.0,0.0,9.0,15.0,16.0,12.0,0.0,0.0,0.0,0.0,0.0,4.0,16.0,6.0,0.0,0.0,0.0,0.0,0.0,8.0,16.0,2.0,0.0,0.0,0.0,0.0,1.0,14.0,13.0,0.0,0.0,0.0,0.0,0.0,4.0,16.0,14.0,14.0,16.0,5.0,0.0,0.0,2.0,14.0,16.0,13.0,9.0,1.0,0.0,2
1598,0.0,0.0,0.0,12.0,11.0,1.0,0.0,0.0,0.0,0.0,3.0,16.0,13.0,10.0,0.0,0.0,0.0,0.0,8.0,9.0,1.0,12.0,0.0,0.0,0.0,2.0,16.0,9.0,0.0,10.0,5.0,0.0,0.0,4.0,16.0,8.0,0.0,7.0,8.0,0.0,0.0,1.0,16.0,3.0,0.0,10.0,7.0,0.0,0.0,0.0,8.0,13.0,9.0,16.0,6.0,0.0,0.0,0.0,1.0,10.0,16.0,13.0,1.0,0.0,0
110,0.0,0.0,0.0,10.0,15.0,0.0,0.0,0.0,0.0,0.0,11.0,15.0,3.0,0.0,0.0,0.0,0.0,7.0,15.0,4.0,0.0,0.0,0.0,0.0,0.0,12.0,11.0,1.0,3.0,8.0,2.0,0.0,0.0,4.0,12.0,15.0,15.0,16.0,9.0,0.0,0.0,0.0,0.0,8.0,16.0,8.0,2.0,0.0,0.0,0.0,0.0,10.0,12.0,0.0,0.0,0.0,0.0,0.0,0.0,12.0,9.0,0.0,0.0,0.0,4
886,0.0,0.0,0.0,8.0,15.0,0.0,0.0,0.0,0.0,0.0,3.0,15.0,3.0,0.0,0.0,0.0,0.0,0.0,12.0,10.0,0.0,1.0,0.0,0.0,0.0,4.0,16.0,4.0,11.0,11.0,0.0,0.0,0.0,11.0,15.0,2.0,14.0,10.0,1.0,0.0,0.0,13.0,16.0,16.0,16.0,13.0,1.0,0.0,0.0,0.0,4.0,12.0,12.0,0.0,0.0,0.0,0.0,0.0,0.0,11.0,9.0,0.0,0.0,0.0,4
181,0.0,1.0,12.0,14.0,10.0,0.0,0.0,0.0,0.0,5.0,16.0,16.0,16.0,4.0,0.0,0.0,0.0,0.0,0.0,4.0,16.0,4.0,0.0,0.0,0.0,0.0,0.0,7.0,15.0,1.0,0.0,0.0,0.0,0.0,2.0,15.0,9.0,0.0,0.0,0.0,0.0,0.0,9.0,15.0,2.0,0.0,0.0,0.0,0.0,0.0,16.0,14.0,8.0,8.0,3.0,0.0,0.0,0.0,10.0,15.0,13.0,9.0,4.0,0.0,2
964,0.0,0.0,1.0,14.0,16.0,8.0,0.0,0.0,0.0,0.0,2.0,10.0,5.0,14.0,0.0,0.0,0.0,0.0,0.0,2.0,7.0,15.0,0.0,0.0,0.0,0.0,0.0,6.0,16.0,10.0,0.0,0.0,0.0,0.0,0.0,0.0,3.0,14.0,4.0,0.0,0.0,0.0,13.0,0.0,0.0,4.0,12.0,0.0,0.0,0.0,13.0,6.0,4.0,8.0,13.0,0.0,0.0,0.0,0.0,12.0,16.0,15.0,6.0,0.0,3
707,0.0,0.0,1.0,6.0,12.0,16.0,9.0,0.0,0.0,0.0,10.0,15.0,10.0,13.0,9.0,0.0,0.0,0.0,2.0,1.0,0.0,14.0,2.0,0.0,0.0,0.0,0.0,6.0,12.0,16.0,15.0,0.0,0.0,0.0,5.0,16.0,16.0,14.0,7.0,0.0,0.0,0.0,3.0,6.0,15.0,0.0,0.0,0.0,0.0,0.0,0.0,7.0,9.0,0.0,0.0,0.0,0.0,0.0,0.0,11.0,2.0,0.0,0.0,0.0,7
1614,0.0,0.0,12.0,16.0,16.0,15.0,3.0,0.0,0.0,4.0,16.0,16.0,6.0,2.0,1.0,0.0,0.0,14.0,16.0,4.0,0.0,0.0,0.0,0.0,0.0,9.0,16.0,16.0,5.0,0.0,0.0,0.0,0.0,0.0,7.0,15.0,8.0,0.0,0.0,0.0,0.0,0.0,0.0,12.0,11.0,0.0,0.0,0.0,0.0,0.0,5.0,16.0,7.0,0.0,0.0,0.0,0.0,0.0,14.0,15.0,0.0,0.0,0.0,0.0,5
550,0.0,0.0,2.0,13.0,16.0,8.0,0.0,0.0,0.0,0.0,11.0,16.0,6.0,2.0,0.0,0.0,0.0,2.0,16.0,8.0,0.0,0.0,0.0,0.0,0.0,5.0,16.0,9.0,1.0,0.0,0.0,0.0,0.0,5.0,16.0,16.0,13.0,2.0,0.0,0.0,0.0,1.0,16.0,6.0,8.0,14.0,0.0,0.0,0.0,0.0,11.0,10.0,1.0,16.0,5.0,0.0,0.0,0.0,3.0,15.0,16.0,16.0,3.0,0.0,6
1337,0.0,0.0,10.0,16.0,16.0,10.0,0.0,0.0,0.0,4.0,16.0,6.0,1.0,16.0,2.0,0.0,0.0,0.0,10.0,0.0,1.0,16.0,3.0,0.0,0.0,0.0,0.0,0.0,5.0,15.0,0.0,0.0,0.0,0.0,0.0,0.0,11.0,11.0,0.0,0.0,0.0,0.0,0.0,2.0,15.0,4.0,0.0,0.0,0.0,0.0,2.0,13.0,16.0,12.0,8.0,0.0,0.0,0.0,13.0,15.0,11.0,8.0,14.0,7.0,2
1635,0.0,4.0,15.0,16.0,15.0,4.0,0.0,0.0,0.0,11.0,16.0,14.0,15.0,16.0,0.0,0.0,0.0,3.0,3.0,0.0,16.0,14.0,2.0,0.0,0.0,0.0,9.0,16.0,16.0,16.0,8.0,0.0,0.0,0.0,15.0,16.0,11.0,1.0,0.0,0.0,0.0,0.0,11.0,13.0,1.0,0.0,0.0,0.0,0.0,4.0,16.0,5.0,0.0,0.0,0.0,0.0,0.0,4.0,15.0,0.0,0.0,0.0,0.0,0.0,7
340,0.0,0.0,10.0,16.0,16.0,7.0,0.0,0.0,0.0,6.0,15.0,9.0,14.0,12.0,0.0,0.0,0.0,3.0,5.0,0.0,13.0,8.0,0.0,0.0,0.0,0.0,0.0,10.0,13.0,0.0,0.0,0.0,0.0,0.0,2.0,16.0,4.0,0.0,0.0,0.0,0.0,0.0,12.0,8.0,0.0,0.0,0.0,0.0,0.0,0.0,16.0,13.0,11.0,8.0,3.0,0.0,0.0,0.0,12.0,16.0,16.0,16.0,5.0,0.0,2
244,0.0,0.0,4.0,14.0,16.0,4.0,0.0,0.0,0.0,3.0,16.0,16.0,16.0,6.0,0.0,0.0,0.0,8.0,16.0,12.0,16.0,7.0,0.0,0.0,0.0,3.0,5.0,12.0,15.0,0.0,0.0,0.0,0.0,0.0,0.0,15.0,12.0,0.0,0.0,0.0,0.0,0.0,6.0,16.0,2.0,0.0,0.0,0.0,0.0,0.0,8.0,16.0,12.0,5.0,1.0,0.0,0.0,0.0,4.0,16.0,16.0,15.0,4.0,0.0,2
1755,0.0,0.0,0.0,8.0,15.0,3.0,0.0,0.0,0.0,0.0,1.0,15.0,11.0,2.0,0.0,0.0,0.0,0.0,13.0,16.0,1.0,0.0,0.0,0.0,0.0,3.0,16.0,14.0,0.0,0.0,0.0,0.0,0.0,3.0,16.0,15.0,5.0,0.0,0.0,0.0,0.0,3.0,15.0,16.0,11.0,14.0,7.0,0.0,0.0,0.0,11.0,16.0,6.0,6.0,15.0,0.0,0.0,0.0,0.0,10.0,14.0,12.0,8.0,0.0,6
1673,0.0,0.0,1.0,13.0,2.0,0.0,0.0,0.0,0.0,0.0,9.0,14.0,2.0,0.0,0.0,0.0,0.0,3.0,16.0,7.0,0.0,0.0,0.0,0.0,0.0,3.0,16.0,7.0,0.0,0.0,0.0,0.0,0.0,5.0,16.0,16.0,8.0,1.0,0.0,0.0,0.0,3.0,15.0,11.0,14.0,13.0,2.0,0.0,0.0,0.0,10.0,16.0,10.0,16.0,15.0,0.0,0.0,0.0,1.0,10.0,14.0,12.0,7.0,0.0,6
177,0.0,0.0,0.0,0.0,12.0,11.0,1.0,0.0,0.0,0.0,0.0,1.0,16.0,16.0,7.0,0.0,0.0,0.0,1.0,14.0,16.0,16.0,7.0,0.0,0.0,1.0,14.0,16.0,14.0,16.0,8.0,0.0,0.0,5.0,12.0,3.0,8.0,16.0,7.0,0.0,0.0,0.0,0.0,0.0,8.0,16.0,4.0,0.0,0.0,0.0,0.0,0.0,8.0,16.0,1.0,0.0,0.0,0.0,0.0,0.0,11.0,12.0,0.0,0.0,1
11,0.0,0.0,0.0,0.0,14.0,13.0,1.0,0.0,0.0,0.0,0.0,5.0,16.0,16.0,2.0,0.0,0.0,0.0,0.0,14.0,16.0,12.0,0.0,0.0,0.0,1.0,10.0,16.0,16.0,12.0,0.0,0.0,0.0,3.0,12.0,14.0,16.0,9.0,0.0,0.0,0.0,0.0,0.0,5.0,16.0,15.0,0.0,0.0,0.0,0.0,0.0,4.0,16.0,14.0,0.0,0.0,0.0,0.0,0.0,1.0,13.0,16.0,1.0,0.0,1
1486,0.0,0.0,7.0,8.0,6.0,8.0,4.0,0.0,0.0,0.0,12.0,13.0,12.0,12.0,5.0,0.0,0.0,0.0,13.0,0.0,0.0,0.0,0.0,0.0,0.0,5.0,15.0,12.0,9.0,2.0,0.0,0.0,0.0,3.0,8.0,7.0,8.0,15.0,2.0,0.0,0.0,0.0,0.0,0.0,0.0,6.0,8.0,0.0,0.0,0.0,6.0,0.0,1.0,13.0,4.0,0.0,0.0,0.0,7.0,15.0,15.0,5.0,0.0,0.0,5
883,0.0,0.0,1.0,8.0,10.0,8.0,3.0,0.0,0.0,0.0,1.0,16.0,16.0,16.0,8.0,0.0,0.0,0.0,0.0,14.0,16.0,16.0,3.0,0.0,0.0,0.0,1.0,16.0,16.0,15.0,0.0,0.0,0.0,0.0,6.0,16.0,16.0,10.0,0.0,0.0,0.0,0.0,10.0,16.0,15.0,4.0,0.0,0.0,0.0,0.0,8.0,16.0,14.0,0.0,0.0,0.0,0.0,0.0,1.0,8.0,8.0,1.0,0.0,0.0,1
1620,0.0,0.0,4.0,15.0,16.0,6.0,0.0,0.0,0.0,0.0,16.0,12.0,8.0,15.0,0.0,0.0,0.0,7.0,16.0,4.0,0.0,11.0,5.0,0.0,0.0,10.0,15.0,0.0,0.0,8.0,9.0,0.0,0.0,10.0,14.0,0.0,0.0,8.0,11.0,0.0,0.0,6.0,16.0,4.0,0.0,11.0,9.0,0.0,0.0,1.0,15.0,7.0,8.0,16.0,5.0,0.0,0.0,0.0,3.0,14.0,16.0,10.0,1.0,0.0,0
55,0.0,0.0,2.0,14.0,15.0,5.0,0.0,0.0,0.0,0.0,10.0,16.0,16.0,15.0,1.0,0.0,0.0,3.0,16.0,10.0,10.0,16.0,4.0,0.0,0.0,5.0,16.0,0.0,0.0,14.0,6.0,0.0,0.0,5.0,16.0,6.0,0.0,12.0,7.0,0.0,0.0,1.0,15.0,13.0,4.0,13.0,6.0,0.0,0.0,0.0,11.0,16.0,16.0,15.0,0.0,0.0,0.0,0.0,2.0,11.0,13.0,4.0,0.0,0.0,0
915,0.0,0.0,3.0,13.0,13.0,3.0,0.0,0.0,0.0,0.0,14.0,8.0,7.0,15.0,1.0,0.0,0.0,3.0,16.0,0.0,0.0,9.0,6.0,0.0,0.0,6.0,13.0,0.0,0.0,4.0,8.0,0.0,0.0,4.0,9.0,0.0,0.0,4.0,8.0,0.0,0.0,1.0,13.0,0.0,0.0,5.0,8.0,0.0,0.0,0.0,14.0,7.0,0.0,11.0,4.0,0.0,0.0,0.0,3.0,15.0,16.0,14.0,0.0,0.0,0
326,0.0,0.0,1.0,15.0,11.0,1.0,0.0,0.0,0.0,0.0,2.0,16.0,16.0,7.0,0.0,0.0,0.0,0.0,6.0,16.0,16.0,5.0,0.0,0.0,0.0,0.0,8.0,16.0,16.0,4.0,0.0,0.0,0.0,0.0,9.0,16.0,13.0,0.0,0.0,0.0,0.0,0.0,11.0,16.0,13.0,0.0,0.0,0.0,0.0,0.0,11.0,16.0,11.0,0.0,0.0,0.0,0.0,0.0,1.0,14.0,16.0,3.0,0.0,0.0,1
1096,0.0,0.0,7.0,12.0,11.0,1.0,0.0,0.0,0.0,0.0,12.0,10.0,5.0,14.0,0.0,0.0,0.0,6.0,13.0,13.0,3.0,15.0,0.0,0.0,0.0,8.0,9.0,11.0,16.0,8.0,0.0,0.0,0.0,1.0,11.0,10.0,9.0,11.0,1.0,0.0,0.0,0.0,0.0,0.0,0.0,13.0,6.0,0.0,0.0,0.0,0.0,0.0,0.0,10.0,12.0,0.0,0.0,0.0,8.0,12.0,16.0,13.0,2.0,0.0,9
587,0.0,1.0,9.0,12.0,13.0,11.0,0.0,0.0,0.0,3.0,15.0,4.0,3.0,3.0,0.0,0.0,0.0,5.0,12.0,7.0,6.0,0.0,0.0,0.0,0.0,5.0,16.0,14.0,13.0,7.0,0.0,0.0,0.0,1.0,8.0,0.0,2.0,12.0,0.0,0.0,0.0,0.0,0.0,0.0,2.0,14.0,0.0,0.0,0.0,0.0,6.0,2.0,10.0,6.0,0.0,0.0,0.0,0.0,11.0,16.0,13.0,1.0,0.0,0.0,5
1437,0.0,4.0,16.0,15.0,2.0,0.0,0.0,0.0,0.0,11.0,15.0,15.0,7.0,0.0,0.0,0.0,0.0,9.0,10.0,6.0,14.0,0.0,0.0,0.0,0.0,0.0,0.0,7.0,15.0,0.0,0.0,0.0,0.0,0.0,0.0,13.0,10.0,0.0,0.0,0.0,0.0,0.0,1.0,16.0,7.0,2.0,2.0,0.0,0.0,1.0,12.0,16.0,15.0,16.0,15.0,0.0,0.0,4.0,16.0,16.0,16.0,12.0,11.0,0.0,2
962,0.0,0.0,8.0,12.0,13.0,5.0,0.0,0.0,0.0,4.0,13.0,4.0,9.0,11.0,0.0,0.0,0.0,0.0,0.0,6.0,13.0,4.0,0.0,0.0,0.0,0.0,0.0,10.0,15.0,4.0,0.0,0.0,0.0,0.0,0.0,0.0,4.0,15.0,2.0,0.0,0.0,7.0,8.0,0.0,0.0,12.0,7.0,0.0,0.0,8.0,9.0,1.0,3.0,16.0,3.0,0.0,0.0,0.0,10.0,16.0,16.0,6.0,0.0,0.0,3
549,0.0,0.0,9.0,8.0,12.0,13.0,1.0,0.0,0.0,3.0,15.0,8.0,5.0,4.0,0.0,0.0,0.0,6.0,9.0,2.0,6.0,2.0,0.0,0.0,0.0,6.0,16.0,14.0,9.0,13.0,4.0,0.0,0.0,2.0,7.0,0.0,0.0,7.0,8.0,0.0,0.0,0.0,0.0,0.0,0.0,7.0,10.0,0.0,0.0,0.0,8.0,5.0,6.0,14.0,3.0,0.0,0.0,0.0,10.0,14.0,15.0,5.0,0.0,0.0,5
333,0.0,2.0,15.0,16.0,15.0,2.0,0.0,0.0,0.0,8.0,14.0,8.0,14.0,8.0,0.0,0.0,0.0,7.0,5.0,2.0,16.0,5.0,0.0,0.0,0.0,0.0,0.0,12.0,13.0,0.0,0.0,0.0,0.0,0.0,8.0,15.0,1.0,0.0,0.0,0.0,0.0,1.0,15.0,7.0,0.0,0.0,0.0,0.0,0.0,4.0,16.0,9.0,8.0,8.0,2.0,0.0,0.0,2.0,15.0,16.0,16.0,16.0,13.0,0.0,2
358,0.0,0.0,5.0,11.0,16.0,12.0,0.0,0.0,0.0,0.0,16.0,12.0,4.0,3.0,0.0,0.0,0.0,4.0,16.0,6.0,3.0,0.0,0.0,0.0,0.0,4.0,15.0,16.0,16.0,9.0,0.0,0.0,0.0,0.0,0.0,0.0,3.0,16.0,6.0,0.0,0.0,0.0,0.0,0.0,0.0,11.0,6.0,0.0,0.0,0.0,0.0,1.0,8.0,15.0,1.0,0.0,0.0,0.0,6.0,16.0,13.0,1.0,0.0,0.0,5
1061,0.0,0.0,8.0,15.0,16.0,16.0,6.0,0.0,0.0,2.0,16.0,11.0,5.0,0.0,0.0,0.0,0.0,3.0,16.0,5.0,0.0,0.0,0.0,0.0,0.0,5.0,16.0,16.0,13.0,0.0,0.0,0.0,0.0,10.0,13.0,6.0,15.0,5.0,0.0,0.0,0.0,3.0,1.0,0.0,11.0,8.0,0.0,0.0,0.0,0.0,0.0,6.0,16.0,4.0,0.0,0.0,0.0,0.0,9.0,16.0,8.0,0.0,0.0,0.0,5
1725,0.0,0.0,1.0,13.0,9.0,0.0,0.0,0.0,0.0,0.0,8.0,16.0,4.0,0.0,0.0,0.0,0.0,0.0,16.0,11.0,0.0,0.0,0.0,0.0,0.0,2.0,16.0,10.0,2.0,0.0,0.0,0.0,0.0,7.0,16.0,16.0,16.0,10.0,1.0,0.0,0.0,4.0,16.0,6.0,2.0,14.0,7.0,0.0,0.0,0.0,11.0,15.0,12.0,15.0,8.0,0.0,0.0,0.0,2.0,14.0,15.0,6.0,0.0,0.0,6
434,0.0,0.0,2.0,15.0,10.0,1.0,0.0,0.0,0.0,2.0,13.0,12.0,14.0,9.0,0.0,0.0,0.0,6.0,16.0,1.0,1.0,14.0,2.0,0.0,0.0,8.0,16.0,0.0,0.0,10.0,5.0,0.0,0.0,8.0,14.0,2.0,0.0,8.0,8.0,0.0,0.0,6.0,14.0,0.0,0.0,8.0,8.0,0.0,0.0,1.0,14.0,12.0,8.0,15.0,6.0,0.0,0.0,0.0,3.0,13.0,16.0,8.0,1.0,0.0,0
332,0.0,0.0,4.0,13.0,15.0,9.0,0.0,0.0,0.0,4.0,14.0,6.0,5.0,16.0,0.0,0.0,0.0,7.0,12.0,2.0,2.0,16.0,0.0,0.0,0.0,4.0,16.0,15.0,14.0,7.0,0.0,0.0,0.0,0.0,9.0,16.0,16.0,5.0,0.0,0.0,0.0,0.0,10.0,6.0,8.0,15.0,2.0,0.0,0.0,0.0,11.0,9.0,4.0,13.0,11.0,0.0,0.0,0.0,2.0,14.0,16.0,15.0,6.0,0.0,8
99,0.0,0.0,1.0,15.0,13.0,0.0,0.0,0.0,0.0,0.0,1.0,16.0,16.0,5.0,0.0,0.0,0.0,0.0,7.0,16.0,16.0,0.0,0.0,0.0,0.0,0.0,13.0,16.0,13.0,0.0,0.0,0.0,0.0,7.0,16.0,16.0,13.0,0.0,0.0,0.0,0.0,1.0,11.0,16.0,13.0,0.0,0.0,0.0,0.0,0.0,2.0,16.0,16.0,0.0,0.0,0.0,0.0,0.0,1.0,14.0,16.0,3.0,0.0,0.0,1
222,0.0,0.0,4.0,15.0,16.0,16.0,5.0,0.0,0.0,0.0,6.0,9.0,11.0,16.0,11.0,0.0,0.0,0.0,0.0,0.0,3.0,16.0,5.0,0.0,0.0,0.0,0.0,3.0,14.0,16.0,10.0,0.0,0.0,0.0,7.0,16.0,16.0,11.0,3.0,0.0,0.0,0.0,8.0,15.0,13.0,0.0,0.0,0.0,0.0,0.0,5.0,16.0,7.0,0.0,0.0,0.0,0.0,0.0,7.0,14.0,2.0,0.0,0.0,0.0,7
1607,0.0,0.0,5.0,16.0,1.0,0.0,0.0,0.0,0.0,0.0,12.0,12.0,0.0,0.0,0.0,0.0,0.0,2.0,15.0,8.0,0.0,6.0,5.0,0.0,0.0,9.0,16.0,6.0,12.0,16.0,9.0,0.0,0.0,7.0,16.0,16.0,16.0,15.0,1.0,0.0,0.0,0.0,3.0,10.0,16.0,6.0,0.0,0.0,0.0,0.0,1.0,14.0,10.0,0.0,0.0,0.0,0.0,0.0,5.0,16.0,2.0,0.0,0.0,0.0,4
422,0.0,0.0,10.0,15.0,6.0,0.0,0.0,0.0,0.0,2.0,16.0,14.0,16.0,7.0,0.0,0.0,0.0,4.0,16.0,8.0,5.0,16.0,1.0,0.0,0.0,5.0,12.0,0.0,0.0,12.0,8.0,0.0,0.0,8.0,9.0,0.0,0.0,12.0,8.0,0.0,0.0,5.0,12.0,0.0,1.0,15.0,3.0,0.0,0.0,4.0,13.0,4.0,12.0,13.0,0.0,0.0,0.0,0.0,9.0,16.0,13.0,4.0,0.0,0.0,0
505,0.0,0.0,3.0,10.0,14.0,3.0,0.0,0.0,0.0,4.0,16.0,13.0,15.0,11.0,0.0,0.0,0.0,8.0,13.0,1.0,13.0,16.0,2.0,0.0,0.0,6.0,16.0,14.0,14.0,14.0,6.0,0.0,0.0,0.0,5.0,7.0,1.0,11.0,8.0,0.0,0.0,1.0,8.0,1.0,0.0,8.0,8.0,0.0,0.0,2.0,16.0,11.0,8.0,14.0,7.0,0.0,0.0,0.0,5.0,12.0,14.0,9.0,1.0,0.0,9
1065,0.0,0.0,0.0,12.0,6.0,0.0,0.0,0.0,0.0,0.0,8.0,15.0,13.0,4.0,0.0,0.0,0.0,5.0,16.0,6.0,3.0,12.0,0.0,0.0,0.0,7.0,14.0,1.0,0.0,11.0,5.0,0.0,0.0,3.0,14.0,0.0,0.0,7.0,10.0,0.0,0.0,1.0,14.0,2.0,0.0,9.0,9.0,0.0,0.0,0.0,9.0,11.0,6.0,15.0,5.0,0.0,0.0,0.0,0.0,10.0,16.0,11.0,0.0,0.0,0
1266,0.0,0.0,15.0,13.0,12.0,12.0,2.0,0.0,0.0,4.0,16.0,16.0,12.0,6.0,0.0,0.0,0.0,0.0,16.0,4.0,0.0,0.0,0.0,0.0,0.0,0.0,11.0,7.0,0.0,0.0,0.0,0.0,0.0,0.0,7.0,14.0,0.0,0.0,0.0,0.0,0.0,0.0,0.0,14.0,6.0,0.0,0.0,0.0,0.0,4.0,5.0,14.0,8.0,0.0,0.0,0.0,0.0,1.0,15.0,16.0,4.0,0.0,0.0,0.0,5
44,0.0,0.0,9.0,16.0,16.0,16.0,5.0,0.0,0.0,1.0,14.0,10.0,8.0,16.0,8.0,0.0,0.0,0.0,0.0,0.0,7.0,16.0,3.0,0.0,0.0,3.0,8.0,11.0,15.0,16.0,11.0,0.0,0.0,8.0,16.0,16.0,15.0,11.0,3.0,0.0,0.0,0.0,2.0,16.0,7.0,0.0,0.0,0.0,0.0,0.0,8.0,16.0,1.0,0.0,0.0,0.0,0.0,0.0,13.0,10.0,0.0,0.0,0.0,0.0,7
97,0.0,0.0,0.0,3.0,14.0,1.0,0.0,0.0,0.0,0.0,0.0,13.0,12.0,1.0,0.0,0.0,0.0,0.0,7.0,16.0,5.0,3.0,0.0,0.0,0.0,3.0,15.0,11.0,5.0,16.0,2.0,0.0,0.0,5.0,16.0,11.0,11.0,16.0,6.0,0.0,0.0,0.0,6.0,12.0,16.0,13.0,3.0,0.0,0.0,0.0,0.0,1.0,15.0,7.0,0.0,0.0,0.0,0.0,0.0,2.0,16.0,7.0,0.0,0.0,4
725,0.0,0.0,3.0,11.0,7.0,1.0,0.0,0.0,0.0,0.0,10.0,15.0,14.0,14.0,0.0,0.0,0.0,2.0,16.0,10.0,1.0,12.0,4.0,0.0,0.0,2.0,16.0,3.0,0.0,4.0,8.0,0.0,0.0,5.0,12.0,0.0,0.0,6.0,8.0,0.0,0.0,1.0,12.0,0.0,0.0,11.0,9.0,0.0,0.0,0.0,15.0,9.0,14.0,15.0,1.0,0.0,0.0,0.0,4.0,15.0,15.0,4.0,0.0,0.0,0
767,0.0,0.0,0.0,5.0,11.0,0.0,6.0,0.0,0.0,0.0,3.0,15.0,7.0,6.0,16.0,1.0,0.0,0.0,13.0,9.0,1.0,13.0,7.0,0.0,0.0,6.0,15.0,2.0,6.0,15.0,0.0,0.0,0.0,14.0,10.0,0.0,14.0,12.0,3.0,0.0,0.0,14.0,16.0,16.0,16.0,14.0,3.0,0.0,0.0,5.0,11.0,14.0,13.0,2.0,0.0,0.0,0.0,0.0,0.0,7.0,9.0,0.0,0.0,0.0,4
135,0.0,4.0,16.0,16.0,16.0,10.0,3.0,0.0,0.0,12.0,16.0,9.0,8.0,12.0,3.0,0.0,0.0,10.0,16.0,2.0,0.0,0.0,0.0,0.0,0.0,3.0,16.0,12.0,0.0,0.0,0.0,0.0,0.0,0.0,7.0,16.0,9.0,0.0,0.0,0.0,0.0,0.0,0.0,12.0,16.0,1.0,0.0,0.0,0.0,3.0,10.0,15.0,15.0,1.0,0.0,0.0,0.0,4.0,16.0,13.0,3.0,0.0,0.0,0.0,5
1351,0.0,0.0,0.0,1.0,13.0,7.0,0.0,0.0,0.0,0.0,0.0,10.0,14.0,1.0,0.0,0.0,0.0,0.0,3.0,16.0,5.0,0.0,0.0,0.0,0.0,0.0,13.0,11.0,0.0,3.0,8.0,0.0,0.0,6.0,15.0,2.0,0.0,14.0,7.0,0.0,0.0,8.0,16.0,12.0,13.0,16.0,4.0,0.0,0.0,3.0,11.0,11.0,15.0,12.0,0.0,0.0,0.0,0.0,0.0,0.0,16.0,9.0,0.0,0.0,4
1128,0.0,0.0,5.0,15.0,12.0,1.0,0.0,0.0,0.0,0.0,8.0,8.0,6.0,12.0,0.0,0.0,0.0,2.0,5.0,0.0,0.0,12.0,2.0,0.0,0.0,4.0,14.0,0.0,0.0,8.0,6.0,0.0,0.0,7.0,11.0,0.0,0.0,9.0,7.0,0.0,0.0,3.0,13.0,0.0,0.0,12.0,3.0,0.0,0.0,0.0,16.0,5.0,9.0,14.0,1.0,0.0,0.0,0.0,5.0,15.0,11.0,4.0,0.0,0.0,0
1026,0.0,0.0,2.0,11.0,14.0,8.0,1.0,0.0,0.0,3.0,14.0,9.0,8.0,13.0,4.0,0.0,0.0,6.0,11.0,1.0,4.0,14.0,1.0,0.0,0.0,0.0,9.0,14.0,15.0,6.0,0.0,0.0,0.0,0.0,0.0,12.0,14.0,10.0,0.0,0.0,0.0,0.0,4.0,12.0,2.0,13.0,5.0,0.0,0.0,0.0,4.0,11.0,1.0,11.0,8.0,0.0,0.0,0.0,1.0,9.0,16.0,14.0,2.0,0.0,8
730,0.0,2.0,12.0,16.0,12.0,0.0,0.0,0.0,0.0,7.0,16.0,13.0,16.0,3.0,0.0,0.0,0.0,0.0,3.0,5.0,16.0,0.0,0.0,0.0,0.0,0.0,3.0,15.0,7.0,0.0,0.0,0.0,0.0,0.0,11.0,13.0,0.0,0.0,0.0,0.0,0.0,6.0,13.0,1.0,0.0,0.0,0.0,0.0,0.0,6.0,16.0,11.0,8.0,11.0,5.0,0.0,0.0,0.0,15.0,16.0,16.0,15.0,3.0,0.0,2
1285,0.0,0.0,9.0,15.0,13.0,3.0,0.0,0.0,0.0,2.0,14.0,2.0,6.0,5.0,0.0,0.0,0.0,4.0,9.0,0.0,0.0,15.0,4.0,0.0,0.0,1.0,13.0,5.0,7.0,16.0,6.0,0.0,0.0,0.0,2.0,7.0,7.0,14.0,3.0,0.0,0.0,0.0,0.0,0.0,1.0,14.0,1.0,0.0,0.0,0.0,3.0,1.0,10.0,9.0,0.0,0.0,0.0,0.0,11.0,15.0,9.0,1.0,0.0,0.0,9
1039,0.0,0.0,2.0,14.0,9.0,1.0,0.0,0.0,0.0,1.0,12.0,12.0,11.0,8.0,0.0,0.0,0.0,4.0,14.0,1.0,0.0,13.0,3.0,0.0,0.0,8.0,13.0,0.0,0.0,10.0,6.0,0.0,0.0,5.0,16.0,1.0,0.0,8.0,9.0,0.0,0.0,0.0,16.0,0.0,0.0,11.0,9.0,0.0,0.0,0.0,13.0,11.0,10.0,15.0,4.0,0.0,0.0,0.0,3.0,15.0,16.0,5.0,0.0,0.0,0
1630,0.0,0.0,6.0,16.0,15.0,5.0,0.0,0.0,0.0,0.0,2.0,13.0,14.0,13.0,0.0,0.0,0.0,0.0,0.0,2.0,14.0,14.0,1.0,0.0,0.0,0.0,0.0,3.0,16.0,10.0,0.0,0.0,0.0,0.0,0.0,0.0,14.0,10.0,0.0,0.0,0.0,0.0,0.0,0.0,10.0,14.0,0.0,0.0,0.0,0.0,8.0,7.0,12.0,16.0,0.0,0.0,0.0,0.0,6.0,16.0,16.0,12.0,1.0,0.0,3
797,0.0,0.0,1.0,11.0,15.0,8.0,0.0,0.0,0.0,0.0,0.0,15.0,16.0,8.0,0.0,0.0,0.0,0.0,0.0,13.0,16.0,10.0,0.0,0.0,0.0,0.0,0.0,16.0,16.0,6.0,0.0,0.0,0.0,0.0,2.0,16.0,16.0,6.0,0.0,0.0,0.0,0.0,5.0,16.0,16.0,5.0,0.0,0.0,0.0,0.0,5.0,16.0,15.0,1.0,0.0,0.0,0.0,0.0,2.0,15.0,15.0,3.0,0.0,0.0,1
548,0.0,0.0,13.0,16.0,16.0,16.0,13.0,0.0,0.0,4.0,16.0,9.0,8.0,5.0,4.0,0.0,0.0,9.0,15.0,7.0,8.0,2.0,0.0,0.0,0.0,11.0,16.0,16.0,14.0,15.0,1.0,0.0,0.0,1.0,3.0,0.0,4.0,16.0,4.0,0.0,0.0,0.0,0.0,0.0,8.0,14.0,0.0,0.0,0.0,0.0,11.0,8.0,16.0,6.0,0.0,0.0,0.0,1.0,15.0,16.0,10.0,0.0,0.0,0.0,5
264,0.0,0.0,1.0,10.0,13.0,13.0,1.0,0.0,0.0,1.0,13.0,10.0,4.0,14.0,4.0,0.0,0.0,8.0,13.0,0.0,7.0,12.0,0.0,0.0,0.0,2.0,12.0,14.0,15.0,2.0,0.0,0.0,0.0,0.0,5.0,15.0,15.0,2.0,0.0,0.0,0.0,0.0,8.0,7.0,3.0,13.0,3.0,0.0,0.0,0.0,8.0,8.0,0.0,13.0,4.0,0.0,0.0,0.0,1.0,11.0,16.0,16.0,2.0,0.0,8
919,0.0,0.0,0.0,2.0,14.0,5.0,0.0,0.0,0.0,0.0,0.0,13.0,15.0,0.0,0.0,0.0,0.0,0.0,3.0,16.0,3.0,9.0,12.0,0.0,0.0,1.0,14.0,8.0,0.0,15.0,13.0,0.0,0.0,11.0,16.0,10.0,8.0,16.0,10.0,0.0,3.0,16.0,16.0,16.0,16.0,15.0,3.0,0.0,0.0,0.0,0.0,2.0,16.0,12.0,0.0,0.0,0.0,0.0,0.0,4.0,16.0,7.0,0.0,0.0,4
65,0.0,0.0,0.0,9.0,10.0,0.0,0.0,0.0,0.0,0.0,7.0,16.0,7.0,0.0,0.0,0.0,0.0,0.0,13.0,13.0,1.0,0.0,0.0,0.0,0.0,0.0,15.0,7.0,0.0,0.0,0.0,0.0,0.0,4.0,16.0,15.0,12.0,7.0,0.0,0.0,0.0,2.0,16.0,12.0,4.0,11.0,10.0,0.0,0.0,0.0,8.0,14.0,5.0,9.0,14.0,0.0,0.0,0.0,0.0,6.0,12.0,14.0,9.0,0.0,6
303,0.0,0.0,0.0,10.0,13.0,0.0,0.0,0.0,0.0,0.0,0.0,13.0,16.0,5.0,0.0,0.0,0.0,0.0,0.0,16.0,16.0,4.0,0.0,0.0,0.0,0.0,3.0,16.0,16.0,7.0,0.0,0.0,0.0,0.0,7.0,16.0,16.0,9.0,0.0,0.0,0.0,0.0,9.0,16.0,16.0,10.0,0.0,0.0,0.0,0.0,10.0,16.0,16.0,14.0,0.0,0.0,0.0,0.0,1.0,5.0,7.0,15.0,8.0,0.0,1
1567,0.0,0.0,3.0,15.0,3.0,0.0,0.0,0.0,0.0,0.0,14.0,16.0,1.0,0.0,0.0,0.0,0.0,8.0,16.0,6.0,0.0,8.0,5.0,0.0,0.0,12.0,14.0,0.0,5.0,16.0,8.0,0.0,0.0,12.0,15.0,14.0,16.0,13.0,0.0,0.0,0.0,1.0,11.0,14.0,16.0,5.0,0.0,0.0,0.0,0.0,4.0,15.0,10.0,0.0,0.0,0.0,0.0,0.0,4.0,16.0,5.0,0.0,0.0,0.0,4
621,0.0,0.0,2.0,11.0,13.0,4.0,0.0,0.0,0.0,1.0,13.0,7.0,8.0,15.0,0.0,0.0,0.0,6.0,11.0,0.0,5.0,13.0,0.0,0.0,0.0,9.0,7.0,2.0,14.0,14.0,0.0,0.0,0.0,3.0,14.0,15.0,8.0,15.0,1.0,0.0,0.0,0.0,0.0,0.0,0.0,11.0,5.0,0.0,0.0,0.0,11.0,7.0,0.0,10.0,7.0,0.0,0.0,0.0,4.0,10.0,15.0,15.0,3.0,0.0,9
1313,0.0,0.0,2.0,16.0,5.0,0.0,0.0,0.0,0.0,0.0,6.0,16.0,2.0,0.0,0.0,0.0,0.0,0.0,9.0,13.0,0.0,0.0,0.0,0.0,0.0,0.0,11.0,13.0,12.0,11.0,2.0,0.0,0.0,0.0,14.0,16.0,14.0,10.0,14.0,0.0,0.0,0.0,13.0,7.0,3.0,0.0,14.0,6.0,0.0,0.0,10.0,14.0,4.0,8.0,16.0,7.0,0.0,0.0,2.0,14.0,16.0,15.0,8.0,0.0,6
347,0.0,2.0,10.0,14.0,11.0,1.0,0.0,0.0,0.0,7.0,15.0,8.0,16.0,4.0,0.0,0.0,0.0,1.0,1.0,6.0,15.0,1.0,0.0,0.0,0.0,0.0,0.0,15.0,9.0,0.0,0.0,0.0,0.0,0.0,1.0,16.0,15.0,9.0,1.0,0.0,0.0,0.0,0.0,1.0,6.0,15.0,8.0,0.0,0.0,2.0,8.0,4.0,6.0,15.0,7.0,0.0,0.0,2.0,13.0,16.0,15.0,9.0,0.0,0.0,3
944,0.0,0.0,7.0,13.0,10.0,1.0,0.0,0.0,0.0,1.0,15.0,3.0,9.0,10.0,0.0,0.0,0.0,3.0,16.0,4.0,13.0,11.0,0.0,0.0,0.0,0.0,6.0,12.0,12.0,16.0,0.0,0.0,0.0,0.0,0.0,0.0,0.0,12.0,5.0,0.0,0.0,0.0,0.0,0.0,0.0,5.0,11.0,0.0,0.0,1.0,11.0,2.0,0.0,7.0,11.0,0.0,0.0,0.0,7.0,13.0,16.0,15.0,4.0,0.0,9
764,0.0,0.0,4.0,15.0,16.0,11.0,0.0,0.0,0.0,0.0,7.0,9.0,9.0,16.0,0.0,0.0,0.0,0.0,0.0,0.0,4.0,13.0,0.0,0.0,0.0,0.0,1.0,9.0,15.0,16.0,10.0,0.0,0.0,0.0,13.0,15.0,16.0,8.0,2.0,0.0,0.0,0.0,3.0,7.0,13.0,0.0,0.0,0.0,0.0,0.0,1.0,13.0,4.0,0.0,0.0,0.0,0.0,0.0,6.0,11.0,0.0,0.0,0.0,0.0,7
1320,0.0,0.0,8.0,16.0,16.0,9.0,0.0,0.0,0.0,1.0,16.0,15.0,11.0,8.0,0.0,0.0,0.0,1.0,14.0,10.0,0.0,0.0,0.0,0.0,0.0,7.0,16.0,10.0,6.0,0.0,0.0,0.0,0.0,2.0,12.0,16.0,16.0,10.0,0.0,0.0,0.0,0.0,0.0,1.0,7.0,15.0,0.0,0.0,0.0,0.0,11.0,5.0,13.0,13.0,0.0,0.0,0.0,0.0,11.0,16.0,16.0,6.0,0.0,0.0,5
263,0.0,0.0,6.0,16.0,16.0,16.0,16.0,10.0,0.0,0.0,6.0,10.0,8.0,14.0,16.0,3.0,0.0,0.0,0.0,0.0,4.0,16.0,8.0,0.0,0.0,0.0,2.0,10.0,14.0,15.0,6.0,0.0,0.0,0.0,6.0,16.0,16.0,16.0,7.0,0.0,0.0,0.0,0.0,15.0,9.0,0.0,0.0,0.0,0.0,0.0,6.0,16.0,6.0,0.0,0.0,0.0,0.0,0.0,10.0,13.0,1.0,0.0,0.0,0.0,7
75,0.0,0.0,0.0,0.0,9.0,13.0,0.0,0.0,0.0,0.0,0.0,2.0,16.0,16.0,1.0,0.0,0.0,0.0,0.0,5.0,9.0,15.0,0.0,0.0,0.0,0.0,0.0,0.0,5.0,14.0,0.0,0.0,0.0,0.0,0.0,3.0,15.0,7.0,0.0,0.0,0.0,7.0,16.0,16.0,11.0,0.0,0.0,0.0,0.0,0.0,11.0,14.0,16.0,7.0,3.0,0.0,0.0,0.0,0.0,0.0,9.0,15.0,9.0,0.0,2
827,0.0,3.0,15.0,15.0,2.0,0.0,0.0,0.0,0.0,7.0,16.0,16.0,6.0,0.0,0.0,0.0,0.0,1.0,9.0,16.0,6.0,0.0,0.0,0.0,0.0,0.0,6.0,16.0,1.0,0.0,0.0,0.0,0.0,0.0,10.0,12.0,0.0,0.0,0.0,0.0,0.0,3.0,15.0,8.0,0.0,0.0,0.0,0.0,0.0,8.0,16.0,13.0,15.0,15.0,5.0,0.0,0.0,4.0,16.0,16.0,16.0,13.0,3.0,0.0,2
872,0.0,0.0,2.0,13.0,15.0,1.0,0.0,0.0,0.0,1.0,14.0,13.0,15.0,4.0,0.0,0.0,0.0,5.0,14.0,2.0,15.0,0.0,0.0,0.0,0.0,6.0,14.0,8.0,13.0,0.0,0.0,0.0,0.0,0.0,7.0,16.0,12.0,1.0,0.0,0.0,0.0,0.0,1.0,15.0,10.0,13.0,1.0,0.0,0.0,0.0,4.0,13.0,4.0,13.0,6.0,0.0,0.0,0.0,0.0,11.0,16.0,14.0,1.0,0.0,8
1455,0.0,0.0,2.0,11.0,13.0,5.0,0.0,0.0,0.0,0.0,16.0,10.0,13.0,16.0,7.0,0.0,0.0,0.0,14.0,10.0,0.0,10.0,11.0,0.0,0.0,0.0,4.0,14.0,16.0,13.0,1.0,0.0,0.0,0.0,0.0,11.0,13.0,12.0,1.0,0.0,0.0,0.0,8.0,10.0,2.0,14.0,3.0,0.0,0.0,0.0,10.0,10.0,3.0,15.0,1.0,0.0,0.0,0.0,2.0,15.0,16.0,6.0,0.0,0.0,8
798,0.0,3.0,16.0,15.0,6.0,0.0,0.0,0.0,0.0,5.0,14.0,14.0,16.0,0.0,0.0,0.0,0.0,0.0,0.0,6.0,14.0,0.0,0.0,0.0,0.0,0.0,0.0,13.0,11.0,0.0,0.0,0.0,0.0,0.0,5.0,16.0,3.0,0.0,0.0,0.0,0.0,1.0,14.0,10.0,0.0,0.0,0.0,0.0,0.0,9.0,16.0,8.0,8.0,10.0,5.0,0.0,0.0,4.0,16.0,16.0,16.0,14.0,3.0,0.0,2
1143,0.0,0.0,7.0,16.0,13.0,2.0,0.0,0.0,0.0,0.0,14.0,15.0,13.0,9.0,0.0,0.0,0.0,0.0,14.0,8.0,9.0,10.0,0.0,0.0,0.0,0.0,1.0,2.0,9.0,12.0,0.0,0.0,0.0,0.0,0.0,0.0,13.0,8.0,0.0,0.0,0.0,0.0,0.0,5.0,16.0,4.0,0.0,0.0,0.0,0.0,6.0,15.0,16.0,5.0,5.0,5.0,0.0,0.0,6.0,16.0,16.0,16.0,16.0,13.0,2
571,0.0,0.0,0.0,7.0,13.0,9.0,1.0,0.0,0.0,0.0,7.0,15.0,8.0,15.0,5.0,0.0,0.0,1.0,15.0,2.0,0.0,10.0,8.0,0.0,0.0,4.0,12.0,0.0,0.0,12.0,7.0,0.0,0.0,5.0,9.0,0.0,0.0,14.0,3.0,0.0,0.0,4.0,14.0,0.0,0.0,11.0,0.0,0.0,0.0,1.0,16.0,8.0,8.0,11.0,0.0,0.0,0.0,0.0,2.0,11.0,14.0,5.0,0.0,0.0,0
1047,0.0,0.0,14.0,16.0,8.0,0.0,0.0,0.0,0.0,0.0,16.0,4.0,13.0,8.0,8.0,0.0,0.0,0.0,12.0,7.0,12.0,14.0,5.0,0.0,0.0,0.0,4.0,15.0,16.0,5.0,0.0,0.0,0.0,0.0,0.0,14.0,14.0,0.0,0.0,0.0,0.0,0.0,8.0,10.0,11.0,2.0,0.0,0.0,0.0,0.0,13.0,0.0,12.0,3.0,0.0,0.0,0.0,0.0,14.0,15.0,12.0,1.0,0.0,0.0,8
1591,0.0,0.0,0.0,16.0,12.0,1.0,0.0,0.0,0.0,0.0,6.0,16.0,14.0,7.0,0.0,0.0,0.0,0.0,14.0,15.0,1.0,11.0,0.0,0.0,0.0,0.0,16.0,15.0,0.0,14.0,1.0,0.0,0.0,1.0,16.0,10.0,0.0,14.0,2.0,0.0,0.0,0.0,15.0,13.0,3.0,15.0,3.0,0.0,0.0,0.0,9.0,16.0,16.0,15.0,0.0,0.0,0.0,0.0,0.0,13.0,16.0,8.0,0.0,0.0,0
1451,0.0,0.0,2.0,15.0,5.0,0.0,0.0,0.0,0.0,0.0,11.0,16.0,16.0,6.0,0.0,0.0,0.0,3.0,14.0,3.0,7.0,16.0,3.0,0.0,0.0,7.0,8.0,0.0,0.0,8.0,8.0,0.0,0.0,5.0,8.0,0.0,0.0,4.0,8.0,0.0,0.0,4.0,12.0,0.0,0.0,8.0,8.0,0.0,0.0,0.0,14.0,9.0,8.0,16.0,2.0,0.0,0.0,0.0,3.0,14.0,15.0,6.0,0.0,0.0,0
630,0.0,0.0,0.0,7.0,12.0,13.0,1.0,0.0,0.0,0.0,8.0,11.0,1.0,10.0,8.0,0.0,0.0,0.0,12.0,2.0,1.0,11.0,7.0,0.0,0.0,0.0,10.0,10.0,14.0,8.0,0.0,0.0,0.0,1.0,7.0,16.0,9.0,0.0,0.0,0.0,0.0,7.0,16.0,7.0,14.0,3.0,0.0,0.0,0.0,0.0,7.0,13.0,5.0,14.0,0.0,0.0,0.0,0.0,0.0,6.0,15.0,14.0,2.0,0.0,8
209,0.0,0.0,0.0,14.0,7.0,0.0,0.0,0.0,0.0,1.0,9.0,16.0,16.0,3.0,0.0,0.0,0.0,4.0,16.0,8.0,11.0,11.0,0.0,0.0,0.0,3.0,16.0,7.0,4.0,16.0,4.0,0.0,0.0,8.0,16.0,4.0,0.0,16.0,8.0,0.0,0.0,5.0,16.0,10.0,0.0,13.0,11.0,0.0,0.0,0.0,13.0,16.0,16.0,16.0,9.0,0.0,0.0,0.0,2.0,10.0,13.0,6.0,0.0,0.0,0
2,0.0,0.0,0.0,4.0,15.0,12.0,0.0,0.0,0.0,0.0,3.0,16.0,15.0,14.0,0.0,0.0,0.0,0.0,8.0,13.0,8.0,16.0,0.0,0.0,0.0,0.0,1.0,6.0,15.0,11.0,0.0,0.0,0.0,1.0,8.0,13.0,15.0,1.0,0.0,0.0,0.0,9.0,16.0,16.0,5.0,0.0,0.0,0.0,0.0,3.0,13.0,16.0,16.0,11.0,5.0,0.0,0.0,0.0,0.0,3.0,11.0,16.0,9.0,0.0,2
1499,0.0,5.0,16.0,13.0,1.0,0.0,0.0,0.0,0.0,9.0,14.0,14.0,4.0,0.0,0.0,0.0,0.0,9.0,7.0,12.0,4.0,0.0,0.0,0.0,0.0,0.0,0.0,13.0,4.0,0.0,0.0,0.0,0.0,0.0,2.0,16.0,1.0,0.0,0.0,0.0,0.0,0.0,7.0,13.0,0.0,0.0,0.0,0.0,0.0,1.0,15.0,16.0,16.0,16.0,11.0,0.0,0.0,5.0,16.0,14.0,10.0,8.0,6.0,0.0,2
903,0.0,0.0,0.0,10.0,13.0,5.0,0.0,0.0,0.0,3.0,14.0,16.0,12.0,15.0,0.0,0.0,0.0,10.0,16.0,8.0,11.0,16.0,0.0,0.0,0.0,8.0,14.0,5.0,14.0,9.0,0.0,0.0,0.0,0.0,7.0,14.0,16.0,5.0,0.0,0.0,0.0,0.0,0.0,11.0,16.0,16.0,1.0,0.0,0.0,0.0,0.0,14.0,16.0,16.0,4.0,0.0,0.0,0.0,0.0,11.0,16.0,11.0,0.0,0.0,8
237,0.0,0.0,13.0,16.0,12.0,7.0,0.0,0.0,0.0,4.0,16.0,15.0,12.0,12.0,3.0,0.0,0.0,4.0,16.0,5.0,0.0,0.0,0.0,0.0,0.0,3.0,16.0,9.0,0.0,0.0,0.0,0.0,0.0,0.0,15.0,16.0,2.0,0.0,0.0,0.0,0.0,0.0,4.0,16.0,14.0,0.0,0.0,0.0,0.0,1.0,9.0,14.0,16.0,0.0,0.0,0.0,0.0,1.0,13.0,16.0,10.0,0.0,0.0,0.0,5
1070,0.0,0.0,0.0,3.0,16.0,5.0,0.0,0.0,0.0,0.0,3.0,14.0,10.0,0.0,9.0,11.0,0.0,1.0,13.0,11.0,0.0,2.0,15.0,8.0,0.0,7.0,16.0,9.0,11.0,16.0,15.0,1.0,0.0,6.0,15.0,13.0,12.0,16.0,9.0,0.0,0.0,0.0,0.0,0.0,8.0,15.0,2.0,0.0,0.0,0.0,0.0,1.0,15.0,7.0,0.0,0.0,0.0,0.0,0.0,5.0,15.0,2.0,0.0,0.0,4
1632,0.0,0.0,6.0,15.0,15.0,4.0,0.0,0.0,0.0,6.0,16.0,16.0,16.0,14.0,0.0,0.0,0.0,7.0,16.0,14.0,16.0,13.0,0.0,0.0,0.0,0.0,3.0,7.0,16.0,6.0,0.0,0.0,0.0,0.0,0.0,2.0,16.0,9.0,0.0,0.0,0.0,0.0,0.0,0.0,14.0,15.0,0.0,0.0,0.0,0.0,7.0,10.0,16.0,14.0,0.0,0.0,0.0,0.0,7.0,15.0,15.0,4.0,0.0,0.0,3
368,0.0,0.0,2.0,13.0,16.0,13.0,0.0,0.0,0.0,0.0,14.0,15.0,14.0,16.0,0.0,0.0,0.0,0.0,5.0,0.0,10.0,15.0,0.0,0.0,0.0,0.0,0.0,0.0,13.0,13.0,0.0,0.0,0.0,0.0,7.0,14.0,16.0,16.0,7.0,0.0,0.0,0.0,14.0,16.0,14.0,10.0,3.0,0.0,0.0,0.0,3.0,15.0,5.0,0.0,0.0,0.0,0.0,0.0,4.0,15.0,0.0,0.0,0.0,0.0,7
490,0.0,0.0,0.0,6.0,14.0,1.0,0.0,0.0,0.0,0.0,1.0,16.0,10.0,0.0,0.0,0.0,0.0,0.0,13.0,14.0,1.0,0.0,0.0,0.0,0.0,2.0,16.0,12.0,10.0,3.0,0.0,0.0,0.0,5.0,16.0,15.0,14.0,16.0,1.0,0.0,0.0,3.0,16.0,12.0,0.0,15.0,8.0,0.0,0.0,0.0,11.0,16.0,9.0,16.0,8.0,0.0,0.0,0.0,0.0,11.0,15.0,11.0,1.0,0.0,6
723,0.0,0.0,4.0,14.0,16.0,5.0,0.0,0.0,0.0,4.0,16.0,16.0,16.0,8.0,0.0,0.0,0.0,10.0,15.0,9.0,16.0,4.0,0.0,0.0,0.0,1.0,2.0,13.0,14.0,0.0,0.0,0.0,0.0,0.0,2.0,16.0,6.0,0.0,0.0,0.0,0.0,0.0,7.0,16.0,0.0,5.0,7.0,0.0,0.0,0.0,8.0,16.0,13.0,16.0,6.0,0.0,0.0,0.0,2.0,15.0,16.0,6.0,0.0,0.0,2
1663,0.0,0.0,1.0,13.0,15.0,8.0,0.0,0.0,0.0,0.0,11.0,14.0,8.0,15.0,0.0,0.0,0.0,2.0,16.0,3.0,0.0,13.0,2.0,0.0,0.0,5.0,15.0,0.0,0.0,10.0,5.0,0.0,0.0,3.0,10.0,0.0,0.0,10.0,5.0,0.0,0.0,3.0,13.0,0.0,1.0,15.0,3.0,0.0,0.0,0.0,12.0,10.0,11.0,11.0,0.0,0.0,0.0,0.0,1.0,12.0,11.0,4.0,0.0,0.0,0
317,0.0,0.0,5.0,16.0,16.0,16.0,16.0,11.0,0.0,0.0,6.0,9.0,5.0,5.0,15.0,8.0,0.0,0.0,0.0,0.0,0.0,9.0,11.0,1.0,0.0,0.0,0.0,3.0,6.0,16.0,3.0,0.0,0.0,0.0,5.0,16.0,16.0,16.0,7.0,0.0,0.0,0.0,4.0,8.0,16.0,4.0,1.0,0.0,0.0,0.0,1.0,13.0,10.0,0.0,0.0,0.0,0.0,0.0,3.0,16.0,2.0,0.0,0.0,0.0,7
371,0.0,3.0,15.0,16.0,13.0,1.0,0.0,0.0,0.0,10.0,13.0,9.0,16.0,4.0,0.0,0.0,0.0,1.0,1.0,0.0,16.0,6.0,0.0,0.0,0.0,0.0,0.0,10.0,15.0,1.0,0.0,0.0,0.0,0.0,10.0,16.0,3.0,0.0,0.0,0.0,0.0,3.0,16.0,7.0,0.0,0.0,0.0,0.0,0.0,5.0,16.0,13.0,12.0,7.0,2.0,0.0,0.0,2.0,13.0,13.0,13.0,16.0,15.0,0.0,2
945,0.0,0.0,1.0,11.0,15.0,6.0,0.0,0.0,0.0,2.0,15.0,10.0,16.0,15.0,0.0,0.0,0.0,1.0,14.0,5.0,6.0,11.0,0.0,0.0,0.0,0.0,5.0,14.0,14.0,3.0,0.0,0.0,0.0,0.0,1.0,14.0,16.0,6.0,0.0,0.0,0.0,0.0,10.0,8.0,6.0,15.0,1.0,0.0,0.0,0.0,9.0,9.0,4.0,16.0,3.0,0.0,0.0,0.0,1.0,15.0,15.0,6.0,0.0,0.0,8
1629,0.0,0.0,0.0,8.0,10.0,0.0,0.0,0.0,0.0,0.0,3.0,15.0,5.0,0.0,0.0,0.0,0.0,0.0,7.0,13.0,0.0,0.0,0.0,0.0,0.0,0.0,7.0,14.0,5.0,1.0,0.0,0.0,0.0,0.0,6.0,16.0,16.0,16.0,3.0,0.0,0.0,0.0,6.0,16.0,7.0,13.0,8.0,0.0,0.0,0.0,2.0,15.0,7.0,15.0,7.0,0.0,0.0,0.0,0.0,7.0,15.0,12.0,0.0,0.0,6
1523,0.0,0.0,3.0,13.0,16.0,15.0,6.0,0.0,0.0,0.0,13.0,13.0,9.0,16.0,10.0,0.0,0.0,0.0,16.0,9.0,0.0,14.0,6.0,0.0,0.0,0.0,14.0,2.0,6.0,15.0,0.0,0.0,0.0,0.0,0.0,5.0,15.0,15.0,6.0,0.0,0.0,0.0,0.0,16.0,15.0,10.0,2.0,0.0,0.0,0.0,0.0,13.0,11.0,0.0,0.0,0.0,0.0,0.0,4.0,16.0,7.0,0.0,0.0,0.0,7
647,0.0,0.0,5.0,10.0,8.0,8.0,0.0,0.0,0.0,0.0,0.0,16.0,16.0,15.0,2.0,0.0,0.0,0.0,7.0,16.0,16.0,13.0,0.0,0.0,0.0,0.0,10.0,16.0,16.0,4.0,0.0,0.0,0.0,0.0,9.0,16.0,16.0,0.0,0.0,0.0,0.0,0.0,10.0,16.0,16.0,0.0,0.0,0.0,0.0,0.0,8.0,16.0,15.0,0.0,0.0,0.0,0.0,0.0,2.0,11.0,9.0,0.0,0.0,0.0,1
1432,0.0,0.0,1.0,9.0,16.0,16.0,16.0,1.0,0.0,0.0,8.0,15.0,10.0,14.0,13.0,0.0,0.0,0.0,14.0,6.0,0.0,14.0,6.0,0.0,0.0,0.0,6.0,2.0,6.0,16.0,3.0,0.0,0.0,0.0,0.0,12.0,16.0,16.0,10.0,0.0,0.0,0.0,0.0,6.0,16.0,8.0,0.0,0.0,0.0,0.0,0.0,7.0,13.0,0.0,0.0,0.0,0.0,0.0,0.0,14.0,6.0,0.0,0.0,0.0,7
561,0.0,0.0,1.0,10.0,15.0,10.0,0.0,0.0,0.0,1.0,13.0,11.0,8.0,12.0,0.0,0.0,0.0,2.0,9.0,0.0,13.0,6.0,0.0,0.0,0.0,0.0,0.0,0.0,16.0,1.0,0.0,0.0,0.0,0.0,0.0,0.0,14.0,10.0,1.0,0.0,0.0,0.0,0.0,0.0,1.0,9.0,10.0,0.0,0.0,0.0,13.0,7.0,0.0,2.0,16.0,0.0,0.0,0.0,2.0,11.0,15.0,16.0,12.0,0.0,3
825,0.0,0.0,2.0,13.0,15.0,7.0,1.0,0.0,0.0,0.0,7.0,16.0,15.0,16.0,10.0,0.0,0.0,0.0,14.0,16.0,10.0,10.0,10.0,0.0,0.0,2.0,16.0,3.0,0.0,8.0,8.0,0.0,0.0,5.0,13.0,0.0,0.0,9.0,8.0,0.0,0.0,6.0,13.0,0.0,0.0,12.0,3.0,0.0,0.0,2.0,16.0,6.0,9.0,10.0,0.0,0.0,0.0,0.0,3.0,14.0,14.0,1.0,0.0,0.0,0
257,0.0,0.0,0.0,13.0,15.0,8.0,0.0,0.0,0.0,0.0,1.0,16.0,16.0,10.0,0.0,0.0,0.0,0.0,1.0,16.0,16.0,8.0,0.0,0.0,0.0,0.0,4.0,16.0,16.0,2.0,0.0,0.0,0.0,0.0,11.0,16.0,14.0,0.0,0.0,0.0,0.0,2.0,16.0,16.0,10.0,0.0,0.0,0.0,0.0,0.0,13.0,16.0,15.0,2.0,0.0,0.0,0.0,0.0,1.0,13.0,16.0,4.0,0.0,0.0,1
54,0.0,0.0,0.0,1.0,14.0,14.0,3.0,0.0,0.0,0.0,0.0,10.0,11.0,13.0,8.0,0.0,0.0,0.0,0.0,7.0,0.0,13.0,8.0,0.0,0.0,0.0,0.0,0.0,7.0,15.0,1.0,0.0,0.0,4.0,8.0,12.0,15.0,4.0,0.0,0.0,0.0,6.0,16.0,16.0,6.0,0.0,0.0,0.0,0.0,0.0,2.0,12.0,12.0,4.0,2.0,0.0,0.0,0.0,0.0,1.0,13.0,16.0,5.0,0.0,2
736,0.0,1.0,11.0,16.0,15.0,12.0,3.0,0.0,0.0,1.0,13.0,16.0,16.0,12.0,0.0,0.0,0.0,2.0,16.0,16.0,16.0,8.0,0.0,0.0,0.0,0.0,16.0,16.0,16.0,2.0,0.0,0.0,0.0,8.0,16.0,16.0,14.0,0.0,0.0,0.0,0.0,7.0,16.0,16.0,9.0,0.0,0.0,0.0,0.0,1.0,13.0,16.0,13.0,1.0,0.0,0.0,0.0,0.0,8.0,16.0,12.0,0.0,0.0,0.0,1
608,0.0,0.0,5.0,11.0,13.0,6.0,0.0,0.0,0.0,4.0,15.0,8.0,7.0,16.0,3.0,0.0,0.0,8.0,7.0,0.0,4.0,16.0,1.0,0.0,0.0,4.0,11.0,1.0,10.0,16.0,4.0,0.0,0.0,2.0,15.0,15.0,8.0,16.0,4.0,0.0,0.0,0.0,0.0,0.0,0.0,13.0,6.0,0.0,0.0,1.0,16.0,9.0,0.0,12.0,5.0,0.0,0.0,0.0,4.0,11.0,16.0,16.0,2.0,0.0,9
853,0.0,4.0,16.0,15.0,1.0,0.0,0.0,0.0,0.0,6.0,14.0,16.0,4.0,0.0,0.0,0.0,0.0,0.0,0.0,16.0,8.0,0.0,0.0,0.0,0.0,0.0,3.0,16.0,6.0,0.0,0.0,0.0,0.0,0.0,6.0,16.0,1.0,0.0,0.0,0.0,0.0,0.0,13.0,11.0,0.0,0.0,0.0,0.0,0.0,3.0,16.0,16.0,12.0,10.0,5.0,0.0,0.0,3.0,16.0,16.0,16.0,16.0,8.0,0.0,2
1362,0.0,1.0,13.0,16.0,9.0,0.0,0.0,0.0,0.0,8.0,15.0,8.0,15.0,5.0,0.0,0.0,0.0,11.0,9.0,0.0,12.0,8.0,0.0,0.0,0.0,0.0,0.0,0.0,11.0,8.0,0.0,0.0,0.0,0.0,0.0,2.0,16.0,3.0,0.0,0.0,0.0,0.0,0.0,6.0,15.0,1.0,0.0,0.0,0.0,0.0,7.0,16.0,16.0,16.0,10.0,1.0,0.0,1.0,16.0,14.0,10.0,8.0,11.0,1.0,2
610,0.0,0.0,4.0,15.0,16.0,12.0,0.0,0.0,0.0,0.0,6.0,9.0,12.0,10.0,0.0,0.0,0.0,0.0,0.0,0.0,10.0,9.0,0.0,0.0,0.0,0.0,2.0,4.0,15.0,10.0,4.0,0.0,0.0,2.0,15.0,16.0,16.0,15.0,7.0,0.0,0.0,0.0,8.0,13.0,9.0,0.0,0.0,0.0,0.0,0.0,1.0,16.0,4.0,0.0,0.0,0.0,0.0,0.0,6.0,13.0,0.0,0.0,0.0,0.0,7
510,0.0,0.0,0.0,5.0,11.0,0.0,0.0,0.0,0.0,0.0,0.0,10.0,13.0,0.0,0.0,0.0,0.0,0.0,0.0,16.0,16.0,6.0,0.0,0.0,0.0,0.0,9.0,12.0,16.0,5.0,0.0,0.0,0.0,2.0,16.0,4.0,16.0,7.0,0.0,0.0,0.0,9.0,16.0,14.0,16.0,16.0,3.0,0.0,0.0,3.0,8.0,11.0,16.0,8.0,1.0,0.0,0.0,0.0,0.0,5.0,13.0,0.0,0.0,0.0,4
1289,0.0,0.0,2.0,12.0,16.0,10.0,0.0,0.0,0.0,2.0,15.0,10.0,6.0,15.0,0.0,0.0,0.0,2.0,7.0,1.0,4.0,14.0,0.0,0.0,0.0,0.0,0.0,0.0,9.0,10.0,0.0,0.0,0.0,0.0,0.0,0.0,12.0,3.0,0.0,0.0,0.0,0.0,0.0,8.0,14.0,0.0,0.0,0.0,0.0,0.0,15.0,16.0,15.0,10.0,5.0,0.0,0.0,0.0,1.0,8.0,8.0,11.0,16.0,6.0,2
1718,0.0,5.0,15.0,16.0,6.0,0.0,0.0,0.0,0.0,11.0,16.0,16.0,11.0,0.0,0.0,0.0,0.0,6.0,10.0,11.0,14.0,0.0,0.0,0.0,0.0,0.0,0.0,7.0,15.0,0.0,0.0,0.0,0.0,0.0,0.0,11.0,11.0,0.0,0.0,0.0,0.0,0.0,3.0,16.0,6.0,0.0,0.0,0.0,0.0,0.0,13.0,16.0,15.0,12.0,11.0,0.0,0.0,6.0,16.0,16.0,16.0,13.0,3.0,0.0,2
412,0.0,0.0,1.0,11.0,14.0,6.0,0.0,0.0,0.0,0.0,4.0,16.0,14.0,4.0,0.0,0.0,0.0,0.0,12.0,16.0,2.0,0.0,0.0,0.0,0.0,2.0,16.0,16.0,12.0,5.0,0.0,0.0,0.0,7.0,16.0,16.0,16.0,16.0,3.0,0.0,0.0,3.0,15.0,5.0,0.0,15.0,13.0,0.0,0.0,0.0,11.0,16.0,14.0,16.0,10.0,0.0,0.0,0.0,0.0,12.0,13.0,9.0,1.0,0.0,6
6,0.0,0.0,0.0,12.0,13.0,0.0,0.0,0.0,0.0,0.0,5.0,16.0,8.0,0.0,0.0,0.0,0.0,0.0,13.0,16.0,3.0,0.0,0.0,0.0,0.0,0.0,14.0,13.0,0.0,0.0,0.0,0.0,0.0,0.0,15.0,12.0,7.0,2.0,0.0,0.0,0.0,0.0,13.0,16.0,13.0,16.0,3.0,0.0,0.0,0.0,7.0,16.0,11.0,15.0,8.0,0.0,0.0,0.0,1.0,9.0,15.0,11.0,3.0,0.0,6
834,0.0,0.0,0.0,13.0,13.0,3.0,0.0,0.0,0.0,0.0,4.0,16.0,8.0,0.0,0.0,0.0,0.0,0.0,9.0,16.0,1.0,0.0,0.0,0.0,0.0,0.0,13.0,16.0,5.0,0.0,0.0,0.0,0.0,2.0,16.0,16.0,14.0,8.0,1.0,0.0,0.0,4.0,16.0,16.0,6.0,16.0,9.0,0.0,0.0,0.0,8.0,16.0,11.0,16.0,10.0,0.0,0.0,0.0,1.0,14.0,16.0,13.0,1.0,0.0,6
1049,0.0,0.0,3.0,12.0,7.0,0.0,0.0,0.0,0.0,0.0,14.0,12.0,12.0,4.0,0.0,0.0,0.0,2.0,14.0,0.0,1.0,13.0,0.0,0.0,0.0,1.0,12.0,0.0,0.0,7.0,5.0,0.0,0.0,2.0,13.0,0.0,0.0,2.0,10.0,0.0,0.0,0.0,15.0,3.0,0.0,3.0,14.0,0.0,0.0,0.0,7.0,12.0,8.0,11.0,12.0,0.0,0.0,0.0,2.0,11.0,16.0,11.0,2.0,0.0,0
107,0.0,0.0,0.0,0.0,6.0,10.0,0.0,0.0,0.0,0.0,0.0,0.0,14.0,15.0,0.0,0.0,0.0,0.0,0.0,10.0,16.0,16.0,0.0,0.0,0.0,0.0,7.0,16.0,16.0,15.0,0.0,0.0,0.0,3.0,15.0,7.0,15.0,10.0,0.0,0.0,0.0,0.0,0.0,0.0,13.0,11.0,0.0,0.0,0.0,0.0,0.0,0.0,15.0,9.0,0.0,0.0,0.0,0.0,0.0,0.0,8.0,15.0,0.0,0.0,1
1444,0.0,0.0,8.0,13.0,14.0,5.0,0.0,0.0,0.0,5.0,13.0,4.0,11.0,9.0,0.0,0.0,0.0,4.0,13.0,1.0,12.0,14.0,0.0,0.0,0.0,0.0,8.0,14.0,11.0,12.0,4.0,0.0,0.0,0.0,0.0,0.0,0.0,7.0,8.0,0.0,0.0,0.0,0.0,0.0,0.0,4.0,8.0,0.0,0.0,0.0,2.0,2.0,0.0,11.0,7.0,0.0,0.0,0.0,8.0,16.0,16.0,13.0,2.0,0.0,9
516,0.0,0.0,6.0,15.0,13.0,2.0,0.0,0.0,0.0,1.0,15.0,10.0,11.0,14.0,0.0,0.0,0.0,2.0,16.0,3.0,1.0,16.0,4.0,0.0,0.0,4.0,12.0,0.0,1.0,14.0,4.0,0.0,0.0,4.0,10.0,0.0,0.0,15.0,3.0,0.0,0.0,4.0,12.0,0.0,0.0,15.0,3.0,0.0,0.0,1.0,13.0,9.0,11.0,16.0,2.0,0.0,0.0,0.0,4.0,12.0,14.0,5.0,0.0,0.0,0
993,0.0,0.0,3.0,13.0,13.0,3.0,0.0,0.0,0.0,0.0,12.0,7.0,3.0,13.0,0.0,0.0,0.0,0.0,16.0,0.0,5.0,12.0,0.0,0.0,0.0,0.0,10.0,13.0,14.0,16.0,2.0,0.0,0.0,0.0,1.0,7.0,6.0,13.0,4.0,0.0,0.0,1.0,4.0,0.0,0.0,5.0,11.0,0.0,0.0,2.0,14.0,6.0,2.0,9.0,11.0,0.0,0.0,0.0,4.0,10.0,16.0,16.0,4.0,0.0,9
324,0.0,0.0,4.0,16.0,6.0,0.0,0.0,0.0,0.0,0.0,12.0,15.0,1.0,0.0,0.0,0.0,0.0,1.0,16.0,11.0,0.0,0.0,0.0,0.0,0.0,8.0,16.0,3.0,0.0,7.0,4.0,0.0,0.0,12.0,16.0,6.0,11.0,16.0,7.0,0.0,0.0,7.0,16.0,16.0,15.0,3.0,0.0,0.0,0.0,0.0,4.0,16.0,10.0,0.0,0.0,0.0,0.0,0.0,4.0,16.0,6.0,0.0,0.0,0.0,4
286,0.0,0.0,2.0,12.0,15.0,12.0,1.0,0.0,0.0,1.0,14.0,14.0,14.0,11.0,8.0,0.0,0.0,5.0,16.0,3.0,0.0,2.0,8.0,0.0,0.0,8.0,14.0,0.0,0.0,6.0,8.0,0.0,0.0,4.0,12.0,0.0,0.0,9.0,4.0,0.0,0.0,1.0,16.0,1.0,1.0,14.0,1.0,0.0,0.0,0.0,11.0,9.0,11.0,8.0,0.0,0.0,0.0,0.0,2.0,13.0,14.0,1.0,0.0,0.0,0
940,0.0,3.0,12.0,12.0,14.0,4.0,0.0,0.0,0.0,1.0,13.0,4.0,4.0,0.0,0.0,0.0,0.0,4.0,14.0,4.0,3.0,0.0,0.0,0.0,0.0,5.0,13.0,12.0,14.0,10.0,0.0,0.0,0.0,0.0,0.0,0.0,0.0,11.0,6.0,0.0,0.0,0.0,0.0,0.0,0.0,4.0,8.0,0.0,0.0,0.0,6.0,2.0,0.0,8.0,8.0,0.0,0.0,2.0,13.0,16.0,16.0,16.0,2.0,0.0,5
413,0.0,0.0,2.0,10.0,10.0,12.0,15.0,10.0,0.0,0.0,9.0,16.0,12.0,8.0,15.0,6.0,0.0,0.0,13.0,9.0,0.0,4.0,12.0,1.0,0.0,1.0,16.0,3.0,1.0,13.0,2.0,0.0,0.0,0.0,5.0,0.0,9.0,7.0,0.0,0.0,0.0,0.0,0.0,3.0,13.0,1.0,0.0,0.0,0.0,0.0,0.0,12.0,7.0,0.0,0.0,0.0,0.0,0.0,0.0,14.0,2.0,0.0,0.0,0.0,7
63,0.0,3.0,16.0,16.0,14.0,7.0,1.0,0.0,0.0,1.0,9.0,9.0,15.0,16.0,4.0,0.0,0.0,0.0,0.0,7.0,16.0,12.0,1.0,0.0,0.0,0.0,0.0,9.0,16.0,2.0,0.0,0.0,0.0,0.0,0.0,3.0,15.0,7.0,0.0,0.0,0.0,0.0,0.0,0.0,9.0,15.0,0.0,0.0,0.0,1.0,10.0,10.0,16.0,16.0,3.0,0.0,0.0,2.0,13.0,16.0,12.0,5.0,0.0,0.0,3
1416,0.0,0.0,0.0,3.0,15.0,16.0,1.0,0.0,0.0,0.0,7.0,15.0,16.0,14.0,0.0,0.0,0.0,4.0,16.0,16.0,15.0,13.0,0.0,0.0,0.0,0.0,8.0,2.0,15.0,13.0,0.0,0.0,0.0,0.0,0.0,0.0,16.0,15.0,0.0,0.0,0.0,0.0,0.0,0.0,16.0,12.0,0.0,0.0,0.0,0.0,0.0,1.0,16.0,16.0,2.0,0.0,0.0,0.0,0.0,3.0,15.0,13.0,1.0,0.0,1
1592,0.0,0.0,9.0,13.0,11.0,1.0,0.0,0.0,0.0,0.0,6.0,4.0,9.0,14.0,1.0,0.0,0.0,0.0,1.0,5.0,0.0,11.0,4.0,0.0,0.0,0.0,13.0,14.0,0.0,7.0,5.0,0.0,0.0,3.0,14.0,1.0,0.0,10.0,4.0,0.0,0.0,3.0,14.0,0.0,2.0,15.0,1.0,0.0,0.0,2.0,13.0,8.0,12.0,11.0,0.0,0.0,0.0,0.0,8.0,14.0,10.0,1.0,0.0,0.0,0
273,0.0,0.0,4.0,12.0,16.0,10.0,0.0,0.0,0.0,0.0,15.0,12.0,12.0,11.0,0.0,0.0,0.0,0.0,1.0,0.0,9.0,7.0,0.0,0.0,0.0,0.0,4.0,7.0,15.0,13.0,7.0,0.0,0.0,6.0,16.0,16.0,15.0,10.0,3.0,0.0,0.0,1.0,4.0,12.0,7.0,0.0,0.0,0.0,0.0,0.0,2.0,16.0,2.0,0.0,0.0,0.0,0.0,0.0,6.0,12.0,0.0,0.0,0.0,0.0,7
1703,0.0,0.0,4.0,14.0,11.0,3.0,0.0,0.0,0.0,0.0,10.0,16.0,12.0,14.0,1.0,0.0,0.0,1.0,14.0,12.0,0.0,13.0,3.0,0.0,0.0,5.0,16.0,6.0,0.0,8.0,6.0,0.0,0.0,8.0,16.0,0.0,0.0,9.0,8.0,0.0,0.0,7.0,16.0,3.0,7.0,16.0,5.0,0.0,0.0,3.0,15.0,13.0,16.0,15.0,2.0,0.0,0.0,0.0,4.0,15.0,12.0,2.0,0.0,0.0,0
870,0.0,0.0,6.0,16.0,15.0,2.0,0.0,0.0,0.0,0.0,7.0,13.0,16.0,4.0,0.0,0.0,0.0,0.0,0.0,1.0,16.0,3.0,0.0,0.0,0.0,0.0,1.0,10.0,16.0,6.0,1.0,0.0,0.0,0.0,9.0,16.0,16.0,16.0,8.0,0.0,0.0,0.0,1.0,16.0,8.0,4.0,0.0,0.0,0.0,0.0,5.0,13.0,0.0,0.0,0.0,0.0,0.0,0.0,11.0,7.0,0.0,0.0,0.0,0.0,7
1058,0.0,0.0,9.0,13.0,6.0,0.0,0.0,0.0,0.0,0.0,14.0,7.0,11.0,3.0,0.0,0.0,0.0,4.0,7.0,8.0,5.0,8.0,0.0,0.0,0.0,8.0,10.0,15.0,14.0,9.0,0.0,0.0,0.0,0.0,4.0,7.0,9.0,13.0,1.0,0.0,0.0,0.0,0.0,0.0,0.0,5.0,11.0,0.0,0.0,0.0,2.0,0.0,2.0,12.0,6.0,0.0,0.0,0.0,10.0,14.0,14.0,7.0,0.0,0.0,9
637,0.0,0.0,3.0,15.0,2.0,0.0,0.0,0.0,0.0,0.0,12.0,12.0,1.0,7.0,0.0,0.0,0.0,2.0,16.0,4.0,9.0,13.0,0.0,0.0,0.0,8.0,11.0,6.0,16.0,1.0,2.0,0.0,0.0,12.0,10.0,12.0,14.0,12.0,11.0,0.0,0.0,11.0,16.0,16.0,14.0,7.0,1.0,0.0,0.0,1.0,7.0,16.0,0.0,0.0,0.0,0.0,0.0,0.0,5.0,16.0,1.0,0.0,0.0,0.0,4
1281,0.0,0.0,2.0,14.0,13.0,0.0,0.0,0.0,0.0,0.0,14.0,15.0,3.0,0.0,0.0,0.0,0.0,6.0,16.0,2.0,1.0,5.0,0.0,0.0,0.0,10.0,13.0,0.0,5.0,16.0,2.0,0.0,0.0,7.0,16.0,9.0,12.0,16.0,11.0,0.0,0.0,0.0,5.0,12.0,16.0,10.0,2.0,0.0,0.0,0.0,0.0,12.0,12.0,1.0,0.0,0.0,0.0,0.0,0.0,16.0,5.0,0.0,0.0,0.0,4
1066,0.0,0.0,10.0,13.0,9.0,1.0,0.0,0.0,0.0,2.0,16.0,7.0,10.0,8.0,0.0,0.0,0.0,0.0,12.0,12.0,7.0,11.0,0.0,0.0,0.0,3.0,16.0,16.0,16.0,7.0,0.0,0.0,0.0,0.0,5.0,8.0,12.0,10.0,1.0,0.0,0.0,0.0,0.0,0.0,0.0,11.0,7.0,0.0,0.0,0.0,0.0,0.0,0.0,3.0,15.0,0.0,0.0,0.0,11.0,16.0,16.0,16.0,8.0,0.0,9
1722,0.0,0.0,9.0,13.0,8.0,0.0,0.0,0.0,0.0,0.0,13.0,16.0,16.0,12.0,0.0,0.0,0.0,2.0,16.0,7.0,6.0,15.0,3.0,0.0,0.0,8.0,14.0,0.0,0.0,8.0,3.0,0.0,0.0,5.0,14.0,0.0,0.0,8.0,8.0,0.0,0.0,2.0,16.0,13.0,11.0,14.0,4.0,0.0,0.0,3.0,16.0,15.0,16.0,6.0,0.0,0.0,0.0,0.0,6.0,14.0,8.0,0.0,0.0,0.0,0
1201,0.0,1.0,9.0,12.0,16.0,16.0,4.0,0.0,0.0,1.0,11.0,8.0,7.0,16.0,4.0,0.0,0.0,0.0,0.0,0.0,8.0,13.0,0.0,0.0,0.0,0.0,5.0,11.0,15.0,15.0,9.0,0.0,0.0,0.0,16.0,15.0,13.0,5.0,2.0,0.0,0.0,0.0,2.0,16.0,5.0,0.0,0.0,0.0,0.0,0.0,9.0,14.0,1.0,0.0,0.0,0.0,0.0,0.0,14.0,10.0,0.0,0.0,0.0,0.0,7
1030,0.0,0.0,5.0,12.0,12.0,9.0,3.0,0.0,0.0,0.0,8.0,16.0,16.0,16.0,4.0,0.0,0.0,0.0,9.0,16.0,16.0,14.0,1.0,0.0,0.0,0.0,11.0,16.0,16.0,12.0,0.0,0.0,0.0,0.0,12.0,16.0,16.0,12.0,0.0,0.0,0.0,0.0,11.0,16.0,16.0,12.0,0.0,0.0,0.0,0.0,4.0,16.0,16.0,12.0,0.0,0.0,0.0,0.0,6.0,12.0,12.0,6.0,0.0,0.0,1
417,0.0,0.0,5.0,14.0,11.0,1.0,0.0,0.0,0.0,0.0,16.0,10.0,14.0,13.0,0.0,0.0,0.0,0.0,14.0,2.0,8.0,16.0,6.0,0.0,0.0,0.0,12.0,7.0,10.0,16.0,8.0,0.0,0.0,0.0,5.0,16.0,16.0,15.0,8.0,0.0,0.0,1.0,3.0,1.0,2.0,11.0,9.0,0.0,0.0,1.0,15.0,6.0,4.0,12.0,11.0,0.0,0.0,0.0,6.0,16.0,14.0,12.0,3.0,0.0,9
1175,0.0,0.0,10.0,16.0,16.0,8.0,0.0,0.0,0.0,5.0,16.0,6.0,7.0,14.0,0.0,0.0,0.0,3.0,16.0,3.0,13.0,9.0,0.0,0.0,0.0,0.0,13.0,15.0,9.0,0.0,0.0,0.0,0.0,0.0,10.0,16.0,1.0,0.0,0.0,0.0,0.0,0.0,16.0,15.0,6.0,0.0,0.0,0.0,0.0,1.0,15.0,12.0,11.0,0.0,0.0,0.0,0.0,0.0,5.0,16.0,10.0,0.0,0.0,0.0,8
650,0.0,0.0,0.0,0.0,15.0,7.0,0.0,0.0,0.0,0.0,0.0,10.0,16.0,6.0,0.0,0.0,0.0,0.0,8.0,15.0,14.0,4.0,0.0,0.0,0.0,6.0,15.0,2.0,15.0,2.0,1.0,0.0,0.0,9.0,16.0,16.0,16.0,16.0,11.0,0.0,0.0,5.0,10.0,12.0,16.0,8.0,1.0,0.0,0.0,0.0,0.0,1.0,15.0,0.0,0.0,0.0,0.0,0.0,0.0,1.0,15.0,0.0,0.0,0.0,4
1763,0.0,0.0,5.0,12.0,13.0,4.0,0.0,0.0,0.0,3.0,16.0,10.0,2.0,5.0,9.0,0.0,0.0,0.0,15.0,14.0,11.0,15.0,3.0,0.0,0.0,0.0,7.0,16.0,15.0,1.0,0.0,0.0,0.0,0.0,3.0,16.0,16.0,4.0,0.0,0.0,0.0,0.0,8.0,14.0,13.0,12.0,0.0,0.0,0.0,0.0,12.0,12.0,13.0,11.0,0.0,0.0,0.0,0.0,7.0,16.0,11.0,2.0,0.0,0.0,8
407,0.0,0.0,0.0,5.0,15.0,13.0,1.0,0.0,0.0,0.0,2.0,14.0,16.0,16.0,4.0,0.0,0.0,0.0,8.0,16.0,16.0,16.0,4.0,0.0,0.0,6.0,15.0,16.0,16.0,16.0,1.0,0.0,0.0,3.0,7.0,10.0,16.0,16.0,4.0,0.0,0.0,0.0,0.0,11.0,16.0,16.0,1.0,0.0,0.0,0.0,0.0,12.0,16.0,16.0,1.0,0.0,0.0,0.0,0.0,6.0,14.0,12.0,1.0,0.0,1
1333,0.0,0.0,9.0,16.0,16.0,16.0,7.0,0.0,0.0,3.0,16.0,11.0,4.0,4.0,1.0,0.0,0.0,6.0,16.0,1.0,0.0,0.0,0.0,0.0,0.0,9.0,16.0,9.0,4.0,0.0,0.0,0.0,0.0,0.0,6.0,10.0,16.0,8.0,0.0,0.0,0.0,0.0,2.0,0.0,8.0,14.0,0.0,0.0,0.0,0.0,13.0,7.0,8.0,14.0,0.0,0.0,0.0,0.0,10.0,16.0,16.0,4.0,0.0,0.0,5
811,0.0,1.0,12.0,16.0,16.0,16.0,12.0,0.0,0.0,9.0,16.0,13.0,6.0,8.0,5.0,0.0,0.0,8.0,16.0,15.0,3.0,0.0,0.0,0.0,0.0,0.0,4.0,14.0,11.0,0.0,0.0,0.0,0.0,0.0,0.0,12.0,12.0,0.0,0.0,0.0,0.0,0.0,0.0,12.0,13.0,0.0,0.0,0.0,0.0,0.0,3.0,15.0,11.0,0.0,0.0,0.0,0.0,0.0,12.0,13.0,2.0,0.0,0.0,0.0,5
632,0.0,0.0,1.0,13.0,7.0,0.0,0.0,0.0,0.0,1.0,15.0,9.0,15.0,1.0,0.0,0.0,0.0,9.0,11.0,0.0,16.0,0.0,0.0,0.0,0.0,2.0,10.0,3.0,14.0,0.0,0.0,0.0,0.0,0.0,0.0,2.0,11.0,0.0,0.0,0.0,0.0,0.0,0.0,5.0,11.0,0.0,0.0,0.0,0.0,0.0,0.0,9.0,10.0,4.0,4.0,2.0,0.0,0.0,1.0,15.0,16.0,15.0,13.0,15.0,2
727,0.0,0.0,0.0,7.0,14.0,16.0,5.0,0.0,0.0,0.0,7.0,16.0,12.0,16.0,8.0,0.0,0.0,0.0,4.0,2.0,1.0,16.0,4.0,0.0,0.0,0.0,3.0,12.0,12.0,16.0,8.0,0.0,0.0,0.0,12.0,16.0,16.0,15.0,5.0,0.0,0.0,0.0,5.0,5.0,13.0,6.0,0.0,0.0,0.0,0.0,0.0,2.0,14.0,0.0,0.0,0.0,0.0,0.0,0.0,9.0,8.0,0.0,0.0,0.0,7
1507,0.0,0.0,5.0,13.0,14.0,5.0,0.0,0.0,0.0,2.0,15.0,6.0,11.0,15.0,1.0,0.0,0.0,1.0,16.0,5.0,8.0,16.0,4.0,0.0,0.0,0.0,4.0,12.0,9.0,13.0,8.0,0.0,0.0,0.0,0.0,0.0,0.0,8.0,8.0,0.0,0.0,0.0,0.0,0.0,0.0,11.0,7.0,0.0,0.0,0.0,7.0,7.0,5.0,15.0,2.0,0.0,0.0,0.0,5.0,15.0,16.0,7.0,0.0,0.0,9
91,0.0,4.0,14.0,16.0,16.0,12.0,1.0,0.0,0.0,2.0,12.0,7.0,14.0,16.0,6.0,0.0,0.0,0.0,0.0,5.0,16.0,10.0,0.0,0.0,0.0,0.0,0.0,4.0,16.0,7.0,0.0,0.0,0.0,0.0,0.0,4.0,16.0,6.0,0.0,0.0,0.0,0.0,0.0,1.0,15.0,11.0,0.0,0.0,0.0,1.0,8.0,10.0,16.0,10.0,0.0,0.0,0.0,5.0,16.0,16.0,15.0,1.0,0.0,0.0,3
153,0.0,1.0,11.0,12.0,14.0,6.0,0.0,0.0,0.0,1.0,6.0,4.0,8.0,16.0,7.0,0.0,0.0,0.0,0.0,0.0,3.0,16.0,5.0,0.0,0.0,0.0,0.0,2.0,14.0,9.0,0.0,0.0,0.0,0.0,0.0,4.0,16.0,7.0,0.0,0.0,0.0,0.0,0.0,1.0,14.0,13.0,0.0,0.0,0.0,0.0,0.0,1.0,12.0,14.0,0.0,0.0,0.0,5.0,12.0,15.0,9.0,1.0,0.0,0.0,3
939,0.0,0.0,1.0,11.0,15.0,0.0,0.0,0.0,0.0,0.0,11.0,15.0,5.0,0.0,0.0,0.0,0.0,3.0,15.0,1.0,0.0,0.0,0.0,0.0,0.0,5.0,12.0,0.0,0.0,0.0,0.0,0.0,0.0,8.0,15.0,15.0,16.0,14.0,3.0,0.0,0.0,2.0,16.0,11.0,2.0,7.0,12.0,0.0,0.0,0.0,14.0,11.0,4.0,9.0,13.0,0.0,0.0,0.0,2.0,11.0,16.0,15.0,6.0,0.0,6
1707,0.0,1.0,15.0,14.0,2.0,0.0,0.0,0.0,0.0,6.0,14.0,0.0,0.0,3.0,2.0,0.0,0.0,2.0,16.0,3.0,2.0,13.0,3.0,0.0,0.0,0.0,11.0,14.0,15.0,9.0,0.0,0.0,0.0,0.0,7.0,16.0,11.0,0.0,0.0,0.0,0.0,0.0,15.0,13.0,14.0,0.0,0.0,0.0,0.0,2.0,15.0,4.0,16.0,3.0,0.0,0.0,0.0,1.0,15.0,16.0,12.0,1.0,0.0,0.0,8
1307,0.0,0.0,0.0,16.0,11.0,1.0,0.0,0.0,0.0,0.0,13.0,16.0,10.0,9.0,0.0,0.0,0.0,2.0,16.0,11.0,1.0,14.0,2.0,0.0,0.0,3.0,16.0,1.0,0.0,8.0,7.0,0.0,0.0,4.0,13.0,0.0,0.0,8.0,9.0,0.0,0.0,3.0,16.0,1.0,0.0,10.0,9.0,0.0,0.0,0.0,10.0,8.0,3.0,16.0,4.0,0.0,0.0,0.0,1.0,11.0,16.0,13.0,1.0,0.0,0
254,0.0,0.0,3.0,12.0,5.0,0.0,0.0,0.0,0.0,1.0,15.0,14.0,16.0,6.0,0.0,0.0,0.0,6.0,16.0,0.0,6.0,16.0,6.0,0.0,0.0,5.0,16.0,11.0,14.0,16.0,4.0,0.0,0.0,0.0,8.0,10.0,12.0,16.0,0.0,0.0,0.0,0.0,1.0,1.0,7.0,15.0,1.0,0.0,0.0,0.0,8.0,10.0,10.0,16.0,2.0,0.0,0.0,0.0,2.0,13.0,14.0,7.0,0.0,0.0,9
1154,0.0,3.0,14.0,5.0,0.0,0.0,0.0,0.0,0.0,2.0,15.0,15.0,3.0,1.0,1.0,0.0,0.0,0.0,6.0,16.0,4.0,13.0,8.0,0.0,0.0,0.0,0.0,14.0,14.0,13.0,1.0,0.0,0.0,0.0,2.0,15.0,13.0,1.0,0.0,0.0,0.0,1.0,14.0,8.0,15.0,0.0,0.0,0.0,0.0,5.0,12.0,0.0,12.0,3.0,0.0,0.0,0.0,2.0,14.0,13.0,15.0,3.0,0.0,0.0,8
1284,0.0,0.0,14.0,16.0,13.0,9.0,1.0,0.0,0.0,0.0,12.0,10.0,9.0,16.0,3.0,0.0,0.0,0.0,9.0,14.0,13.0,13.0,1.0,0.0,0.0,0.0,3.0,13.0,16.0,6.0,0.0,0.0,0.0,0.0,5.0,16.0,12.0,9.0,0.0,0.0,0.0,0.0,13.0,8.0,14.0,6.0,0.0,0.0,0.0,1.0,16.0,11.0,15.0,1.0,0.0,0.0,0.0,1.0,13.0,16.0,6.0,0.0,0.0,0.0,8
1693,0.0,0.0,1.0,12.0,6.0,0.0,0.0,0.0,0.0,0.0,12.0,15.0,0.0,0.0,0.0,0.0,0.0,4.0,16.0,10.0,0.0,0.0,0.0,0.0,0.0,7.0,16.0,10.0,1.0,0.0,0.0,0.0,0.0,8.0,16.0,16.0,15.0,7.0,0.0,0.0,0.0,6.0,16.0,9.0,9.0,16.0,3.0,0.0,0.0,0.0,8.0,16.0,13.0,15.0,11.0,0.0,0.0,0.0,1.0,10.0,15.0,14.0,4.0,0.0,6
837,0.0,0.0,10.0,16.0,16.0,8.0,0.0,0.0,0.0,0.0,5.0,8.0,13.0,13.0,0.0,0.0,0.0,0.0,0.0,0.0,9.0,13.0,0.0,0.0,0.0,0.0,0.0,2.0,13.0,12.0,0.0,0.0,0.0,0.0,2.0,15.0,16.0,16.0,7.0,0.0,0.0,0.0,0.0,13.0,13.0,5.0,1.0,0.0,0.0,0.0,1.0,14.0,5.0,0.0,0.0,0.0,0.0,0.0,9.0,13.0,1.0,0.0,0.0,0.0,7
122,0.0,0.0,3.0,6.0,14.0,5.0,0.0,0.0,0.0,0.0,7.0,15.0,15.0,13.0,0.0,0.0,0.0,0.0,3.0,14.0,13.0,12.0,0.0,0.0,0.0,0.0,0.0,16.0,13.0,1.0,0.0,0.0,0.0,0.0,2.0,16.0,8.0,0.0,0.0,0.0,0.0,0.0,10.0,9.0,14.0,0.0,0.0,0.0,0.0,0.0,12.0,4.0,15.0,2.0,0.0,0.0,0.0,0.0,4.0,15.0,14.0,0.0,0.0,0.0,8
1494,0.0,0.0,2.0,11.0,10.0,1.0,0.0,0.0,0.0,0.0,10.0,13.0,14.0,13.0,0.0,0.0,0.0,0.0,13.0,0.0,0.0,14.0,5.0,0.0,0.0,3.0,9.0,0.0,0.0,9.0,6.0,0.0,0.0,5.0,9.0,0.0,0.0,5.0,8.0,0.0,0.0,6.0,12.0,0.0,0.0,8.0,4.0,0.0,0.0,0.0,14.0,11.0,5.0,14.0,1.0,0.0,0.0,0.0,3.0,13.0,14.0,5.0,0.0,0.0,0
589,0.0,0.0,6.0,11.0,13.0,6.0,0.0,0.0,0.0,7.0,14.0,6.0,7.0,13.0,0.0,0.0,0.0,10.0,7.0,0.0,7.0,10.0,0.0,0.0,0.0,4.0,13.0,12.0,15.0,10.0,0.0,0.0,0.0,0.0,1.0,4.0,0.0,12.0,0.0,0.0,0.0,0.0,0.0,0.0,0.0,11.0,1.0,0.0,0.0,0.0,8.0,2.0,0.0,12.0,0.0,0.0,0.0,0.0,6.0,14.0,15.0,12.0,0.0,0.0,9
1246,0.0,0.0,10.0,16.0,16.0,11.0,0.0,0.0,0.0,1.0,11.0,7.0,6.0,16.0,3.0,0.0,0.0,0.0,0.0,0.0,10.0,15.0,0.0,0.0,0.0,0.0,0.0,0.0,15.0,7.0,0.0,0.0,0.0,0.0,0.0,0.0,15.0,9.0,0.0,0.0,0.0,0.0,0.0,0.0,7.0,13.0,0.0,0.0,0.0,0.0,5.0,4.0,10.0,16.0,0.0,0.0,0.0,0.0,10.0,16.0,16.0,10.0,0.0,0.0,3
1192,0.0,3.0,14.0,14.0,16.0,16.0,10.0,0.0,0.0,9.0,15.0,9.0,7.0,1.0,0.0,0.0,0.0,10.0,16.0,11.0,1.0,0.0,0.0,0.0,0.0,1.0,7.0,14.0,9.0,0.0,0.0,0.0,0.0,0.0,0.0,7.0,16.0,0.0,0.0,0.0,0.0,0.0,0.0,6.0,15.0,0.0,0.0,0.0,0.0,1.0,1.0,11.0,10.0,0.0,0.0,0.0,0.0,3.0,15.0,16.0,4.0,0.0,0.0,0.0,5
866,0.0,0.0,0.0,12.0,16.0,9.0,0.0,0.0,0.0,0.0,2.0,16.0,16.0,6.0,0.0,0.0,0.0,0.0,3.0,16.0,16.0,2.0,0.0,0.0,0.0,0.0,8.0,16.0,12.0,0.0,0.0,0.0,0.0,0.0,6.0,16.0,16.0,0.0,0.0,0.0,0.0,0.0,10.0,16.0,15.0,1.0,0.0,0.0,0.0,0.0,9.0,16.0,11.0,0.0,0.0,0.0,0.0,0.0,8.0,16.0,10.0,0.0,0.0,0.0,1
1211,0.0,4.0,15.0,16.0,13.0,1.0,0.0,0.0,0.0,9.0,14.0,10.0,16.0,6.0,0.0,0.0,0.0,1.0,1.0,6.0,16.0,2.0,0.0,0.0,0.0,0.0,0.0,8.0,14.0,1.0,0.0,0.0,0.0,0.0,5.0,16.0,5.0,0.0,0.0,0.0,0.0,0.0,13.0,14.0,0.0,0.0,0.0,0.0,0.0,5.0,16.0,9.0,8.0,8.0,10.0,0.0,0.0,4.0,15.0,16.0,16.0,16.0,9.0,0.0,2
648,0.0,2.0,11.0,16.0,15.0,2.0,0.0,0.0,0.0,12.0,16.0,15.0,16.0,4.0,0.0,0.0,0.0,2.0,3.0,2.0,16.0,4.0,0.0,0.0,0.0,0.0,0.0,10.0,14.0,0.0,0.0,0.0,0.0,0.0,4.0,16.0,5.0,0.0,0.0,0.0,0.0,0.0,12.0,12.0,3.0,11.0,9.0,0.0,0.0,0.0,16.0,16.0,16.0,16.0,6.0,0.0,0.0,0.0,14.0,15.0,12.0,5.0,0.0,0.0,2
421,0.0,0.0,11.0,10.0,12.0,14.0,11.0,0.0,0.0,0.0,16.0,16.0,16.0,16.0,7.0,0.0,0.0,1.0,16.0,16.0,16.0,12.0,0.0,0.0,0.0,1.0,5.0,2.0,11.0,15.0,0.0,0.0,0.0,0.0,1.0,0.0,2.0,16.0,0.0,0.0,0.0,3.0,12.0,0.0,3.0,15.0,0.0,0.0,0.0,6.0,15.0,8.0,13.0,11.0,0.0,0.0,0.0,0.0,9.0,14.0,9.0,2.0,0.0,0.0,5
620,0.0,0.0,0.0,13.0,15.0,4.0,0.0,0.0,0.0,0.0,11.0,16.0,9.0,4.0,0.0,0.0,0.0,1.0,16.0,14.0,0.0,0.0,0.0,0.0,0.0,5.0,16.0,7.0,0.0,0.0,0.0,0.0,0.0,5.0,16.0,16.0,14.0,4.0,0.0,0.0,0.0,2.0,15.0,9.0,7.0,15.0,5.0,0.0,0.0,0.0,11.0,13.0,4.0,12.0,13.0,0.0,0.0,0.0,1.0,13.0,16.0,16.0,10.0,0.0,6
819,0.0,0.0,13.0,16.0,15.0,2.0,0.0,0.0,0.0,5.0,14.0,5.0,15.0,7.0,0.0,0.0,0.0,0.0,2.0,0.0,12.0,7.0,0.0,0.0,0.0,0.0,5.0,9.0,16.0,7.0,0.0,0.0,0.0,0.0,8.0,16.0,16.0,16.0,10.0,0.0,0.0,0.0,2.0,16.0,3.0,0.0,0.0,0.0,0.0,0.0,8.0,13.0,0.0,0.0,0.0,0.0,0.0,0.0,15.0,7.0,0.0,0.0,0.0,0.0,7
1167,0.0,0.0,3.0,14.0,9.0,3.0,0.0,0.0,0.0,0.0,11.0,13.0,8.0,14.0,2.0,0.0,0.0,2.0,16.0,3.0,0.0,9.0,4.0,0.0,0.0,5.0,12.0,0.0,0.0,4.0,8.0,0.0,0.0,8.0,8.0,0.0,0.0,7.0,8.0,0.0,0.0,5.0,11.0,0.0,2.0,15.0,3.0,0.0,0.0,0.0,14.0,5.0,13.0,7.0,0.0,0.0,0.0,0.0,5.0,14.0,5.0,0.0,0.0,0.0,0
583,0.0,0.0,0.0,8.0,15.0,10.0,0.0,0.0,0.0,0.0,8.0,13.0,6.0,1.0,0.0,0.0,0.0,1.0,16.0,2.0,0.0,0.0,0.0,0.0,0.0,4.0,11.0,0.0,0.0,0.0,0.0,0.0,0.0,4.0,16.0,12.0,12.0,9.0,2.0,0.0,0.0,1.0,15.0,1.0,0.0,9.0,10.0,0.0,0.0,0.0,10.0,9.0,4.0,13.0,3.0,0.0,0.0,0.0,0.0,11.0,15.0,5.0,0.0,0.0,6
1638,0.0,0.0,0.0,14.0,5.0,0.0,0.0,0.0,0.0,0.0,5.0,16.0,5.0,0.0,0.0,0.0,0.0,0.0,13.0,12.0,0.0,1.0,3.0,0.0,0.0,4.0,16.0,5.0,1.0,15.0,11.0,0.0,0.0,10.0,15.0,4.0,13.0,16.0,3.0,0.0,0.0,8.0,16.0,16.0,16.0,10.0,0.0,0.0,0.0,2.0,11.0,12.0,15.0,1.0,0.0,0.0,0.0,0.0,0.0,16.0,9.0,0.0,0.0,0.0,4
1113,0.0,0.0,11.0,8.0,4.0,13.0,16.0,3.0,0.0,2.0,16.0,16.0,16.0,14.0,9.0,1.0,0.0,4.0,13.0,6.0,16.0,4.0,0.0,0.0,0.0,0.0,2.0,15.0,10.0,0.0,0.0,0.0,0.0,5.0,13.0,16.0,14.0,12.0,2.0,0.0,0.0,8.0,15.0,15.0,12.0,12.0,2.0,0.0,0.0,0.0,15.0,9.0,0.0,0.0,0.0,0.0,0.0,0.0,16.0,7.0,0.0,0.0,0.0,0.0,7
1585,0.0,0.0,0.0,13.0,9.0,0.0,0.0,0.0,0.0,0.0,0.0,14.0,15.0,1.0,0.0,0.0,0.0,0.0,0.0,13.0,16.0,0.0,0.0,0.0,0.0,0.0,0.0,11.0,16.0,0.0,0.0,0.0,0.0,0.0,0.0,10.0,16.0,2.0,0.0,0.0,0.0,0.0,0.0,14.0,16.0,1.0,0.0,0.0,0.0,0.0,0.0,15.0,16.0,1.0,0.0,0.0,0.0,0.0,0.0,12.0,15.0,0.0,0.0,0.0,1
113,0.0,0.0,2.0,16.0,13.0,1.0,0.0,0.0,0.0,0.0,6.0,15.0,16.0,7.0,0.0,0.0,0.0,0.0,3.0,6.0,16.0,8.0,0.0,0.0,0.0,0.0,0.0,3.0,16.0,6.0,0.0,0.0,0.0,0.0,1.0,13.0,13.0,0.0,0.0,0.0,0.0,6.0,14.0,16.0,4.0,0.0,0.0,0.0,0.0,9.0,16.0,16.0,13.0,10.0,3.0,0.0,0.0,0.0,4.0,11.0,15.0,16.0,10.0,0.0,2
942,0.0,0.0,6.0,14.0,15.0,7.0,0.0,0.0,0.0,3.0,15.0,6.0,2.0,14.0,3.0,0.0,0.0,4.0,13.0,0.0,1.0,16.0,4.0,0.0,0.0,0.0,10.0,11.0,9.0,16.0,6.0,0.0,0.0,0.0,1.0,8.0,10.0,14.0,5.0,0.0,0.0,0.0,0.0,0.0,0.0,8.0,11.0,0.0,0.0,1.0,12.0,5.0,0.0,10.0,11.0,0.0,0.0,0.0,7.0,13.0,16.0,16.0,4.0,0.0,9
239,0.0,0.0,0.0,0.0,15.0,9.0,0.0,0.0,0.0,0.0,0.0,8.0,16.0,5.0,0.0,0.0,0.0,0.0,1.0,16.0,16.0,5.0,0.0,0.0,0.0,0.0,11.0,16.0,16.0,1.0,1.0,0.0,0.0,6.0,16.0,16.0,16.0,15.0,9.0,0.0,0.0,7.0,15.0,16.0,16.0,10.0,1.0,0.0,0.0,0.0,1.0,7.0,16.0,1.0,0.0,0.0,0.0,0.0,0.0,1.0,15.0,5.0,0.0,0.0,4
356,0.0,0.0,2.0,15.0,12.0,0.0,0.0,0.0,0.0,0.0,9.0,16.0,5.0,0.0,2.0,0.0,0.0,2.0,15.0,10.0,0.0,11.0,16.0,1.0,0.0,10.0,16.0,4.0,6.0,16.0,10.0,0.0,0.0,6.0,16.0,16.0,16.0,15.0,1.0,0.0,0.0,0.0,6.0,13.0,16.0,4.0,0.0,0.0,0.0,0.0,0.0,15.0,13.0,0.0,0.0,0.0,0.0,0.0,6.0,16.0,5.0,0.0,0.0,0.0,4
1626,0.0,0.0,0.0,11.0,9.0,0.0,0.0,0.0,0.0,0.0,0.0,11.0,14.0,0.0,0.0,0.0,0.0,0.0,0.0,11.0,13.0,0.0,0.0,0.0,0.0,0.0,0.0,15.0,13.0,0.0,0.0,0.0,0.0,0.0,0.0,13.0,13.0,0.0,0.0,0.0,0.0,0.0,0.0,13.0,9.0,0.0,0.0,0.0,0.0,0.0,0.0,10.0,10.0,0.0,0.0,0.0,0.0,0.0,0.0,9.0,11.0,0.0,0.0,0.0,1
342,0.0,0.0,3.0,13.0,16.0,11.0,0.0,0.0,0.0,0.0,14.0,12.0,14.0,16.0,1.0,0.0,0.0,0.0,6.0,0.0,7.0,15.0,0.0,0.0,0.0,0.0,0.0,0.0,12.0,11.0,0.0,0.0,0.0,0.0,8.0,13.0,16.0,14.0,4.0,0.0,0.0,5.0,16.0,16.0,14.0,12.0,4.0,0.0,0.0,0.0,3.0,16.0,3.0,0.0,0.0,0.0,0.0,0.0,8.0,13.0,0.0,0.0,0.0,0.0,7
1029,0.0,0.0,3.0,12.0,12.0,2.0,0.0,0.0,0.0,0.0,11.0,10.0,7.0,14.0,2.0,0.0,0.0,0.0,11.0,1.0,0.0,8.0,4.0,0.0,0.0,2.0,14.0,2.0,0.0,5.0,7.0,0.0,0.0,8.0,9.0,0.0,0.0,6.0,8.0,0.0,0.0,3.0,13.0,0.0,0.0,12.0,7.0,0.0,0.0,0.0,15.0,6.0,11.0,12.0,0.0,0.0,0.0,0.0,4.0,15.0,11.0,1.0,0.0,0.0,0
105,0.0,0.0,9.0,15.0,5.0,0.0,0.0,0.0,0.0,0.0,13.0,14.0,13.0,7.0,0.0,0.0,0.0,0.0,6.0,14.0,10.0,13.0,1.0,0.0,0.0,0.0,0.0,9.0,12.0,15.0,5.0,0.0,0.0,0.0,0.0,0.0,0.0,10.0,10.0,0.0,0.0,0.0,0.0,0.0,0.0,7.0,14.0,0.0,0.0,0.0,3.0,8.0,9.0,15.0,15.0,0.0,0.0,0.0,5.0,12.0,12.0,9.0,1.0,0.0,9
921,0.0,0.0,1.0,13.0,0.0,0.0,0.0,0.0,0.0,0.0,7.0,10.0,0.0,0.0,0.0,0.0,0.0,1.0,16.0,2.0,0.0,0.0,0.0,0.0,0.0,4.0,13.0,0.0,0.0,0.0,0.0,0.0,0.0,7.0,12.0,4.0,11.0,9.0,1.0,0.0,0.0,4.0,16.0,15.0,8.0,12.0,7.0,0.0,0.0,2.0,14.0,10.0,3.0,13.0,7.0,0.0,0.0,0.0,2.0,13.0,16.0,8.0,1.0,0.0,6
488,0.0,2.0,16.0,12.0,12.0,14.0,7.0,0.0,0.0,3.0,16.0,9.0,8.0,8.0,4.0,0.0,0.0,2.0,16.0,10.0,4.0,0.0,0.0,0.0,0.0,4.0,16.0,13.0,16.0,4.0,0.0,0.0,0.0,0.0,3.0,0.0,12.0,10.0,0.0,0.0,0.0,6.0,3.0,0.0,9.0,11.0,0.0,0.0,0.0,11.0,11.0,9.0,16.0,3.0,0.0,0.0,0.0,3.0,12.0,15.0,7.0,0.0,0.0,0.0,5
380,0.0,0.0,0.0,6.0,16.0,2.0,0.0,0.0,0.0,0.0,2.0,15.0,15.0,0.0,0.0,0.0,0.0,0.0,15.0,16.0,3.0,2.0,3.0,0.0,0.0,7.0,16.0,7.0,3.0,15.0,11.0,0.0,0.0,7.0,16.0,14.0,14.0,16.0,5.0,0.0,0.0,1.0,7.0,12.0,16.0,10.0,0.0,0.0,0.0,0.0,0.0,7.0,16.0,4.0,0.0,0.0,0.0,0.0,0.0,10.0,15.0,0.0,0.0,0.0,4
1263,0.0,0.0,0.0,12.0,16.0,1.0,0.0,0.0,0.0,0.0,4.0,16.0,11.0,0.0,0.0,0.0,0.0,0.0,12.0,15.0,1.0,0.0,0.0,0.0,0.0,0.0,15.0,13.0,8.0,4.0,0.0,0.0,0.0,3.0,16.0,15.0,11.0,15.0,7.0,0.0,0.0,2.0,15.0,10.0,0.0,4.0,15.0,3.0,0.0,0.0,8.0,12.0,4.0,6.0,16.0,5.0,0.0,0.0,1.0,11.0,16.0,16.0,13.0,0.0,6
978,0.0,0.0,5.0,12.0,16.0,15.0,2.0,0.0,0.0,6.0,15.0,9.0,10.0,15.0,4.0,0.0,0.0,3.0,14.0,3.0,1.0,14.0,4.0,0.0,0.0,0.0,10.0,16.0,15.0,13.0,1.0,0.0,0.0,0.0,6.0,15.0,15.0,10.0,0.0,0.0,0.0,0.0,15.0,3.0,2.0,15.0,3.0,0.0,0.0,0.0,16.0,8.0,1.0,14.0,4.0,0.0,0.0,0.0,4.0,15.0,16.0,11.0,2.0,0.0,8
4,0.0,0.0,0.0,1.0,11.0,0.0,0.0,0.0,0.0,0.0,0.0,7.0,8.0,0.0,0.0,0.0,0.0,0.0,1.0,13.0,6.0,2.0,2.0,0.0,0.0,0.0,7.0,15.0,0.0,9.0,8.0,0.0,0.0,5.0,16.0,10.0,0.0,16.0,6.0,0.0,0.0,4.0,15.0,16.0,13.0,16.0,1.0,0.0,0.0,0.0,0.0,3.0,15.0,10.0,0.0,0.0,0.0,0.0,0.0,2.0,16.0,4.0,0.0,0.0,4
1526,0.0,0.0,2.0,15.0,5.0,0.0,0.0,0.0,0.0,0.0,9.0,15.0,0.0,1.0,0.0,0.0,0.0,0.0,14.0,9.0,9.0,9.0,0.0,0.0,0.0,8.0,16.0,4.0,16.0,13.0,12.0,0.0,0.0,13.0,16.0,16.0,16.0,15.0,7.0,0.0,0.0,3.0,8.0,13.0,12.0,2.0,0.0,0.0,0.0,0.0,0.0,14.0,10.0,0.0,0.0,0.0,0.0,0.0,3.0,16.0,7.0,0.0,0.0,0.0,4
1422,0.0,0.0,0.0,11.0,16.0,16.0,10.0,0.0,0.0,0.0,10.0,12.0,9.0,15.0,9.0,0.0,0.0,0.0,13.0,8.0,0.0,12.0,5.0,0.0,0.0,0.0,6.0,0.0,4.0,12.0,0.0,0.0,0.0,0.0,2.0,15.0,16.0,16.0,9.0,0.0,0.0,0.0,6.0,13.0,15.0,9.0,1.0,0.0,0.0,0.0,0.0,9.0,9.0,0.0,0.0,0.0,0.0,0.0,1.0,14.0,4.0,0.0,0.0,0.0,7
1110,0.0,1.0,10.0,14.0,13.0,4.0,0.0,0.0,0.0,12.0,11.0,5.0,8.0,14.0,0.0,0.0,0.0,8.0,3.0,2.0,12.0,8.0,0.0,0.0,0.0,0.0,3.0,15.0,15.0,4.0,0.0,0.0,0.0,0.0,1.0,4.0,7.0,14.0,5.0,0.0,0.0,0.0,0.0,0.0,0.0,7.0,12.0,0.0,0.0,0.0,0.0,0.0,1.0,11.0,11.0,0.0,0.0,0.0,12.0,16.0,16.0,9.0,1.0,0.0,3
1278,0.0,0.0,0.0,3.0,14.0,6.0,0.0,0.0,0.0,0.0,3.0,14.0,10.0,1.0,0.0,0.0,0.0,1.0,13.0,10.0,0.0,0.0,0.0,0.0,0.0,9.0,14.0,1.0,0.0,7.0,5.0,0.0,0.0,11.0,15.0,8.0,9.0,16.0,10.0,0.0,0.0,7.0,16.0,16.0,15.0,15.0,2.0,0.0,0.0,0.0,0.0,0.0,12.0,11.0,0.0,0.0,0.0,0.0,0.0,3.0,16.0,2.0,0.0,0.0,4
766,0.0,3.0,10.0,16.0,16.0,16.0,2.0,0.0,0.0,14.0,16.0,14.0,9.0,3.0,0.0,0.0,0.0,16.0,12.0,0.0,0.0,0.0,0.0,0.0,0.0,12.0,14.0,0.0,0.0,0.0,0.0,0.0,0.0,6.0,16.0,3.0,0.0,0.0,0.0,0.0,0.0,0.0,9.0,16.0,3.0,0.0,0.0,0.0,0.0,0.0,4.0,14.0,13.0,0.0,0.0,0.0,0.0,2.0,15.0,16.0,8.0,0.0,0.0,0.0,5
1501,0.0,0.0,2.0,13.0,16.0,14.0,1.0,0.0,0.0,0.0,11.0,12.0,7.0,16.0,3.0,0.0,0.0,0.0,9.0,3.0,2.0,16.0,3.0,0.0,0.0,0.0,0.0,0.0,9.0,11.0,0.0,0.0,0.0,0.0,2.0,11.0,15.0,13.0,3.0,0.0,0.0,0.0,4.0,15.0,16.0,13.0,3.0,0.0,0.0,0.0,0.0,14.0,8.0,0.0,0.0,0.0,0.0,0.0,5.0,15.0,4.0,0.0,0.0,0.0,7
1027,0.0,1.0,11.0,13.0,10.0,1.0,0.0,0.0,0.0,8.0,12.0,3.0,13.0,10.0,0.0,0.0,0.0,8.0,11.0,2.0,11.0,16.0,1.0,0.0,0.0,1.0,15.0,16.0,16.0,16.0,2.0,0.0,0.0,0.0,2.0,8.0,3.0,9.0,6.0,0.0,0.0,0.0,0.0,0.0,0.0,7.0,9.0,0.0,0.0,2.0,12.0,3.0,0.0,9.0,12.0,0.0,0.0,1.0,9.0,15.0,16.0,13.0,3.0,0.0,9
1243,0.0,0.0,9.0,15.0,15.0,2.0,0.0,0.0,0.0,3.0,11.0,4.0,15.0,6.0,0.0,0.0,0.0,0.0,0.0,0.0,16.0,2.0,0.0,0.0,0.0,2.0,12.0,13.0,16.0,16.0,11.0,0.0,0.0,2.0,12.0,15.0,11.0,6.0,1.0,0.0,0.0,0.0,3.0,16.0,0.0,0.0,0.0,0.0,0.0,0.0,5.0,14.0,0.0,0.0,0.0,0.0,0.0,0.0,11.0,7.0,0.0,0.0,0.0,0.0,7
922,0.0,0.0,6.0,16.0,16.0,12.0,3.0,0.0,0.0,0.0,13.0,12.0,10.0,16.0,2.0,0.0,0.0,1.0,16.0,3.0,10.0,11.0,0.0,0.0,0.0,1.0,7.0,1.0,16.0,3.0,0.0,0.0,0.0,0.0,0.0,7.0,15.0,4.0,1.0,0.0,0.0,0.0,10.0,16.0,16.0,16.0,4.0,0.0,0.0,0.0,2.0,16.0,8.0,3.0,0.0,0.0,0.0,0.0,6.0,16.0,3.0,0.0,0.0,0.0,7
343,0.0,0.0,2.0,13.0,13.0,0.0,0.0,0.0,0.0,0.0,9.0,16.0,6.0,0.0,0.0,0.0,0.0,0.0,14.0,16.0,2.0,0.0,4.0,0.0,0.0,5.0,16.0,10.0,1.0,13.0,15.0,0.0,0.0,7.0,16.0,16.0,16.0,16.0,4.0,0.0,0.0,0.0,8.0,15.0,16.0,8.0,0.0,0.0,0.0,0.0,0.0,14.0,10.0,0.0,0.0,0.0,0.0,0.0,1.0,16.0,11.0,0.0,0.0,0.0,4
1737,0.0,0.0,11.0,15.0,12.0,1.0,0.0,0.0,0.0,0.0,7.0,16.0,16.0,7.0,0.0,0.0,0.0,0.0,12.0,16.0,16.0,16.0,1.0,0.0,0.0,0.0,13.0,16.0,16.0,13.0,2.0,0.0,0.0,0.0,14.0,16.0,16.0,4.0,0.0,0.0,0.0,2.0,16.0,16.0,14.0,0.0,0.0,0.0,0.0,0.0,14.0,16.0,14.0,0.0,0.0,0.0,0.0,0.0,8.0,16.0,13.0,1.0,0.0,0.0,1
923,0.0,0.0,7.0,13.0,11.0,1.0,0.0,0.0,0.0,6.0,14.0,12.0,14.0,9.0,0.0,0.0,0.0,5.0,14.0,3.0,10.0,9.0,0.0,0.0,0.0,0.0,8.0,15.0,14.0,2.0,0.0,0.0,0.0,0.0,1.0,14.0,16.0,6.0,0.0,0.0,0.0,0.0,9.0,9.0,3.0,15.0,4.0,0.0,0.0,0.0,12.0,5.0,1.0,11.0,8.0,0.0,0.0,0.0,7.0,16.0,16.0,9.0,1.0,0.0,8
1315,0.0,0.0,6.0,8.0,15.0,13.0,1.0,0.0,0.0,1.0,16.0,16.0,11.0,15.0,4.0,0.0,0.0,0.0,15.0,9.0,8.0,15.0,2.0,0.0,0.0,0.0,10.0,16.0,16.0,10.0,0.0,0.0,0.0,0.0,13.0,16.0,10.0,0.0,0.0,0.0,0.0,4.0,15.0,10.0,12.0,0.0,0.0,0.0,0.0,2.0,15.0,5.0,15.0,0.0,0.0,0.0,0.0,0.0,8.0,16.0,10.0,0.0,0.0,0.0,8
1304,0.0,0.0,5.0,13.0,16.0,14.0,0.0,0.0,0.0,1.0,14.0,8.0,5.0,16.0,2.0,0.0,0.0,0.0,1.0,0.0,2.0,15.0,2.0,0.0,0.0,0.0,0.0,2.0,8.0,15.0,3.0,0.0,0.0,0.0,0.0,15.0,16.0,13.0,8.0,0.0,0.0,0.0,0.0,6.0,14.0,0.0,0.0,0.0,0.0,0.0,0.0,13.0,7.0,0.0,0.0,0.0,0.0,0.0,7.0,14.0,0.0,0.0,0.0,0.0,7
889,0.0,5.0,16.0,12.0,1.0,0.0,0.0,0.0,0.0,5.0,14.0,15.0,8.0,0.0,0.0,0.0,0.0,0.0,0.0,14.0,10.0,0.0,0.0,0.0,0.0,0.0,2.0,16.0,7.0,0.0,0.0,0.0,0.0,0.0,7.0,16.0,3.0,0.0,0.0,0.0,0.0,2.0,14.0,10.0,0.0,0.0,0.0,0.0,0.0,11.0,16.0,9.0,8.0,8.0,3.0,0.0,0.0,8.0,16.0,16.0,16.0,16.0,4.0,0.0,2
625,0.0,0.0,10.0,12.0,13.0,16.0,2.0,0.0,0.0,4.0,15.0,6.0,4.0,4.0,0.0,0.0,0.0,5.0,10.0,0.0,0.0,0.0,0.0,0.0,0.0,5.0,16.0,16.0,16.0,9.0,0.0,0.0,0.0,2.0,11.0,3.0,3.0,12.0,0.0,0.0,0.0,0.0,0.0,0.0,2.0,13.0,0.0,0.0,0.0,0.0,4.0,1.0,9.0,10.0,0.0,0.0,0.0,0.0,16.0,16.0,13.0,1.0,0.0,0.0,5
1363,0.0,0.0,2.0,16.0,14.0,2.0,0.0,0.0,0.0,1.0,12.0,16.0,16.0,10.0,0.0,0.0,0.0,4.0,16.0,12.0,12.0,12.0,0.0,0.0,0.0,1.0,15.0,11.0,16.0,6.0,0.0,0.0,0.0,0.0,6.0,16.0,13.0,0.0,0.0,0.0,0.0,0.0,9.0,14.0,14.0,8.0,0.0,0.0,0.0,0.0,10.0,12.0,6.0,15.0,0.0,0.0,0.0,0.0,2.0,13.0,16.0,12.0,0.0,0.0,8
1424,0.0,0.0,5.0,12.0,13.0,12.0,0.0,0.0,0.0,7.0,13.0,5.0,8.0,15.0,0.0,0.0,0.0,4.0,14.0,4.0,13.0,16.0,3.0,0.0,0.0,0.0,6.0,12.0,8.0,9.0,4.0,0.0,0.0,0.0,0.0,0.0,0.0,8.0,8.0,0.0,0.0,0.0,0.0,0.0,0.0,6.0,8.0,0.0,0.0,0.0,1.0,3.0,2.0,13.0,6.0,0.0,0.0,0.0,6.0,16.0,16.0,8.0,1.0,0.0,9
791,0.0,1.0,8.0,16.0,16.0,16.0,10.0,0.0,0.0,8.0,16.0,14.0,8.0,5.0,1.0,0.0,0.0,9.0,16.0,2.0,0.0,0.0,0.0,0.0,0.0,2.0,16.0,15.0,2.0,0.0,0.0,0.0,0.0,0.0,3.0,15.0,4.0,0.0,0.0,0.0,0.0,1.0,3.0,12.0,4.0,0.0,0.0,0.0,0.0,5.0,14.0,15.0,4.0,0.0,0.0,0.0,0.0,1.0,13.0,12.0,0.0,0.0,0.0,0.0,5
539,0.0,0.0,2.0,11.0,12.0,1.0,0.0,0.0,0.0,2.0,14.0,9.0,9.0,8.0,0.0,0.0,0.0,10.0,12.0,0.0,13.0,6.0,0.0,0.0,0.0,6.0,5.0,2.0,13.0,2.0,0.0,0.0,0.0,0.0,0.0,10.0,9.0,0.0,0.0,0.0,0.0,0.0,0.0,1.0,10.0,9.0,1.0,0.0,0.0,0.0,6.0,7.0,0.0,12.0,6.0,0.0,0.0,0.0,1.0,12.0,16.0,16.0,5.0,0.0,3
30,0.0,0.0,10.0,14.0,11.0,3.0,0.0,0.0,0.0,4.0,16.0,13.0,6.0,14.0,1.0,0.0,0.0,4.0,16.0,2.0,0.0,11.0,7.0,0.0,0.0,8.0,16.0,0.0,0.0,10.0,5.0,0.0,0.0,8.0,16.0,0.0,0.0,14.0,4.0,0.0,0.0,8.0,16.0,0.0,1.0,16.0,1.0,0.0,0.0,4.0,16.0,1.0,11.0,15.0,0.0,0.0,0.0,0.0,11.0,16.0,12.0,3.0,0.0,0.0,0
1302,0.0,5.0,16.0,16.0,16.0,16.0,10.0,0.0,0.0,4.0,10.0,4.0,4.0,4.0,0.0,0.0,0.0,10.0,10.0,0.0,0.0,0.0,0.0,0.0,0.0,4.0,16.0,13.0,7.0,1.0,0.0,0.0,0.0,0.0,2.0,8.0,14.0,14.0,2.0,0.0,0.0,0.0,0.0,0.0,1.0,16.0,7.0,0.0,0.0,3.0,3.0,2.0,11.0,15.0,0.0,0.0,0.0,5.0,16.0,16.0,12.0,1.0,0.0,0.0,5
1453,0.0,0.0,1.0,12.0,12.0,4.0,1.0,0.0,0.0,0.0,13.0,13.0,13.0,14.0,8.0,0.0,0.0,6.0,15.0,0.0,0.0,12.0,7.0,0.0,0.0,2.0,16.0,13.0,12.0,13.0,1.0,0.0,0.0,0.0,0.0,14.0,16.0,9.0,0.0,0.0,0.0,0.0,6.0,10.0,2.0,16.0,0.0,0.0,0.0,0.0,11.0,8.0,5.0,16.0,0.0,0.0,0.0,0.0,3.0,12.0,16.0,7.0,0.0,0.0,8
1374,0.0,0.0,0.0,7.0,14.0,0.0,0.0,0.0,0.0,0.0,1.0,14.0,8.0,0.0,1.0,0.0,0.0,0.0,8.0,14.0,0.0,9.0,11.0,0.0,0.0,1.0,15.0,6.0,1.0,14.0,10.0,0.0,0.0,8.0,15.0,0.0,8.0,16.0,1.0,0.0,0.0,10.0,15.0,9.0,15.0,15.0,0.0,0.0,0.0,5.0,15.0,14.0,16.0,6.0,0.0,0.0,0.0,0.0,0.0,8.0,15.0,2.0,0.0,0.0,4
349,0.0,0.0,1.0,14.0,7.0,0.0,0.0,0.0,0.0,0.0,6.0,16.0,16.0,1.0,0.0,0.0,0.0,0.0,7.0,16.0,15.0,0.0,0.0,0.0,0.0,0.0,6.0,16.0,15.0,0.0,0.0,0.0,0.0,0.0,6.0,16.0,15.0,0.0,0.0,0.0,0.0,0.0,4.0,16.0,16.0,1.0,0.0,0.0,0.0,0.0,4.0,16.0,16.0,6.0,0.0,0.0,0.0,0.0,1.0,15.0,16.0,8.0,0.0,0.0,1
717,0.0,0.0,6.0,16.0,16.0,16.0,10.0,0.0,0.0,0.0,13.0,15.0,9.0,6.0,0.0,0.0,0.0,6.0,16.0,4.0,0.0,0.0,0.0,0.0,0.0,12.0,15.0,4.0,2.0,0.0,0.0,0.0,0.0,8.0,16.0,16.0,16.0,15.0,1.0,0.0,0.0,0.0,6.0,8.0,9.0,16.0,4.0,0.0,0.0,0.0,1.0,3.0,13.0,15.0,1.0,0.0,0.0,0.0,7.0,16.0,15.0,3.0,0.0,0.0,5
1599,0.0,0.0,0.0,15.0,11.0,0.0,0.0,0.0,0.0,0.0,6.0,16.0,16.0,2.0,0.0,0.0,0.0,0.0,10.0,16.0,16.0,1.0,0.0,0.0,0.0,2.0,16.0,16.0,16.0,3.0,0.0,0.0,0.0,7.0,16.0,16.0,14.0,0.0,0.0,0.0,0.0,0.0,3.0,15.0,10.0,0.0,0.0,0.0,0.0,0.0,0.0,15.0,7.0,0.0,0.0,0.0,0.0,0.0,0.0,14.0,4.0,0.0,0.0,0.0,1
1488,0.0,4.0,15.0,14.0,11.0,2.0,0.0,0.0,0.0,7.0,10.0,1.0,11.0,11.0,0.0,0.0,0.0,1.0,13.0,4.0,13.0,16.0,2.0,0.0,0.0,0.0,3.0,11.0,7.0,9.0,6.0,0.0,0.0,0.0,0.0,0.0,0.0,5.0,8.0,0.0,0.0,0.0,0.0,0.0,0.0,5.0,8.0,0.0,0.0,3.0,12.0,0.0,3.0,13.0,5.0,0.0,0.0,2.0,13.0,16.0,16.0,8.0,0.0,0.0,9
1196,0.0,1.0,7.0,14.0,10.0,0.0,0.0,0.0,0.0,10.0,12.0,5.0,9.0,7.0,0.0,0.0,0.0,10.0,6.0,0.0,6.0,15.0,0.0,0.0,0.0,5.0,11.0,11.0,14.0,15.0,1.0,0.0,0.0,0.0,2.0,7.0,1.0,10.0,5.0,0.0,0.0,0.0,0.0,0.0,0.0,9.0,5.0,0.0,0.0,0.0,5.0,3.0,0.0,13.0,5.0,0.0,0.0,0.0,4.0,14.0,14.0,12.0,2.0,0.0,9
199,0.0,0.0,6.0,15.0,5.0,0.0,0.0,0.0,0.0,1.0,15.0,15.0,15.0,3.0,0.0,0.0,0.0,2.0,16.0,6.0,11.0,14.0,0.0,0.0,0.0,0.0,15.0,14.0,15.0,16.0,1.0,0.0,0.0,0.0,3.0,8.0,10.0,16.0,5.0,0.0,0.0,0.0,0.0,0.0,3.0,16.0,8.0,0.0,0.0,0.0,0.0,4.0,10.0,16.0,8.0,0.0,0.0,0.0,7.0,12.0,13.0,12.0,1.0,0.0,9
381,0.0,0.0,0.0,2.0,9.0,16.0,10.0,0.0,0.0,0.0,7.0,15.0,8.0,7.0,12.0,0.0,0.0,1.0,15.0,3.0,0.0,11.0,12.0,0.0,0.0,8.0,14.0,9.0,13.0,16.0,8.0,0.0,0.0,1.0,7.0,7.0,3.0,13.0,4.0,0.0,0.0,0.0,0.0,0.0,5.0,13.0,0.0,0.0,0.0,0.0,0.0,0.0,10.0,9.0,0.0,0.0,0.0,0.0,0.0,0.0,14.0,4.0,0.0,0.0,9
1269,0.0,0.0,5.0,12.0,16.0,16.0,7.0,0.0,0.0,0.0,10.0,9.0,4.0,11.0,12.0,0.0,0.0,0.0,0.0,0.0,0.0,13.0,7.0,0.0,0.0,0.0,2.0,10.0,15.0,16.0,13.0,0.0,0.0,0.0,14.0,13.0,16.0,10.0,1.0,0.0,0.0,0.0,3.0,4.0,16.0,2.0,0.0,0.0,0.0,0.0,0.0,13.0,9.0,0.0,0.0,0.0,0.0,0.0,6.0,13.0,0.0,0.0,0.0,0.0,7
463,0.0,0.0,13.0,14.0,3.0,0.0,0.0,0.0,0.0,4.0,16.0,15.0,11.0,0.0,0.0,0.0,0.0,7.0,12.0,4.0,16.0,0.0,0.0,0.0,0.0,3.0,6.0,4.0,16.0,0.0,0.0,0.0,0.0,0.0,0.0,9.0,12.0,0.0,0.0,0.0,0.0,0.0,1.0,14.0,7.0,0.0,0.0,0.0,0.0,1.0,14.0,16.0,10.0,10.0,2.0,0.0,0.0,0.0,11.0,12.0,14.0,14.0,6.0,0.0,2
1002,0.0,0.0,6.0,16.0,12.0,1.0,0.0,0.0,0.0,3.0,16.0,5.0,9.0,13.0,0.0,0.0,0.0,5.0,12.0,0.0,0.0,12.0,6.0,0.0,0.0,8.0,14.0,2.0,0.0,7.0,8.0,0.0,0.0,7.0,12.0,2.0,0.0,4.0,8.0,0.0,0.0,4.0,12.0,0.0,0.0,9.0,7.0,0.0,0.0,3.0,16.0,5.0,7.0,14.0,2.0,0.0,0.0,0.0,7.0,16.0,13.0,3.0,0.0,0.0,0
1123,0.0,0.0,10.0,15.0,8.0,0.0,0.0,0.0,0.0,0.0,16.0,4.0,11.0,3.0,5.0,0.0,0.0,0.0,14.0,5.0,7.0,10.0,7.0,0.0,0.0,0.0,4.0,13.0,12.0,11.0,0.0,0.0,0.0,0.0,2.0,14.0,12.0,0.0,0.0,0.0,0.0,1.0,14.0,7.0,12.0,4.0,0.0,0.0,0.0,7.0,10.0,0.0,3.0,12.0,0.0,0.0,0.0,1.0,10.0,11.0,12.0,10.0,0.0,0.0,8
1117,0.0,0.0,13.0,14.0,10.0,2.0,0.0,0.0,0.0,0.0,6.0,16.0,16.0,16.0,0.0,0.0,0.0,0.0,0.0,16.0,16.0,16.0,4.0,0.0,0.0,0.0,4.0,16.0,16.0,14.0,2.0,0.0,0.0,0.0,8.0,16.0,16.0,7.0,0.0,0.0,0.0,3.0,15.0,16.0,16.0,4.0,0.0,0.0,0.0,1.0,16.0,16.0,14.0,1.0,0.0,0.0,0.0,0.0,14.0,16.0,13.0,3.0,0.0,0.0,1
1189,0.0,1.0,7.0,14.0,16.0,12.0,1.0,0.0,0.0,7.0,16.0,9.0,6.0,11.0,1.0,0.0,0.0,11.0,12.0,4.0,1.0,0.0,0.0,0.0,0.0,12.0,16.0,16.0,15.0,6.0,0.0,0.0,0.0,3.0,9.0,4.0,11.0,12.0,0.0,0.0,0.0,0.0,0.0,0.0,8.0,16.0,0.0,0.0,0.0,0.0,0.0,0.0,14.0,13.0,0.0,0.0,0.0,0.0,6.0,16.0,15.0,3.0,0.0,0.0,5
1597,0.0,0.0,1.0,15.0,13.0,2.0,0.0,0.0,0.0,0.0,0.0,8.0,14.0,10.0,0.0,0.0,0.0,0.0,0.0,0.0,5.0,15.0,1.0,0.0,0.0,0.0,0.0,0.0,2.0,16.0,5.0,0.0,0.0,0.0,0.0,0.0,8.0,15.0,1.0,0.0,0.0,0.0,3.0,10.0,13.0,13.0,0.0,0.0,0.0,0.0,8.0,16.0,16.0,12.0,4.0,0.0,0.0,0.0,1.0,13.0,15.0,14.0,16.0,7.0,2
695,0.0,0.0,4.0,16.0,16.0,4.0,0.0,0.0,0.0,0.0,10.0,15.0,12.0,14.0,0.0,0.0,0.0,2.0,11.0,0.0,0.0,9.0,6.0,0.0,0.0,5.0,6.0,0.0,0.0,4.0,5.0,0.0,0.0,4.0,9.0,0.0,0.0,7.0,4.0,0.0,0.0,4.0,10.0,0.0,2.0,14.0,0.0,0.0,0.0,0.0,14.0,15.0,16.0,8.0,0.0,0.0,0.0,0.0,4.0,13.0,10.0,0.0,0.0,0.0,0
910,0.0,0.0,14.0,12.0,12.0,13.0,3.0,0.0,0.0,0.0,16.0,8.0,8.0,6.0,1.0,0.0,0.0,0.0,14.0,7.0,5.0,0.0,0.0,0.0,0.0,0.0,15.0,15.0,16.0,2.0,0.0,0.0,0.0,0.0,13.0,3.0,6.0,8.0,0.0,0.0,0.0,0.0,0.0,0.0,3.0,13.0,0.0,0.0,0.0,0.0,5.0,4.0,8.0,12.0,1.0,0.0,0.0,1.0,15.0,15.0,11.0,3.0,0.0,0.0,5
428,0.0,0.0,0.0,1.0,12.0,7.0,0.0,0.0,0.0,0.0,0.0,9.0,16.0,16.0,1.0,0.0,0.0,1.0,7.0,15.0,16.0,14.0,0.0,0.0,0.0,4.0,16.0,16.0,16.0,16.0,0.0,0.0,0.0,0.0,0.0,3.0,16.0,16.0,0.0,0.0,0.0,0.0,0.0,2.0,16.0,16.0,3.0,0.0,0.0,0.0,0.0,6.0,16.0,16.0,0.0,0.0,0.0,0.0,0.0,3.0,15.0,13.0,0.0,0.0,1
88,0.0,0.0,0.0,10.0,11.0,0.0,0.0,0.0,0.0,0.0,3.0,16.0,10.0,0.0,0.0,0.0,0.0,0.0,8.0,16.0,0.0,0.0,0.0,0.0,0.0,0.0,12.0,14.0,0.0,0.0,0.0,0.0,0.0,0.0,14.0,16.0,15.0,6.0,0.0,0.0,0.0,0.0,12.0,16.0,12.0,15.0,6.0,0.0,0.0,0.0,7.0,16.0,10.0,13.0,14.0,0.0,0.0,0.0,0.0,9.0,13.0,11.0,6.0,0.0,6
514,0.0,0.0,5.0,13.0,15.0,6.0,0.0,0.0,0.0,2.0,16.0,9.0,16.0,13.0,0.0,0.0,0.0,4.0,14.0,0.0,10.0,16.0,2.0,0.0,0.0,4.0,15.0,11.0,15.0,16.0,1.0,0.0,0.0,0.0,7.0,10.0,3.0,13.0,8.0,0.0,0.0,0.0,3.0,0.0,0.0,12.0,5.0,0.0,0.0,0.0,13.0,11.0,4.0,16.0,4.0,0.0,0.0,0.0,7.0,14.0,16.0,11.0,1.0,0.0,9
502,0.0,0.0,0.0,3.0,15.0,13.0,1.0,0.0,0.0,0.0,2.0,15.0,16.0,16.0,2.0,0.0,0.0,0.0,13.0,10.0,5.0,15.0,0.0,0.0,0.0,0.0,6.0,2.0,11.0,8.0,0.0,0.0,0.0,0.0,0.0,6.0,14.0,2.0,0.0,0.0,0.0,3.0,8.0,16.0,8.0,0.0,0.0,0.0,3.0,16.0,16.0,16.0,16.0,8.0,0.0,0.0,1.0,4.0,4.0,5.0,13.0,6.0,0.0,0.0,2
874,0.0,0.0,7.0,15.0,15.0,2.0,0.0,0.0,0.0,0.0,13.0,6.0,12.0,6.0,0.0,0.0,0.0,0.0,0.0,0.0,15.0,2.0,0.0,0.0,0.0,0.0,0.0,13.0,10.0,0.0,0.0,0.0,0.0,0.0,0.0,8.0,15.0,12.0,0.0,0.0,0.0,3.0,7.0,0.0,2.0,15.0,1.0,0.0,0.0,2.0,15.0,6.0,6.0,16.0,1.0,0.0,0.0,0.0,4.0,15.0,16.0,7.0,0.0,0.0,3
1172,0.0,1.0,12.0,16.0,16.0,15.0,0.0,0.0,0.0,7.0,16.0,9.0,4.0,3.0,0.0,0.0,0.0,10.0,15.0,1.0,0.0,0.0,0.0,0.0,0.0,11.0,15.0,8.0,7.0,1.0,0.0,0.0,0.0,2.0,13.0,16.0,16.0,15.0,5.0,0.0,0.0,0.0,0.0,0.0,0.0,13.0,14.0,0.0,0.0,0.0,2.0,7.0,13.0,16.0,9.0,0.0,0.0,0.0,14.0,16.0,12.0,5.0,0.0,0.0,5
1213,0.0,0.0,1.0,16.0,11.0,0.0,0.0,0.0,0.0,0.0,0.0,15.0,16.0,1.0,0.0,0.0,0.0,0.0,0.0,15.0,14.0,0.0,0.0,0.0,0.0,0.0,2.0,16.0,14.0,0.0,0.0,0.0,0.0,0.0,1.0,16.0,15.0,0.0,0.0,0.0,0.0,0.0,0.0,14.0,13.0,0.0,0.0,0.0,0.0,0.0,0.0,13.0,10.0,0.0,0.0,0.0,0.0,0.0,0.0,12.0,11.0,0.0,0.0,0.0,1
824,0.0,0.0,6.0,15.0,9.0,0.0,0.0,0.0,0.0,0.0,11.0,16.0,16.0,13.0,0.0,0.0,0.0,0.0,10.0,16.0,16.0,16.0,7.0,0.0,0.0,1.0,16.0,8.0,0.0,11.0,8.0,0.0,0.0,7.0,14.0,1.0,0.0,10.0,8.0,0.0,0.0,8.0,12.0,0.0,0.0,13.0,4.0,0.0,0.0,5.0,16.0,8.0,9.0,13.0,0.0,0.0,0.0,0.0,6.0,12.0,13.0,5.0,0.0,0.0,0
678,0.0,0.0,2.0,15.0,15.0,16.0,11.0,0.0,0.0,0.0,8.0,16.0,11.0,3.0,0.0,0.0,0.0,0.0,13.0,9.0,0.0,0.0,0.0,0.0,0.0,5.0,16.0,3.0,9.0,11.0,3.0,0.0,0.0,10.0,15.0,15.0,16.0,16.0,11.0,0.0,0.0,6.0,16.0,10.0,7.0,16.0,5.0,0.0,0.0,0.0,3.0,4.0,15.0,8.0,0.0,0.0,0.0,0.0,4.0,15.0,7.0,0.0,0.0,0.0,5
194,0.0,0.0,0.0,0.0,11.0,5.0,0.0,0.0,0.0,0.0,0.0,8.0,16.0,2.0,0.0,0.0,0.0,0.0,4.0,15.0,16.0,3.0,0.0,0.0,0.0,0.0,12.0,6.0,16.0,3.0,0.0,0.0,0.0,5.0,15.0,0.0,15.0,5.0,3.0,0.0,0.0,6.0,16.0,16.0,16.0,11.0,4.0,0.0,0.0,0.0,0.0,0.0,14.0,0.0,0.0,0.0,0.0,0.0,0.0,0.0,12.0,2.0,0.0,0.0,4
1736,0.0,0.0,10.0,16.0,9.0,1.0,0.0,0.0,0.0,7.0,16.0,9.0,14.0,11.0,0.0,0.0,0.0,8.0,14.0,1.0,7.0,14.0,2.0,0.0,0.0,2.0,14.0,14.0,14.0,15.0,3.0,0.0,0.0,0.0,2.0,4.0,4.0,16.0,4.0,0.0,0.0,0.0,3.0,0.0,0.0,13.0,9.0,0.0,0.0,2.0,15.0,8.0,8.0,14.0,8.0,0.0,0.0,0.0,8.0,15.0,13.0,10.0,0.0,0.0,9
393,0.0,0.0,2.0,12.0,8.0,7.0,6.0,2.0,0.0,0.0,9.0,16.0,15.0,16.0,16.0,5.0,0.0,0.0,13.0,11.0,0.0,10.0,14.0,0.0,0.0,0.0,11.0,3.0,2.0,15.0,4.0,0.0,0.0,0.0,0.0,0.0,11.0,9.0,0.0,0.0,0.0,0.0,0.0,8.0,16.0,4.0,0.0,0.0,0.0,0.0,0.0,15.0,12.0,0.0,0.0,0.0,0.0,0.0,4.0,16.0,2.0,0.0,0.0,0.0,7
673,0.0,0.0,0.0,4.0,11.0,15.0,16.0,12.0,0.0,0.0,2.0,16.0,12.0,9.0,11.0,12.0,0.0,0.0,1.0,2.0,0.0,0.0,14.0,5.0,0.0,0.0,0.0,7.0,12.0,14.0,15.0,0.0,0.0,0.0,3.0,16.0,16.0,15.0,2.0,0.0,0.0,0.0,0.0,1.0,11.0,8.0,0.0,0.0,0.0,0.0,0.0,2.0,15.0,1.0,0.0,0.0,0.0,0.0,0.0,5.0,10.0,0.0,0.0,0.0,7
1465,0.0,3.0,15.0,16.0,6.0,0.0,0.0,0.0,0.0,11.0,15.0,12.0,15.0,0.0,0.0,0.0,0.0,2.0,2.0,2.0,16.0,4.0,0.0,0.0,0.0,0.0,0.0,0.0,16.0,4.0,0.0,0.0,0.0,0.0,0.0,5.0,16.0,1.0,0.0,0.0,0.0,0.0,0.0,11.0,15.0,4.0,1.0,0.0,0.0,1.0,10.0,16.0,16.0,16.0,11.0,0.0,0.0,4.0,16.0,14.0,12.0,8.0,3.0,0.0,2
37,0.0,0.0,13.0,10.0,1.0,0.0,0.0,0.0,0.0,5.0,16.0,14.0,7.0,0.0,0.0,0.0,0.0,4.0,16.0,8.0,14.0,0.0,0.0,0.0,0.0,2.0,14.0,16.0,16.0,6.0,0.0,0.0,0.0,0.0,1.0,4.0,9.0,13.0,1.0,0.0,0.0,0.0,0.0,0.0,0.0,13.0,6.0,0.0,0.0,0.0,5.0,8.0,5.0,9.0,14.0,0.0,0.0,0.0,13.0,13.0,15.0,16.0,13.0,0.0,9
1414,0.0,0.0,10.0,9.0,14.0,10.0,0.0,0.0,0.0,2.0,15.0,15.0,4.0,14.0,2.0,0.0,0.0,0.0,13.0,5.0,9.0,12.0,0.0,0.0,0.0,0.0,4.0,16.0,14.0,2.0,0.0,0.0,0.0,0.0,11.0,12.0,10.0,0.0,0.0,0.0,0.0,0.0,15.0,1.0,12.0,0.0,0.0,0.0,0.0,3.0,12.0,2.0,13.0,0.0,0.0,0.0,0.0,0.0,9.0,16.0,7.0,0.0,0.0,0.0,8
731,0.0,0.0,5.0,15.0,13.0,12.0,4.0,0.0,0.0,0.0,11.0,16.0,16.0,14.0,0.0,0.0,0.0,0.0,16.0,16.0,16.0,8.0,0.0,0.0,0.0,4.0,16.0,16.0,15.0,3.0,0.0,0.0,0.0,2.0,16.0,16.0,8.0,0.0,0.0,0.0,0.0,0.0,16.0,15.0,3.0,0.0,0.0,0.0,0.0,0.0,10.0,16.0,4.0,0.0,0.0,0.0,0.0,0.0,8.0,15.0,3.0,0.0,0.0,0.0,1
1364,0.0,0.0,7.0,16.0,14.0,3.0,0.0,0.0,0.0,0.0,9.0,14.0,11.0,15.0,0.0,0.0,0.0,0.0,1.0,5.0,0.0,15.0,5.0,0.0,0.0,0.0,0.0,0.0,0.0,16.0,5.0,0.0,0.0,0.0,0.0,0.0,3.0,16.0,4.0,0.0,0.0,0.0,0.0,1.0,12.0,14.0,1.0,0.0,0.0,0.0,5.0,12.0,16.0,16.0,14.0,1.0,0.0,0.0,8.0,16.0,14.0,10.0,13.0,3.0,2
1219,0.0,0.0,9.0,14.0,16.0,16.0,2.0,0.0,0.0,7.0,15.0,7.0,4.0,14.0,8.0,0.0,0.0,0.0,0.0,0.0,5.0,15.0,4.0,0.0,0.0,0.0,0.0,0.0,16.0,4.0,0.0,0.0,0.0,0.0,0.0,0.0,15.0,4.0,0.0,0.0,0.0,0.0,0.0,0.0,7.0,12.0,0.0,0.0,0.0,0.0,15.0,2.0,8.0,14.0,0.0,0.0,0.0,0.0,10.0,15.0,12.0,3.0,0.0,0.0,3
186,0.0,0.0,0.0,1.0,11.0,14.0,5.0,0.0,0.0,0.0,0.0,9.0,16.0,16.0,5.0,0.0,0.0,0.0,10.0,16.0,16.0,16.0,1.0,0.0,0.0,5.0,16.0,16.0,16.0,16.0,0.0,0.0,0.0,1.0,5.0,11.0,16.0,16.0,0.0,0.0,0.0,0.0,0.0,5.0,16.0,16.0,0.0,0.0,0.0,0.0,0.0,0.0,11.0,16.0,0.0,0.0,0.0,0.0,0.0,0.0,11.0,10.0,0.0,0.0,1
774,0.0,0.0,0.0,3.0,12.0,16.0,15.0,1.0,0.0,0.0,3.0,16.0,9.0,10.0,16.0,0.0,0.0,0.0,14.0,13.0,7.0,15.0,10.0,0.0,0.0,2.0,16.0,16.0,16.0,16.0,2.0,0.0,0.0,2.0,12.0,9.0,13.0,8.0,0.0,0.0,0.0,0.0,0.0,0.0,15.0,5.0,0.0,0.0,0.0,0.0,0.0,3.0,16.0,1.0,0.0,0.0,0.0,0.0,0.0,3.0,14.0,1.0,0.0,0.0,9
337,0.0,0.0,3.0,11.0,16.0,15.0,1.0,0.0,0.0,1.0,16.0,14.0,10.0,16.0,2.0,0.0,0.0,5.0,12.0,0.0,8.0,12.0,0.0,0.0,0.0,0.0,1.0,1.0,13.0,9.0,0.0,0.0,0.0,0.0,11.0,16.0,16.0,13.0,2.0,0.0,0.0,0.0,11.0,14.0,15.0,12.0,5.0,0.0,0.0,0.0,0.0,15.0,9.0,0.0,0.0,0.0,0.0,0.0,0.0,15.0,5.0,0.0,0.0,0.0,7
643,0.0,0.0,0.0,2.0,13.0,13.0,0.0,0.0,0.0,0.0,0.0,12.0,10.0,16.0,0.0,0.0,0.0,0.0,7.0,13.0,8.0,11.0,0.0,0.0,0.0,0.0,5.0,16.0,16.0,4.0,0.0,0.0,0.0,0.0,3.0,16.0,16.0,4.0,0.0,0.0,0.0,2.0,14.0,9.0,7.0,13.0,1.0,0.0,0.0,1.0,11.0,8.0,3.0,9.0,8.0,0.0,0.0,0.0,0.0,5.0,10.0,15.0,16.0,0.0,8
375,0.0,0.0,0.0,5.0,13.0,16.0,8.0,0.0,0.0,0.0,8.0,15.0,6.0,7.0,14.0,0.0,0.0,2.0,16.0,1.0,1.0,11.0,10.0,0.0,0.0,4.0,16.0,15.0,16.0,16.0,6.0,0.0,0.0,0.0,4.0,4.0,5.0,15.0,1.0,0.0,0.0,0.0,0.0,0.0,9.0,8.0,0.0,0.0,0.0,0.0,0.0,2.0,15.0,1.0,0.0,0.0,0.0,0.0,0.0,6.0,10.0,0.0,0.0,0.0,9
1090,0.0,1.0,12.0,16.0,16.0,9.0,0.0,0.0,0.0,11.0,15.0,9.0,7.0,16.0,3.0,0.0,0.0,13.0,3.0,1.0,10.0,15.0,1.0,0.0,0.0,0.0,0.0,11.0,16.0,8.0,0.0,0.0,0.0,0.0,0.0,5.0,15.0,16.0,5.0,0.0,0.0,0.0,0.0,0.0,0.0,10.0,13.0,0.0,0.0,0.0,7.0,4.0,8.0,15.0,9.0,0.0,0.0,0.0,13.0,16.0,16.0,12.0,1.0,0.0,3
743,0.0,0.0,0.0,12.0,8.0,0.0,0.0,0.0,0.0,0.0,6.0,16.0,3.0,12.0,4.0,0.0,0.0,1.0,16.0,5.0,8.0,14.0,0.0,0.0,0.0,9.0,15.0,0.0,13.0,10.0,2.0,0.0,0.0,10.0,15.0,12.0,16.0,16.0,9.0,0.0,0.0,6.0,16.0,16.0,15.0,9.0,1.0,0.0,0.0,0.0,0.0,14.0,5.0,0.0,0.0,0.0,0.0,0.0,0.0,15.0,0.0,0.0,0.0,0.0,4
1490,0.0,2.0,15.0,13.0,1.0,0.0,0.0,0.0,0.0,13.0,12.0,14.0,7.0,0.0,0.0,0.0,0.0,8.0,6.0,6.0,13.0,0.0,0.0,0.0,0.0,0.0,0.0,5.0,15.0,0.0,0.0,0.0,0.0,0.0,0.0,11.0,10.0,0.0,0.0,0.0,0.0,0.0,2.0,16.0,5.0,0.0,0.0,0.0,0.0,0.0,11.0,16.0,13.0,14.0,12.0,0.0,0.0,3.0,16.0,14.0,8.0,8.0,7.0,0.0,2
795,0.0,0.0,1.0,5.0,12.0,13.0,0.0,0.0,0.0,0.0,11.0,13.0,15.0,16.0,1.0,0.0,0.0,2.0,14.0,0.0,10.0,12.0,4.0,0.0,0.0,5.0,13.0,12.0,3.0,12.0,0.0,0.0,0.0,0.0,5.0,6.0,0.0,12.0,4.0,0.0,0.0,0.0,0.0,0.0,0.0,15.0,2.0,0.0,0.0,0.0,4.0,5.0,0.0,16.0,3.0,0.0,0.0,0.0,0.0,4.0,14.0,13.0,0.0,0.0,9
1309,0.0,0.0,4.0,16.0,16.0,4.0,0.0,0.0,0.0,0.0,12.0,11.0,7.0,11.0,0.0,0.0,0.0,0.0,9.0,2.0,5.0,12.0,0.0,0.0,0.0,0.0,0.0,0.0,7.0,11.0,0.0,0.0,0.0,0.0,0.0,0.0,13.0,6.0,0.0,0.0,0.0,0.0,0.0,2.0,16.0,1.0,0.0,0.0,0.0,0.0,1.0,15.0,15.0,10.0,1.0,0.0,0.0,0.0,5.0,16.0,8.0,11.0,11.0,0.0,2
330,0.0,0.0,5.0,8.0,12.0,16.0,4.0,0.0,0.0,3.0,16.0,11.0,7.0,1.0,0.0,0.0,0.0,3.0,14.0,6.0,4.0,0.0,0.0,0.0,0.0,5.0,16.0,12.0,14.0,6.0,0.0,0.0,0.0,0.0,2.0,0.0,4.0,12.0,0.0,0.0,0.0,0.0,0.0,0.0,4.0,10.0,0.0,0.0,0.0,0.0,6.0,8.0,14.0,7.0,0.0,0.0,0.0,0.0,7.0,13.0,7.0,0.0,0.0,0.0,5
1163,0.0,0.0,6.0,15.0,4.0,0.0,0.0,0.0,0.0,1.0,14.0,7.0,0.0,0.0,0.0,0.0,0.0,4.0,15.0,1.0,0.0,0.0,0.0,0.0,0.0,5.0,11.0,0.0,2.0,1.0,0.0,0.0,0.0,4.0,13.0,12.0,16.0,13.0,3.0,0.0,0.0,1.0,16.0,2.0,1.0,8.0,10.0,0.0,0.0,0.0,12.0,4.0,0.0,11.0,12.0,0.0,0.0,0.0,4.0,13.0,12.0,14.0,2.0,0.0,6
465,0.0,0.0,3.0,16.0,9.0,0.0,0.0,0.0,0.0,4.0,15.0,15.0,16.0,7.0,0.0,0.0,0.0,8.0,16.0,3.0,7.0,12.0,0.0,0.0,0.0,6.0,16.0,3.0,0.0,13.0,3.0,0.0,0.0,8.0,10.0,0.0,0.0,12.0,8.0,0.0,0.0,1.0,15.0,2.0,0.0,9.0,11.0,0.0,0.0,0.0,13.0,14.0,10.0,15.0,12.0,0.0,0.0,0.0,3.0,10.0,16.0,14.0,3.0,0.0,0
1405,0.0,0.0,2.0,13.0,16.0,8.0,0.0,0.0,0.0,0.0,13.0,7.0,7.0,13.0,0.0,0.0,0.0,1.0,7.0,0.0,7.0,13.0,2.0,0.0,0.0,0.0,1.0,10.0,16.0,16.0,13.0,0.0,0.0,0.0,6.0,13.0,16.0,2.0,0.0,0.0,0.0,0.0,1.0,5.0,11.0,0.0,0.0,0.0,0.0,0.0,0.0,12.0,4.0,0.0,0.0,0.0,0.0,0.0,2.0,14.0,0.0,0.0,0.0,0.0,7
670,0.0,0.0,0.0,0.0,6.0,15.0,2.0,0.0,0.0,0.0,0.0,5.0,16.0,16.0,2.0,0.0,0.0,0.0,4.0,16.0,12.0,16.0,0.0,0.0,0.0,4.0,15.0,6.0,7.0,13.0,0.0,0.0,0.0,11.0,15.0,15.0,16.0,16.0,9.0,0.0,0.0,9.0,13.0,12.0,13.0,14.0,3.0,0.0,0.0,0.0,0.0,0.0,9.0,8.0,0.0,0.0,0.0,0.0,0.0,0.0,8.0,8.0,0.0,0.0,4
971,0.0,0.0,5.0,15.0,14.0,3.0,0.0,0.0,0.0,2.0,14.0,7.0,4.0,13.0,0.0,0.0,0.0,2.0,15.0,5.0,5.0,16.0,1.0,0.0,0.0,0.0,7.0,15.0,16.0,16.0,3.0,0.0,0.0,0.0,0.0,1.0,3.0,7.0,10.0,0.0,0.0,0.0,0.0,0.0,0.0,2.0,14.0,0.0,0.0,0.0,8.0,9.0,4.0,2.0,16.0,1.0,0.0,0.0,4.0,11.0,13.0,16.0,11.0,0.0,9
768,0.0,0.0,4.0,12.0,16.0,8.0,0.0,0.0,0.0,5.0,16.0,11.0,10.0,16.0,4.0,0.0,0.0,8.0,13.0,0.0,1.0,13.0,4.0,0.0,0.0,3.0,16.0,13.0,15.0,13.0,3.0,0.0,0.0,0.0,9.0,16.0,16.0,7.0,0.0,0.0,0.0,0.0,14.0,7.0,5.0,15.0,6.0,0.0,0.0,0.0,10.0,12.0,7.0,13.0,10.0,0.0,0.0,0.0,3.0,13.0,13.0,10.0,1.0,0.0,8
1508,0.0,0.0,0.0,0.0,5.0,15.0,3.0,0.0,0.0,0.0,0.0,3.0,15.0,16.0,4.0,0.0,0.0,3.0,13.0,16.0,14.0,16.0,1.0,0.0,0.0,2.0,7.0,4.0,8.0,16.0,0.0,0.0,0.0,0.0,0.0,0.0,8.0,14.0,0.0,0.0,0.0,0.0,0.0,0.0,7.0,16.0,1.0,0.0,0.0,0.0,0.0,0.0,9.0,16.0,6.0,0.0,0.0,0.0,0.0,0.0,8.0,15.0,2.0,0.0,1
128,0.0,0.0,1.0,11.0,15.0,8.0,0.0,0.0,0.0,0.0,12.0,14.0,10.0,16.0,5.0,0.0,0.0,0.0,16.0,7.0,13.0,16.0,4.0,0.0,0.0,0.0,9.0,15.0,13.0,16.0,4.0,0.0,0.0,0.0,0.0,0.0,1.0,15.0,4.0,0.0,0.0,0.0,0.0,0.0,0.0,16.0,4.0,0.0,0.0,8.0,16.0,14.0,9.0,16.0,4.0,0.0,0.0,0.0,2.0,10.0,15.0,15.0,2.0,0.0,9
1762,0.0,0.0,2.0,13.0,13.0,1.0,0.0,0.0,0.0,0.0,12.0,16.0,9.0,0.0,0.0,0.0,0.0,0.0,16.0,11.0,0.0,0.0,0.0,0.0,0.0,4.0,16.0,8.0,0.0,0.0,0.0,0.0,0.0,6.0,16.0,9.0,3.0,0.0,0.0,0.0,0.0,3.0,16.0,14.0,12.0,13.0,4.0,0.0,0.0,0.0,14.0,10.0,0.0,10.0,15.0,0.0,0.0,0.0,2.0,12.0,16.0,13.0,7.0,0.0,6
847,0.0,0.0,7.0,13.0,8.0,6.0,0.0,0.0,0.0,0.0,16.0,15.0,16.0,14.0,10.0,0.0,0.0,4.0,16.0,13.0,1.0,0.0,0.0,0.0,0.0,1.0,10.0,16.0,9.0,0.0,0.0,0.0,0.0,0.0,0.0,5.0,13.0,0.0,0.0,0.0,0.0,0.0,0.0,5.0,15.0,0.0,0.0,0.0,0.0,0.0,8.0,11.0,8.0,0.0,0.0,0.0,0.0,0.0,9.0,16.0,3.0,0.0,0.0,0.0,5
1132,0.0,0.0,12.0,16.0,15.0,6.0,0.0,0.0,0.0,0.0,15.0,12.0,7.0,15.0,1.0,0.0,0.0,1.0,15.0,15.0,7.0,16.0,4.0,0.0,0.0,1.0,12.0,16.0,16.0,14.0,1.0,0.0,0.0,0.0,0.0,4.0,10.0,13.0,0.0,0.0,0.0,0.0,0.0,0.0,1.0,15.0,3.0,0.0,0.0,0.0,3.0,0.0,2.0,16.0,6.0,0.0,0.0,0.0,13.0,16.0,16.0,15.0,1.0,0.0,9
1530,0.0,1.0,13.0,16.0,15.0,5.0,0.0,0.0,0.0,4.0,16.0,7.0,14.0,12.0,0.0,0.0,0.0,3.0,12.0,2.0,11.0,10.0,0.0,0.0,0.0,0.0,0.0,0.0,14.0,8.0,0.0,0.0,0.0,0.0,0.0,3.0,16.0,4.0,0.0,0.0,0.0,0.0,1.0,11.0,13.0,0.0,0.0,0.0,0.0,0.0,9.0,16.0,14.0,16.0,7.0,0.0,0.0,1.0,16.0,16.0,15.0,12.0,5.0,0.0,2
503,0.0,0.0,11.0,15.0,15.0,16.0,9.0,0.0,0.0,4.0,16.0,14.0,8.0,9.0,3.0,0.0,0.0,4.0,12.0,0.0,0.0,0.0,0.0,0.0,0.0,6.0,16.0,15.0,3.0,0.0,0.0,0.0,0.0,3.0,11.0,11.0,12.0,0.0,0.0,0.0,0.0,0.0,0.0,2.0,16.0,0.0,0.0,0.0,0.0,2.0,12.0,9.0,16.0,0.0,0.0,0.0,0.0,0.0,11.0,16.0,8.0,0.0,0.0,0.0,5
1623,0.0,0.0,0.0,8.0,7.0,0.0,0.0,0.0,0.0,0.0,4.0,16.0,11.0,0.0,0.0,0.0,0.0,0.0,9.0,16.0,1.0,0.0,0.0,0.0,0.0,0.0,11.0,14.0,11.0,13.0,2.0,0.0,0.0,0.0,13.0,16.0,14.0,14.0,10.0,0.0,0.0,0.0,10.0,15.0,1.0,5.0,13.0,0.0,0.0,0.0,6.0,16.0,8.0,14.0,12.0,0.0,0.0,0.0,0.0,5.0,14.0,16.0,4.0,0.0,6
1752,0.0,0.0,4.0,10.0,12.0,7.0,0.0,0.0,0.0,0.0,8.0,16.0,16.0,15.0,0.0,0.0,0.0,0.0,9.0,16.0,16.0,12.0,0.0,0.0,0.0,0.0,7.0,16.0,16.0,9.0,0.0,0.0,0.0,0.0,2.0,14.0,16.0,11.0,1.0,0.0,0.0,0.0,0.0,16.0,16.0,16.0,0.0,0.0,0.0,0.0,2.0,16.0,16.0,12.0,0.0,0.0,0.0,0.0,1.0,9.0,10.0,0.0,0.0,0.0,1
416,0.0,0.0,4.0,14.0,9.0,0.0,0.0,0.0,0.0,0.0,13.0,16.0,16.0,10.0,0.0,0.0,0.0,4.0,16.0,4.0,5.0,16.0,6.0,0.0,0.0,8.0,14.0,0.0,1.0,15.0,5.0,0.0,0.0,6.0,16.0,0.0,0.0,13.0,4.0,0.0,0.0,4.0,15.0,1.0,7.0,16.0,1.0,0.0,0.0,2.0,15.0,14.0,16.0,7.0,0.0,0.0,0.0,0.0,4.0,13.0,9.0,0.0,0.0,0.0,0
898,0.0,0.0,1.0,11.0,14.0,15.0,3.0,0.0,0.0,1.0,13.0,16.0,12.0,16.0,8.0,0.0,0.0,8.0,16.0,4.0,6.0,16.0,5.0,0.0,0.0,5.0,15.0,11.0,13.0,14.0,0.0,0.0,0.0,0.0,2.0,12.0,16.0,13.0,0.0,0.0,0.0,0.0,0.0,13.0,16.0,16.0,6.0,0.0,0.0,0.0,0.0,16.0,16.0,16.0,7.0,0.0,0.0,0.0,0.0,11.0,13.0,12.0,1.0,0.0,8
1430,0.0,0.0,11.0,10.0,8.0,12.0,1.0,0.0,0.0,0.0,16.0,13.0,12.0,10.0,0.0,0.0,0.0,5.0,14.0,2.0,0.0,0.0,0.0,0.0,0.0,7.0,16.0,16.0,13.0,8.0,0.0,0.0,0.0,0.0,4.0,4.0,8.0,16.0,7.0,0.0,0.0,0.0,0.0,0.0,0.0,9.0,8.0,0.0,0.0,0.0,9.0,4.0,7.0,16.0,5.0,0.0,0.0,0.0,14.0,16.0,14.0,7.0,0.0,0.0,5
1641,0.0,0.0,0.0,15.0,5.0,0.0,0.0,0.0,0.0,0.0,4.0,16.0,7.0,0.0,0.0,0.0,0.0,1.0,13.0,16.0,0.0,9.0,2.0,0.0,0.0,5.0,16.0,11.0,5.0,16.0,9.0,0.0,0.0,7.0,16.0,14.0,16.0,16.0,7.0,0.0,0.0,1.0,11.0,15.0,16.0,10.0,0.0,0.0,0.0,0.0,0.0,13.0,16.0,3.0,0.0,0.0,0.0,0.0,1.0,16.0,11.0,0.0,0.0,0.0,4
458,0.0,0.0,3.0,14.0,10.0,1.0,0.0,0.0,0.0,2.0,14.0,12.0,15.0,14.0,1.0,0.0,0.0,6.0,13.0,0.0,3.0,14.0,8.0,0.0,0.0,5.0,12.0,0.0,0.0,11.0,8.0,0.0,0.0,4.0,14.0,0.0,0.0,12.0,7.0,0.0,0.0,1.0,14.0,4.0,3.0,16.0,3.0,0.0,0.0,0.0,8.0,12.0,12.0,12.0,0.0,0.0,0.0,0.0,2.0,15.0,10.0,3.0,0.0,0.0,0
1398,0.0,0.0,0.0,3.0,14.0,9.0,0.0,0.0,0.0,0.0,0.0,13.0,11.0,1.0,0.0,0.0,0.0,0.0,9.0,14.0,0.0,0.0,0.0,0.0,0.0,4.0,16.0,4.0,0.0,4.0,2.0,0.0,0.0,12.0,12.0,7.0,14.0,16.0,10.0,0.0,0.0,13.0,16.0,14.0,11.0,16.0,4.0,0.0,0.0,2.0,2.0,0.0,11.0,13.0,0.0,0.0,0.0,0.0,0.0,3.0,16.0,9.0,0.0,0.0,4
895,0.0,0.0,2.0,10.0,13.0,12.0,3.0,0.0,0.0,0.0,11.0,13.0,8.0,16.0,7.0,0.0,0.0,0.0,12.0,9.0,9.0,16.0,8.0,0.0,0.0,0.0,6.0,10.0,13.0,14.0,5.0,0.0,0.0,0.0,0.0,0.0,0.0,12.0,8.0,0.0,0.0,8.0,1.0,0.0,0.0,15.0,2.0,0.0,0.0,4.0,14.0,9.0,4.0,16.0,0.0,0.0,0.0,0.0,2.0,12.0,16.0,14.0,0.0,0.0,9
901,0.0,0.0,1.0,9.0,15.0,11.0,3.0,0.0,0.0,0.0,12.0,9.0,1.0,11.0,6.0,0.0,0.0,0.0,13.0,7.0,6.0,16.0,8.0,0.0,0.0,0.0,4.0,10.0,12.0,15.0,4.0,0.0,0.0,0.0,0.0,0.0,0.0,12.0,6.0,0.0,0.0,8.0,7.0,0.0,0.0,15.0,5.0,0.0,0.0,1.0,12.0,10.0,4.0,16.0,3.0,0.0,0.0,0.0,0.0,13.0,16.0,8.0,0.0,0.0,9
1460,0.0,0.0,8.0,13.0,12.0,3.0,0.0,0.0,0.0,6.0,15.0,7.0,9.0,12.0,0.0,0.0,0.0,0.0,0.0,0.0,7.0,11.0,0.0,0.0,0.0,0.0,0.0,4.0,15.0,3.0,0.0,0.0,0.0,0.0,0.0,10.0,16.0,9.0,0.0,0.0,0.0,0.0,0.0,0.0,4.0,15.0,7.0,0.0,0.0,0.0,11.0,2.0,1.0,15.0,7.0,0.0,0.0,0.0,8.0,16.0,16.0,12.0,0.0,0.0,3
307,0.0,0.0,5.0,15.0,15.0,2.0,0.0,0.0,0.0,3.0,16.0,9.0,16.0,5.0,0.0,0.0,0.0,5.0,9.0,1.0,16.0,1.0,0.0,0.0,0.0,0.0,0.0,10.0,9.0,0.0,0.0,0.0,0.0,0.0,1.0,16.0,3.0,0.0,0.0,0.0,0.0,0.0,9.0,9.0,0.0,0.0,0.0,0.0,0.0,0.0,11.0,14.0,7.0,6.0,2.0,0.0,0.0,0.0,6.0,16.0,16.0,15.0,2.0,0.0,2
1160,0.0,1.0,9.0,15.0,16.0,6.0,0.0,0.0,0.0,13.0,15.0,10.0,16.0,11.0,0.0,0.0,0.0,5.0,3.0,4.0,16.0,7.0,0.0,0.0,0.0,0.0,0.0,8.0,16.0,7.0,0.0,0.0,0.0,0.0,0.0,1.0,13.0,15.0,5.0,0.0,0.0,0.0,0.0,0.0,2.0,13.0,11.0,0.0,0.0,0.0,12.0,5.0,3.0,13.0,14.0,0.0,0.0,0.0,10.0,16.0,16.0,14.0,5.0,0.0,3
1772,0.0,0.0,5.0,14.0,11.0,8.0,0.0,0.0,0.0,4.0,15.0,2.0,16.0,16.0,0.0,0.0,0.0,8.0,12.0,0.0,12.0,16.0,0.0,0.0,0.0,2.0,15.0,16.0,16.0,15.0,4.0,0.0,0.0,0.0,0.0,4.0,10.0,16.0,2.0,0.0,0.0,0.0,0.0,0.0,4.0,16.0,2.0,0.0,0.0,3.0,13.0,8.0,14.0,16.0,0.0,0.0,0.0,0.0,7.0,15.0,12.0,5.0,0.0,0.0,9
1669,0.0,1.0,12.0,16.0,5.0,0.0,0.0,0.0,0.0,11.0,16.0,16.0,13.0,0.0,0.0,0.0,0.0,7.0,6.0,5.0,14.0,2.0,0.0,0.0,0.0,0.0,0.0,0.0,12.0,3.0,0.0,0.0,0.0,0.0,0.0,4.0,13.0,0.0,0.0,0.0,0.0,0.0,1.0,13.0,5.0,0.0,0.0,0.0,0.0,0.0,10.0,16.0,10.0,8.0,4.0,0.0,0.0,0.0,13.0,15.0,16.0,12.0,7.0,0.0,2
1409,0.0,0.0,2.0,15.0,15.0,3.0,0.0,0.0,0.0,3.0,12.0,15.0,10.0,13.0,0.0,0.0,0.0,3.0,16.0,14.0,11.0,14.0,0.0,0.0,0.0,0.0,7.0,16.0,16.0,9.0,0.0,0.0,0.0,0.0,5.0,16.0,13.0,0.0,0.0,0.0,0.0,0.0,13.0,16.0,11.0,0.0,0.0,0.0,0.0,0.0,13.0,16.0,15.0,0.0,0.0,0.0,0.0,0.0,2.0,15.0,10.0,0.0,0.0,0.0,8
1354,0.0,0.0,0.0,12.0,14.0,1.0,0.0,0.0,0.0,0.0,5.0,16.0,12.0,0.0,0.0,0.0,0.0,0.0,10.0,15.0,1.0,0.0,0.0,0.0,0.0,0.0,14.0,15.0,9.0,2.0,0.0,0.0,0.0,1.0,16.0,15.0,16.0,15.0,2.0,0.0,0.0,0.0,15.0,7.0,1.0,12.0,10.0,0.0,0.0,0.0,10.0,14.0,4.0,15.0,12.0,0.0,0.0,0.0,0.0,11.0,16.0,15.0,5.0,0.0,6
863,0.0,0.0,0.0,1.0,15.0,4.0,0.0,0.0,0.0,0.0,1.0,13.0,14.0,1.0,0.0,0.0,0.0,0.0,9.0,15.0,5.0,7.0,7.0,0.0,0.0,4.0,16.0,6.0,1.0,16.0,8.0,0.0,0.0,14.0,15.0,0.0,6.0,16.0,2.0,0.0,0.0,11.0,16.0,13.0,14.0,16.0,4.0,0.0,0.0,0.0,5.0,8.0,15.0,14.0,1.0,0.0,0.0,0.0,0.0,0.0,15.0,12.0,0.0,0.0,4
312,0.0,0.0,0.0,0.0,11.0,14.0,3.0,0.0,0.0,0.0,0.0,2.0,16.0,16.0,2.0,0.0,0.0,0.0,0.0,11.0,16.0,14.0,0.0,0.0,0.0,0.0,3.0,16.0,16.0,15.0,0.0,0.0,0.0,1.0,13.0,16.0,16.0,13.0,0.0,0.0,0.0,6.0,16.0,9.0,15.0,13.0,0.0,0.0,0.0,0.0,0.0,0.0,12.0,16.0,1.0,0.0,0.0,0.0,0.0,0.0,9.0,14.0,1.0,0.0,1
738,0.0,0.0,0.0,0.0,5.0,15.0,10.0,0.0,0.0,0.0,0.0,8.0,11.0,15.0,7.0,0.0,0.0,0.0,6.0,13.0,10.0,16.0,7.0,0.0,0.0,3.0,16.0,14.0,12.0,15.0,4.0,0.0,0.0,1.0,11.0,8.0,1.0,14.0,2.0,0.0,0.0,0.0,0.0,0.0,3.0,13.0,0.0,0.0,0.0,0.0,0.0,0.0,6.0,10.0,0.0,0.0,0.0,0.0,0.0,0.0,9.0,4.0,0.0,0.0,9
1717,0.0,0.0,13.0,9.0,0.0,0.0,0.0,0.0,0.0,8.0,16.0,15.0,0.0,0.0,0.0,0.0,0.0,9.0,9.0,13.0,2.0,0.0,0.0,0.0,0.0,0.0,0.0,11.0,3.0,0.0,0.0,0.0,0.0,0.0,1.0,13.0,0.0,0.0,0.0,0.0,0.0,0.0,4.0,13.0,0.0,0.0,0.0,0.0,0.0,1.0,13.0,15.0,8.0,12.0,11.0,0.0,0.0,0.0,12.0,16.0,16.0,12.0,2.0,0.0,2
1236,0.0,0.0,4.0,13.0,15.0,6.0,0.0,0.0,0.0,0.0,15.0,11.0,2.0,14.0,2.0,0.0,0.0,3.0,14.0,1.0,0.0,12.0,4.0,0.0,0.0,5.0,12.0,0.0,0.0,9.0,5.0,0.0,0.0,5.0,5.0,0.0,0.0,12.0,2.0,0.0,0.0,4.0,9.0,0.0,2.0,13.0,2.0,0.0,0.0,0.0,13.0,2.0,14.0,7.0,0.0,0.0,0.0,0.0,5.0,16.0,7.0,0.0,0.0,0.0,0
750,0.0,0.0,0.0,6.0,11.0,0.0,0.0,0.0,0.0,0.0,0.0,15.0,10.0,0.0,0.0,0.0,0.0,0.0,7.0,15.0,2.0,0.0,0.0,0.0,0.0,0.0,16.0,6.0,0.0,0.0,0.0,0.0,0.0,3.0,16.0,7.0,5.0,5.0,0.0,0.0,0.0,2.0,16.0,13.0,9.0,13.0,11.0,0.0,0.0,0.0,8.0,13.0,7.0,5.0,15.0,3.0,0.0,0.0,0.0,5.0,11.0,13.0,12.0,2.0,6
155,0.0,2.0,14.0,16.0,16.0,13.0,5.0,0.0,0.0,7.0,16.0,13.0,8.0,8.0,1.0,0.0,0.0,10.0,15.0,0.0,0.0,0.0,0.0,0.0,0.0,10.0,16.0,0.0,0.0,0.0,0.0,0.0,0.0,7.0,16.0,6.0,0.0,0.0,0.0,0.0,0.0,1.0,12.0,16.0,8.0,0.0,0.0,0.0,0.0,1.0,8.0,16.0,10.0,0.0,0.0,0.0,0.0,3.0,16.0,15.0,1.0,0.0,0.0,0.0,5
385,0.0,1.0,9.0,15.0,16.0,9.0,0.0,0.0,0.0,6.0,12.0,1.0,2.0,16.0,0.0,0.0,0.0,0.0,1.0,0.0,8.0,14.0,0.0,0.0,0.0,0.0,0.0,10.0,15.0,3.0,0.0,0.0,0.0,0.0,0.0,7.0,15.0,5.0,0.0,0.0,0.0,0.0,0.0,0.0,4.0,13.0,2.0,0.0,0.0,2.0,7.0,4.0,4.0,14.0,3.0,0.0,0.0,0.0,9.0,16.0,16.0,10.0,0.0,0.0,3
1699,0.0,0.0,15.0,16.0,12.0,5.0,0.0,0.0,0.0,1.0,16.0,15.0,11.0,7.0,0.0,0.0,0.0,4.0,16.0,9.0,0.0,0.0,0.0,0.0,0.0,8.0,16.0,14.0,12.0,7.0,0.0,0.0,0.0,7.0,16.0,14.0,10.0,16.0,3.0,0.0,0.0,0.0,1.0,0.0,10.0,16.0,4.0,0.0,0.0,0.0,1.0,10.0,16.0,10.0,0.0,0.0,0.0,0.0,13.0,15.0,5.0,0.0,0.0,0.0,5
1386,0.0,0.0,2.0,16.0,12.0,0.0,0.0,0.0,0.0,0.0,5.0,16.0,16.0,1.0,0.0,0.0,0.0,0.0,2.0,16.0,15.0,0.0,0.0,0.0,0.0,0.0,6.0,16.0,14.0,0.0,0.0,0.0,0.0,0.0,8.0,16.0,9.0,0.0,0.0,0.0,0.0,0.0,7.0,16.0,14.0,0.0,0.0,0.0,0.0,0.0,8.0,16.0,11.0,0.0,0.0,0.0,0.0,0.0,2.0,15.0,13.0,0.0,0.0,0.0,1
1408,0.0,0.0,0.0,2.0,14.0,5.0,0.0,0.0,0.0,0.0,1.0,11.0,11.0,0.0,0.0,0.0,0.0,0.0,7.0,14.0,1.0,0.0,0.0,0.0,0.0,5.0,16.0,3.0,4.0,6.0,2.0,0.0,0.0,14.0,16.0,14.0,16.0,16.0,10.0,0.0,0.0,9.0,12.0,7.0,8.0,16.0,4.0,0.0,0.0,0.0,0.0,0.0,13.0,12.0,0.0,0.0,0.0,0.0,0.0,3.0,15.0,6.0,0.0,0.0,4
1268,0.0,0.0,0.0,7.0,14.0,0.0,0.0,0.0,0.0,0.0,4.0,16.0,5.0,0.0,0.0,0.0,0.0,0.0,14.0,9.0,0.0,0.0,10.0,3.0,0.0,7.0,15.0,0.0,0.0,9.0,15.0,0.0,0.0,12.0,15.0,8.0,10.0,15.0,10.0,0.0,0.0,8.0,15.0,12.0,16.0,12.0,1.0,0.0,0.0,0.0,0.0,5.0,15.0,3.0,0.0,0.0,0.0,0.0,0.0,9.0,13.0,0.0,0.0,0.0,4
1633,0.0,0.0,0.0,8.0,10.0,14.0,3.0,0.0,0.0,1.0,13.0,13.0,9.0,12.0,8.0,0.0,0.0,6.0,16.0,8.0,8.0,16.0,4.0,0.0,0.0,5.0,16.0,16.0,16.0,9.0,0.0,0.0,0.0,0.0,5.0,8.0,14.0,12.0,0.0,0.0,0.0,0.0,0.0,3.0,16.0,5.0,0.0,0.0,0.0,0.0,0.0,15.0,8.0,0.0,0.0,0.0,0.0,0.0,1.0,12.0,2.0,0.0,0.0,0.0,9
1726,0.0,0.0,5.0,13.0,16.0,10.0,1.0,0.0,0.0,7.0,16.0,16.0,16.0,16.0,7.0,0.0,0.0,0.0,5.0,2.0,11.0,14.0,5.0,0.0,0.0,0.0,0.0,10.0,15.0,6.0,0.0,0.0,0.0,0.0,9.0,16.0,13.0,2.0,0.0,0.0,0.0,0.0,4.0,11.0,15.0,14.0,0.0,0.0,0.0,0.0,2.0,2.0,13.0,16.0,1.0,0.0,0.0,0.0,5.0,14.0,15.0,9.0,0.0,0.0,3
1628,0.0,0.0,5.0,13.0,0.0,0.0,0.0,0.0,0.0,0.0,12.0,9.0,4.0,13.0,0.0,0.0,0.0,0.0,16.0,5.0,11.0,13.0,0.0,0.0,0.0,0.0,15.0,13.0,15.0,7.0,0.0,0.0,0.0,0.0,4.0,14.0,15.0,0.0,0.0,0.0,0.0,0.0,0.0,14.0,8.0,0.0,0.0,0.0,0.0,0.0,2.0,16.0,4.0,0.0,0.0,0.0,0.0,0.0,6.0,16.0,1.0,0.0,0.0,0.0,4
1124,0.0,0.0,0.0,8.0,12.0,0.0,0.0,0.0,0.0,0.0,5.0,16.0,3.0,0.0,2.0,0.0,0.0,1.0,16.0,5.0,1.0,10.0,15.0,1.0,0.0,9.0,16.0,4.0,9.0,16.0,7.0,0.0,0.0,7.0,16.0,16.0,16.0,7.0,0.0,0.0,0.0,0.0,2.0,8.0,16.0,2.0,0.0,0.0,0.0,0.0,0.0,10.0,13.0,0.0,0.0,0.0,0.0,0.0,0.0,12.0,10.0,0.0,0.0,0.0,4
176,0.0,7.0,16.0,16.0,16.0,11.0,2.0,0.0,0.0,5.0,16.0,12.0,8.0,6.0,1.0,0.0,0.0,9.0,16.0,1.0,0.0,0.0,0.0,0.0,0.0,2.0,16.0,15.0,3.0,0.0,0.0,0.0,0.0,0.0,5.0,16.0,14.0,1.0,0.0,0.0,0.0,0.0,0.0,2.0,16.0,10.0,0.0,0.0,0.0,1.0,7.0,13.0,16.0,3.0,0.0,0.0,0.0,4.0,15.0,16.0,6.0,0.0,0.0,0.0,5
411,0.0,0.0,6.0,8.0,11.0,14.0,14.0,0.0,0.0,1.0,16.0,16.0,13.0,12.0,7.0,0.0,0.0,0.0,16.0,7.0,1.0,0.0,0.0,0.0,0.0,4.0,16.0,16.0,15.0,1.0,0.0,0.0,0.0,1.0,5.0,6.0,13.0,9.0,0.0,0.0,0.0,0.0,6.0,0.0,12.0,9.0,0.0,0.0,0.0,0.0,12.0,10.0,16.0,4.0,0.0,0.0,0.0,0.0,10.0,14.0,8.0,0.0,0.0,0.0,5
1271,0.0,1.0,3.0,15.0,15.0,2.0,0.0,0.0,2.0,16.0,16.0,12.0,16.0,6.0,0.0,0.0,1.0,15.0,7.0,6.0,14.0,0.0,0.0,0.0,0.0,5.0,14.0,14.0,10.0,0.0,0.0,0.0,0.0,0.0,7.0,16.0,7.0,0.0,0.0,0.0,0.0,0.0,6.0,15.0,13.0,8.0,0.0,0.0,0.0,0.0,8.0,12.0,7.0,16.0,0.0,0.0,0.0,0.0,4.0,15.0,16.0,14.0,0.0,0.0,8
136,0.0,0.0,2.0,15.0,4.0,0.0,0.0,0.0,0.0,0.0,11.0,13.0,0.0,0.0,0.0,0.0,0.0,0.0,16.0,6.0,0.0,0.0,0.0,0.0,0.0,3.0,16.0,7.0,0.0,0.0,0.0,0.0,0.0,4.0,16.0,16.0,15.0,5.0,0.0,0.0,0.0,4.0,16.0,5.0,3.0,13.0,7.0,0.0,0.0,1.0,14.0,9.0,0.0,8.0,13.0,0.0,0.0,0.0,2.0,13.0,16.0,16.0,8.0,0.0,6
555,0.0,0.0,2.0,10.0,14.0,10.0,0.0,0.0,0.0,1.0,15.0,9.0,9.0,16.0,1.0,0.0,0.0,7.0,9.0,0.0,9.0,12.0,0.0,0.0,0.0,7.0,7.0,3.0,15.0,15.0,0.0,0.0,0.0,2.0,15.0,15.0,7.0,16.0,1.0,0.0,0.0,0.0,1.0,2.0,0.0,9.0,4.0,0.0,0.0,0.0,5.0,13.0,4.0,8.0,9.0,0.0,0.0,0.0,1.0,10.0,15.0,16.0,6.0,0.0,9
262,0.0,0.0,3.0,13.0,6.0,0.0,0.0,0.0,0.0,0.0,10.0,15.0,2.0,0.0,0.0,0.0,0.0,2.0,15.0,3.0,0.0,0.0,0.0,0.0,0.0,4.0,14.0,0.0,0.0,0.0,0.0,0.0,0.0,4.0,14.0,14.0,16.0,13.0,2.0,0.0,0.0,3.0,16.0,9.0,1.0,4.0,12.0,0.0,0.0,0.0,14.0,10.0,5.0,11.0,11.0,0.0,0.0,0.0,3.0,13.0,15.0,8.0,0.0,0.0,6
351,0.0,0.0,0.0,11.0,16.0,2.0,0.0,0.0,0.0,0.0,7.0,16.0,8.0,2.0,0.0,0.0,0.0,0.0,15.0,7.0,0.0,0.0,0.0,0.0,0.0,0.0,16.0,4.0,3.0,1.0,0.0,0.0,0.0,1.0,16.0,16.0,16.0,16.0,4.0,0.0,0.0,0.0,14.0,12.0,4.0,6.0,12.0,0.0,0.0,0.0,10.0,16.0,5.0,10.0,15.0,0.0,0.0,0.0,2.0,11.0,16.0,12.0,8.0,0.0,6
1195,0.0,1.0,13.0,9.0,8.0,13.0,2.0,0.0,0.0,10.0,7.0,0.0,0.0,12.0,2.0,0.0,0.0,9.0,6.0,0.0,9.0,6.0,0.0,0.0,0.0,1.0,13.0,10.0,10.0,0.0,0.0,0.0,0.0,0.0,9.0,16.0,2.0,0.0,0.0,0.0,0.0,2.0,12.0,5.0,12.0,1.0,0.0,0.0,0.0,4.0,9.0,0.0,9.0,5.0,0.0,0.0,0.0,1.0,12.0,11.0,8.0,0.0,0.0,0.0,8
909,0.0,0.0,0.0,4.0,15.0,2.0,0.0,0.0,0.0,0.0,1.0,16.0,9.0,0.0,0.0,0.0,0.0,0.0,9.0,15.0,1.0,11.0,9.0,0.0,0.0,3.0,14.0,8.0,0.0,14.0,10.0,0.0,0.0,10.0,16.0,12.0,12.0,16.0,8.0,0.0,0.0,13.0,16.0,14.0,15.0,16.0,5.0,0.0,0.0,0.0,0.0,0.0,15.0,13.0,0.0,0.0,0.0,0.0,0.0,4.0,16.0,9.0,0.0,0.0,4
520,0.0,0.0,1.0,14.0,3.0,0.0,0.0,0.0,0.0,0.0,8.0,14.0,0.0,3.0,0.0,0.0,0.0,1.0,16.0,4.0,10.0,12.0,0.0,0.0,0.0,7.0,14.0,2.0,15.0,5.0,0.0,0.0,0.0,13.0,14.0,11.0,16.0,16.0,9.0,0.0,0.0,8.0,16.0,16.0,14.0,4.0,0.0,0.0,0.0,0.0,0.0,15.0,9.0,0.0,0.0,0.0,0.0,0.0,2.0,16.0,5.0,0.0,0.0,0.0,4
1559,0.0,0.0,1.0,12.0,7.0,0.0,0.0,0.0,0.0,0.0,8.0,14.0,1.0,0.0,0.0,0.0,0.0,0.0,15.0,7.0,0.0,3.0,5.0,0.0,0.0,5.0,16.0,0.0,4.0,15.0,4.0,0.0,0.0,5.0,16.0,16.0,16.0,15.0,2.0,0.0,0.0,0.0,11.0,12.0,16.0,8.0,0.0,0.0,0.0,0.0,0.0,5.0,16.0,3.0,0.0,0.0,0.0,0.0,0.0,13.0,10.0,0.0,0.0,0.0,4
1662,0.0,0.0,7.0,15.0,16.0,12.0,0.0,0.0,0.0,12.0,16.0,11.0,16.0,13.0,0.0,0.0,0.0,15.0,16.0,16.0,14.0,5.0,0.0,0.0,0.0,8.0,16.0,12.0,0.0,0.0,0.0,0.0,0.0,0.0,2.0,12.0,9.0,0.0,0.0,0.0,0.0,0.0,0.0,9.0,13.0,0.0,0.0,0.0,0.0,0.0,2.0,16.0,8.0,0.0,0.0,0.0,0.0,0.0,10.0,12.0,1.0,0.0,0.0,0.0,9
858,0.0,0.0,2.0,16.0,8.0,0.0,0.0,0.0,0.0,0.0,8.0,16.0,6.0,0.0,0.0,0.0,0.0,0.0,15.0,10.0,0.0,0.0,0.0,0.0,0.0,4.0,16.0,2.0,0.0,0.0,0.0,0.0,0.0,8.0,16.0,16.0,16.0,14.0,2.0,0.0,0.0,8.0,16.0,7.0,4.0,16.0,8.0,0.0,0.0,1.0,16.0,9.0,6.0,16.0,4.0,0.0,0.0,0.0,3.0,12.0,16.0,12.0,0.0,0.0,6
446,0.0,0.0,3.0,14.0,13.0,0.0,0.0,0.0,0.0,2.0,16.0,9.0,16.0,2.0,0.0,0.0,0.0,4.0,12.0,3.0,16.0,0.0,0.0,0.0,0.0,2.0,9.0,15.0,16.0,10.0,1.0,0.0,0.0,0.0,0.0,11.0,8.0,16.0,6.0,0.0,0.0,0.0,6.0,0.0,0.0,12.0,8.0,0.0,0.0,0.0,14.0,10.0,5.0,16.0,7.0,0.0,0.0,0.0,3.0,13.0,16.0,11.0,1.0,0.0,3
480,0.0,0.0,4.0,6.0,11.0,14.0,6.0,0.0,0.0,4.0,16.0,16.0,12.0,16.0,7.0,0.0,0.0,6.0,16.0,2.0,1.0,16.0,3.0,0.0,0.0,5.0,16.0,0.0,5.0,14.0,0.0,0.0,0.0,0.0,2.0,0.0,11.0,10.0,0.0,0.0,0.0,0.0,0.0,2.0,15.0,4.0,0.0,0.0,0.0,0.0,0.0,8.0,16.0,0.0,0.0,0.0,0.0,0.0,0.0,7.0,12.0,0.0,0.0,0.0,7
835,0.0,1.0,8.0,14.0,15.0,2.0,0.0,0.0,0.0,2.0,13.0,9.0,14.0,8.0,0.0,0.0,0.0,0.0,0.0,0.0,12.0,9.0,0.0,0.0,0.0,0.0,2.0,13.0,13.0,0.0,0.0,0.0,0.0,0.0,3.0,15.0,16.0,6.0,0.0,0.0,0.0,1.0,1.0,0.0,12.0,14.0,0.0,0.0,0.0,5.0,13.0,5.0,6.0,16.0,1.0,0.0,0.0,1.0,9.0,12.0,13.0,9.0,0.0,0.0,3
850,0.0,2.0,13.0,13.0,11.0,9.0,0.0,0.0,0.0,10.0,16.0,16.0,16.0,15.0,10.0,0.0,0.0,11.0,16.0,9.0,0.0,0.0,0.0,0.0,0.0,3.0,15.0,16.0,8.0,0.0,0.0,0.0,0.0,0.0,2.0,11.0,14.0,0.0,0.0,0.0,0.0,0.0,0.0,8.0,16.0,0.0,0.0,0.0,0.0,0.0,1.0,11.0,11.0,0.0,0.0,0.0,0.0,1.0,16.0,15.0,4.0,0.0,0.0,0.0,5
972,0.0,0.0,5.0,15.0,2.0,0.0,0.0,0.0,0.0,0.0,1.0,16.0,8.0,0.0,0.0,0.0,0.0,0.0,0.0,14.0,12.0,0.0,0.0,0.0,0.0,0.0,2.0,16.0,16.0,3.0,0.0,0.0,0.0,0.0,2.0,9.0,14.0,6.0,0.0,0.0,0.0,0.0,0.0,0.0,6.0,13.0,0.0,0.0,0.0,0.0,2.0,10.0,12.0,16.0,4.0,4.0,0.0,0.0,4.0,15.0,16.0,16.0,16.0,16.0,1
1074,0.0,0.0,7.0,14.0,15.0,7.0,0.0,0.0,0.0,6.0,16.0,8.0,7.0,16.0,4.0,0.0,0.0,11.0,6.0,1.0,10.0,14.0,1.0,0.0,0.0,1.0,0.0,4.0,16.0,6.0,0.0,0.0,0.0,0.0,0.0,2.0,11.0,13.0,1.0,0.0,0.0,0.0,0.0,0.0,0.0,11.0,7.0,0.0,0.0,0.0,3.0,4.0,8.0,14.0,3.0,0.0,0.0,0.0,10.0,13.0,12.0,4.0,0.0,0.0,3
1215,0.0,0.0,0.0,14.0,13.0,1.0,0.0,0.0,0.0,0.0,4.0,16.0,11.0,0.0,0.0,0.0,0.0,0.0,12.0,16.0,1.0,0.0,0.0,0.0,0.0,1.0,15.0,16.0,14.0,1.0,0.0,0.0,0.0,4.0,16.0,12.0,8.0,12.0,7.0,0.0,0.0,2.0,15.0,8.0,0.0,8.0,16.0,2.0,0.0,0.0,10.0,14.0,9.0,15.0,15.0,1.0,0.0,0.0,1.0,14.0,16.0,14.0,2.0,0.0,6
170,0.0,0.0,2.0,13.0,4.0,0.0,0.0,0.0,0.0,0.0,8.0,14.0,11.0,0.0,0.0,0.0,0.0,0.0,10.0,6.0,14.0,5.0,2.0,0.0,0.0,0.0,2.0,14.0,12.0,14.0,0.0,0.0,0.0,0.0,1.0,15.0,13.0,2.0,0.0,0.0,0.0,0.0,11.0,13.0,14.0,1.0,0.0,0.0,0.0,0.0,13.0,8.0,10.0,4.0,0.0,0.0,0.0,0.0,2.0,11.0,16.0,7.0,0.0,0.0,8
1394,0.0,0.0,2.0,16.0,13.0,0.0,0.0,0.0,0.0,0.0,4.0,16.0,15.0,0.0,0.0,0.0,0.0,0.0,4.0,16.0,12.0,0.0,0.0,0.0,0.0,0.0,7.0,16.0,10.0,0.0,0.0,0.0,0.0,0.0,5.0,16.0,9.0,0.0,0.0,0.0,0.0,0.0,7.0,16.0,7.0,0.0,0.0,0.0,0.0,0.0,3.0,16.0,9.0,0.0,0.0,0.0,0.0,0.0,1.0,12.0,15.0,0.0,0.0,0.0,1
1184,0.0,0.0,2.0,9.0,14.0,16.0,15.0,0.0,0.0,3.0,16.0,13.0,8.0,10.0,16.0,0.0,0.0,1.0,2.0,0.0,0.0,11.0,9.0,0.0,0.0,0.0,3.0,11.0,12.0,16.0,11.0,0.0,0.0,0.0,12.0,14.0,16.0,12.0,2.0,0.0,0.0,0.0,0.0,3.0,16.0,3.0,0.0,0.0,0.0,0.0,0.0,7.0,10.0,0.0,0.0,0.0,0.0,0.0,0.0,14.0,5.0,0.0,0.0,0.0,7
288,0.0,0.0,6.0,8.0,8.0,13.0,3.0,0.0,0.0,1.0,14.0,14.0,12.0,9.0,3.0,0.0,0.0,4.0,16.0,8.0,2.0,0.0,0.0,0.0,0.0,4.0,16.0,13.0,15.0,7.0,0.0,0.0,0.0,0.0,0.0,0.0,3.0,15.0,0.0,0.0,0.0,0.0,0.0,0.0,3.0,15.0,0.0,0.0,0.0,0.0,6.0,8.0,13.0,8.0,0.0,0.0,0.0,0.0,9.0,15.0,8.0,0.0,0.0,0.0,5
1176,0.0,0.0,8.0,16.0,10.0,2.0,0.0,0.0,0.0,0.0,12.0,13.0,14.0,11.0,0.0,0.0,0.0,0.0,10.0,13.0,8.0,16.0,2.0,0.0,0.0,0.0,4.0,15.0,15.0,16.0,8.0,0.0,0.0,0.0,0.0,3.0,8.0,11.0,13.0,0.0,0.0,0.0,0.0,0.0,0.0,5.0,16.0,4.0,0.0,0.0,1.0,2.0,2.0,7.0,16.0,5.0,0.0,0.0,3.0,14.0,16.0,16.0,11.0,1.0,9
952,0.0,0.0,10.0,9.0,0.0,0.0,0.0,0.0,0.0,0.0,8.0,16.0,2.0,0.0,0.0,0.0,0.0,0.0,8.0,16.0,6.0,0.0,0.0,0.0,0.0,0.0,5.0,16.0,13.0,1.0,0.0,0.0,0.0,0.0,1.0,5.0,14.0,6.0,0.0,0.0,0.0,0.0,0.0,0.0,8.0,11.0,0.0,0.0,0.0,0.0,8.0,12.0,9.0,16.0,6.0,4.0,0.0,0.0,7.0,16.0,16.0,16.0,16.0,14.0,1
1495,0.0,0.0,0.0,0.0,6.0,16.0,7.0,0.0,0.0,1.0,5.0,11.0,16.0,16.0,8.0,0.0,0.0,11.0,16.0,16.0,13.0,16.0,8.0,0.0,0.0,3.0,7.0,1.0,4.0,16.0,8.0,0.0,0.0,0.0,0.0,0.0,5.0,16.0,8.0,0.0,0.0,0.0,0.0,0.0,5.0,16.0,7.0,0.0,0.0,0.0,0.0,0.0,7.0,16.0,9.0,0.0,0.0,0.0,0.0,0.0,8.0,16.0,8.0,0.0,1
1446,0.0,1.0,11.0,15.0,13.0,2.0,0.0,0.0,0.0,8.0,13.0,5.0,14.0,9.0,0.0,0.0,0.0,3.0,15.0,1.0,10.0,12.0,0.0,0.0,0.0,0.0,7.0,15.0,14.0,16.0,3.0,0.0,0.0,0.0,0.0,0.0,0.0,13.0,8.0,0.0,0.0,0.0,0.0,0.0,0.0,12.0,8.0,0.0,0.0,2.0,8.0,4.0,5.0,16.0,7.0,0.0,0.0,1.0,15.0,16.0,15.0,8.0,1.0,0.0,9
1639,0.0,0.0,7.0,15.0,16.0,10.0,0.0,0.0,0.0,0.0,14.0,9.0,10.0,16.0,1.0,0.0,0.0,0.0,2.0,5.0,15.0,14.0,0.0,0.0,0.0,0.0,0.0,11.0,16.0,5.0,0.0,0.0,0.0,0.0,0.0,2.0,16.0,8.0,0.0,0.0,0.0,0.0,0.0,0.0,10.0,13.0,0.0,0.0,0.0,0.0,11.0,9.0,15.0,16.0,1.0,0.0,0.0,0.0,8.0,16.0,16.0,12.0,0.0,0.0,3
1579,0.0,0.0,2.0,14.0,13.0,3.0,0.0,0.0,0.0,0.0,13.0,13.0,9.0,11.0,0.0,0.0,0.0,0.0,16.0,7.0,0.0,12.0,0.0,0.0,0.0,3.0,16.0,5.0,0.0,10.0,5.0,0.0,0.0,5.0,16.0,1.0,0.0,8.0,5.0,0.0,0.0,3.0,16.0,1.0,0.0,10.0,5.0,0.0,0.0,0.0,16.0,8.0,5.0,14.0,3.0,0.0,0.0,0.0,4.0,16.0,16.0,9.0,1.0,0.0,0
1311,0.0,0.0,0.0,1.0,16.0,3.0,0.0,0.0,0.0,0.0,0.0,10.0,11.0,0.0,0.0,0.0,0.0,0.0,1.0,14.0,3.0,0.0,0.0,0.0,0.0,0.0,7.0,12.0,0.0,3.0,9.0,0.0,0.0,0.0,14.0,2.0,0.0,10.0,7.0,0.0,0.0,6.0,13.0,5.0,11.0,14.0,1.0,0.0,0.0,11.0,16.0,16.0,16.0,9.0,0.0,0.0,0.0,1.0,2.0,1.0,14.0,1.0,0.0,0.0,4
704,0.0,0.0,2.0,14.0,1.0,0.0,0.0,0.0,0.0,0.0,8.0,12.0,0.0,0.0,0.0,0.0,0.0,0.0,12.0,5.0,0.0,0.0,0.0,0.0,0.0,2.0,14.0,0.0,0.0,0.0,0.0,0.0,0.0,0.0,10.0,0.0,6.0,7.0,2.0,0.0,0.0,4.0,12.0,13.0,15.0,14.0,12.0,0.0,0.0,0.0,13.0,12.0,2.0,11.0,14.0,0.0,0.0,0.0,3.0,13.0,16.0,13.0,1.0,0.0,6
1301,0.0,0.0,0.0,2.0,14.0,1.0,0.0,0.0,0.0,0.0,0.0,14.0,8.0,0.0,0.0,0.0,0.0,0.0,8.0,15.0,1.0,0.0,0.0,0.0,0.0,0.0,13.0,6.0,0.0,5.0,11.0,0.0,0.0,3.0,15.0,0.0,0.0,10.0,9.0,0.0,0.0,9.0,13.0,4.0,7.0,16.0,3.0,0.0,0.0,7.0,16.0,16.0,16.0,13.0,0.0,0.0,0.0,0.0,3.0,2.0,16.0,6.0,0.0,0.0,4
1238,0.0,1.0,13.0,16.0,16.0,12.0,0.0,0.0,0.0,3.0,12.0,6.0,11.0,14.0,0.0,0.0,0.0,0.0,0.0,0.0,9.0,12.0,0.0,0.0,0.0,1.0,9.0,15.0,16.0,16.0,9.0,0.0,0.0,2.0,12.0,15.0,14.0,5.0,5.0,0.0,0.0,0.0,5.0,15.0,1.0,0.0,0.0,0.0,0.0,0.0,11.0,9.0,0.0,0.0,0.0,0.0,0.0,0.0,15.0,3.0,0.0,0.0,0.0,0.0,7
1512,0.0,0.0,0.0,10.0,6.0,0.0,0.0,0.0,0.0,0.0,4.0,16.0,2.0,3.0,0.0,0.0,0.0,0.0,13.0,8.0,7.0,14.0,0.0,0.0,0.0,7.0,15.0,0.0,13.0,14.0,5.0,0.0,0.0,14.0,15.0,14.0,16.0,16.0,9.0,0.0,0.0,13.0,16.0,15.0,16.0,6.0,0.0,0.0,0.0,0.0,1.0,9.0,14.0,0.0,0.0,0.0,0.0,0.0,0.0,14.0,10.0,0.0,0.0,0.0,4
741,0.0,0.0,3.0,11.0,0.0,0.0,0.0,0.0,0.0,0.0,9.0,13.0,0.0,0.0,0.0,0.0,0.0,0.0,15.0,4.0,0.0,0.0,0.0,0.0,0.0,2.0,15.0,0.0,1.0,0.0,0.0,0.0,0.0,4.0,15.0,14.0,16.0,13.0,2.0,0.0,0.0,3.0,16.0,11.0,3.0,7.0,12.0,0.0,0.0,0.0,13.0,6.0,3.0,8.0,14.0,0.0,0.0,0.0,4.0,14.0,16.0,14.0,7.0,0.0,6
949,0.0,0.0,0.0,15.0,16.0,16.0,12.0,4.0,0.0,0.0,4.0,14.0,0.0,10.0,12.0,0.0,0.0,0.0,8.0,7.0,1.0,15.0,4.0,0.0,0.0,0.0,0.0,0.0,8.0,12.0,0.0,0.0,0.0,0.0,1.0,8.0,14.0,12.0,3.0,0.0,0.0,0.0,6.0,13.0,16.0,13.0,2.0,0.0,0.0,0.0,0.0,10.0,10.0,0.0,0.0,0.0,0.0,0.0,2.0,16.0,2.0,0.0,0.0,0.0,7
1395,0.0,0.0,8.0,16.0,15.0,4.0,0.0,0.0,0.0,10.0,16.0,11.0,13.0,12.0,0.0,0.0,0.0,12.0,7.0,0.0,13.0,8.0,0.0,0.0,0.0,0.0,1.0,7.0,16.0,12.0,5.0,0.0,0.0,5.0,15.0,16.0,16.0,14.0,9.0,0.0,0.0,2.0,8.0,15.0,10.0,0.0,0.0,0.0,0.0,0.0,7.0,16.0,2.0,0.0,0.0,0.0,0.0,0.0,10.0,13.0,0.0,0.0,0.0,0.0,7
439,0.0,0.0,3.0,9.0,14.0,7.0,0.0,0.0,0.0,3.0,15.0,11.0,8.0,15.0,2.0,0.0,0.0,4.0,16.0,5.0,2.0,16.0,7.0,0.0,0.0,0.0,4.0,15.0,13.0,16.0,7.0,0.0,0.0,0.0,0.0,6.0,16.0,16.0,1.0,0.0,0.0,0.0,2.0,15.0,8.0,16.0,7.0,0.0,0.0,0.0,4.0,16.0,4.0,15.0,7.0,0.0,0.0,0.0,0.0,10.0,15.0,10.0,0.0,0.0,8
149,0.0,0.0,6.0,13.0,10.0,4.0,0.0,0.0,0.0,4.0,16.0,15.0,13.0,13.0,0.0,0.0,0.0,4.0,16.0,14.0,16.0,16.0,1.0,0.0,0.0,2.0,10.0,16.0,16.0,16.0,5.0,0.0,0.0,0.0,0.0,0.0,3.0,16.0,5.0,0.0,0.0,0.0,0.0,0.0,0.0,16.0,8.0,0.0,0.0,0.0,0.0,2.0,8.0,16.0,8.0,0.0,0.0,0.0,7.0,16.0,14.0,9.0,1.0,0.0,9
1256,0.0,0.0,3.0,16.0,12.0,1.0,0.0,0.0,0.0,0.0,10.0,16.0,16.0,0.0,0.0,0.0,0.0,0.0,12.0,16.0,12.0,0.0,0.0,0.0,0.0,0.0,13.0,16.0,10.0,0.0,0.0,0.0,0.0,0.0,16.0,16.0,1.0,0.0,0.0,0.0,0.0,0.0,16.0,16.0,0.0,0.0,0.0,0.0,0.0,0.0,10.0,16.0,1.0,0.0,0.0,0.0,0.0,0.0,2.0,13.0,9.0,0.0,0.0,0.0,1
788,0.0,3.0,15.0,14.0,5.0,0.0,0.0,0.0,0.0,14.0,14.0,14.0,15.0,0.0,0.0,0.0,0.0,8.0,1.0,6.0,16.0,2.0,0.0,0.0,0.0,0.0,0.0,9.0,16.0,2.0,0.0,0.0,0.0,0.0,1.0,14.0,11.0,0.0,0.0,0.0,0.0,0.0,9.0,16.0,2.0,0.0,1.0,0.0,0.0,4.0,16.0,15.0,8.0,9.0,15.0,0.0,0.0,3.0,16.0,16.0,16.0,15.0,5.0,0.0,2
1491,0.0,0.0,2.0,9.0,13.0,12.0,2.0,0.0,0.0,1.0,14.0,13.0,7.0,10.0,6.0,0.0,0.0,0.0,13.0,8.0,1.0,7.0,7.0,0.0,0.0,0.0,3.0,13.0,14.0,14.0,0.0,0.0,0.0,0.0,0.0,0.0,15.0,15.0,1.0,0.0,0.0,0.0,0.0,9.0,5.0,8.0,5.0,0.0,0.0,0.0,0.0,13.0,4.0,13.0,2.0,0.0,0.0,0.0,0.0,13.0,15.0,6.0,0.0,0.0,8
19,0.0,0.0,6.0,14.0,4.0,0.0,0.0,0.0,0.0,0.0,11.0,16.0,10.0,0.0,0.0,0.0,0.0,0.0,8.0,14.0,16.0,2.0,0.0,0.0,0.0,0.0,1.0,12.0,12.0,11.0,0.0,0.0,0.0,0.0,0.0,0.0,0.0,11.0,3.0,0.0,0.0,0.0,0.0,0.0,0.0,5.0,11.0,0.0,0.0,0.0,1.0,4.0,4.0,7.0,16.0,2.0,0.0,0.0,7.0,16.0,16.0,13.0,11.0,1.0,9
1403,0.0,0.0,9.0,16.0,13.0,1.0,0.0,0.0,0.0,8.0,16.0,8.0,11.0,8.0,0.0,0.0,0.0,11.0,10.0,0.0,8.0,10.0,0.0,0.0,0.0,1.0,5.0,0.0,11.0,11.0,0.0,0.0,0.0,0.0,0.0,0.0,13.0,9.0,0.0,0.0,0.0,0.0,0.0,4.0,16.0,2.0,0.0,0.0,0.0,0.0,4.0,14.0,15.0,7.0,4.0,1.0,0.0,0.0,8.0,16.0,16.0,16.0,16.0,12.0,2
1434,0.0,0.0,11.0,16.0,16.0,12.0,0.0,0.0,0.0,3.0,16.0,7.0,14.0,16.0,1.0,0.0,0.0,0.0,15.0,14.0,15.0,16.0,6.0,0.0,0.0,0.0,2.0,10.0,9.0,15.0,9.0,0.0,0.0,0.0,0.0,0.0,0.0,9.0,10.0,0.0,0.0,0.0,0.0,0.0,0.0,12.0,8.0,0.0,0.0,0.0,6.0,11.0,6.0,15.0,5.0,0.0,0.0,0.0,9.0,16.0,16.0,12.0,0.0,0.0,9
390,0.0,0.0,0.0,2.0,13.0,1.0,0.0,0.0,0.0,0.0,0.0,9.0,15.0,2.0,0.0,0.0,0.0,0.0,4.0,16.0,16.0,8.0,0.0,0.0,0.0,0.0,12.0,9.0,14.0,6.0,0.0,0.0,0.0,5.0,14.0,0.0,13.0,7.0,1.0,0.0,0.0,9.0,15.0,12.0,16.0,16.0,4.0,0.0,0.0,2.0,8.0,9.0,16.0,10.0,1.0,0.0,0.0,0.0,0.0,1.0,13.0,2.0,0.0,0.0,4
287,0.0,0.0,3.0,11.0,13.0,5.0,0.0,0.0,0.0,0.0,10.0,12.0,5.0,16.0,0.0,0.0,0.0,0.0,7.0,10.0,6.0,15.0,4.0,0.0,0.0,0.0,2.0,13.0,16.0,14.0,6.0,0.0,0.0,0.0,0.0,0.0,0.0,7.0,9.0,0.0,0.0,0.0,0.0,0.0,0.0,4.0,11.0,0.0,0.0,0.0,9.0,7.0,0.0,8.0,11.0,0.0,0.0,0.0,3.0,9.0,16.0,16.0,6.0,0.0,9
1310,0.0,1.0,13.0,16.0,16.0,8.0,0.0,0.0,0.0,11.0,13.0,4.0,13.0,7.0,0.0,0.0,0.0,7.0,1.0,7.0,16.0,1.0,0.0,0.0,0.0,0.0,5.0,16.0,15.0,9.0,0.0,0.0,0.0,0.0,3.0,6.0,8.0,15.0,8.0,0.0,0.0,0.0,6.0,1.0,0.0,7.0,13.0,0.0,0.0,4.0,16.0,5.0,2.0,13.0,10.0,0.0,0.0,1.0,12.0,16.0,16.0,11.0,1.0,0.0,3
1017,0.0,3.0,15.0,16.0,8.0,0.0,0.0,0.0,0.0,9.0,16.0,11.0,15.0,2.0,0.0,0.0,0.0,11.0,10.0,4.0,16.0,2.0,0.0,0.0,0.0,2.0,4.0,6.0,16.0,1.0,0.0,0.0,0.0,0.0,0.0,10.0,13.0,0.0,0.0,0.0,0.0,0.0,2.0,14.0,13.0,0.0,0.0,0.0,0.0,3.0,16.0,16.0,16.0,16.0,13.0,1.0,0.0,3.0,16.0,12.0,8.0,12.0,11.0,1.0,2
501,0.0,1.0,11.0,12.0,1.0,0.0,0.0,0.0,0.0,8.0,16.0,12.0,9.0,0.0,0.0,0.0,0.0,7.0,8.0,7.0,12.0,0.0,0.0,0.0,0.0,1.0,1.0,4.0,14.0,0.0,0.0,0.0,0.0,0.0,0.0,5.0,11.0,0.0,0.0,0.0,0.0,0.0,0.0,11.0,9.0,0.0,0.0,0.0,0.0,1.0,14.0,16.0,16.0,15.0,10.0,0.0,0.0,0.0,13.0,11.0,8.0,12.0,8.0,0.0,2
973,0.0,0.0,12.0,12.0,14.0,15.0,1.0,0.0,0.0,1.0,15.0,11.0,6.0,5.0,0.0,0.0,0.0,6.0,15.0,12.0,4.0,0.0,0.0,0.0,0.0,6.0,11.0,8.0,13.0,6.0,0.0,0.0,0.0,0.0,0.0,0.0,1.0,13.0,0.0,0.0,0.0,0.0,0.0,0.0,0.0,9.0,3.0,0.0,0.0,2.0,6.0,1.0,6.0,14.0,3.0,0.0,0.0,1.0,11.0,16.0,13.0,8.0,0.0,0.0,5
770,0.0,0.0,0.0,11.0,5.0,3.0,11.0,0.0,0.0,0.0,7.0,14.0,2.0,12.0,9.0,0.0,0.0,2.0,15.0,6.0,3.0,16.0,5.0,0.0,0.0,7.0,16.0,8.0,13.0,16.0,13.0,0.0,0.0,7.0,16.0,16.0,16.0,7.0,1.0,0.0,0.0,0.0,4.0,10.0,13.0,0.0,0.0,0.0,0.0,0.0,0.0,12.0,6.0,0.0,0.0,0.0,0.0,0.0,0.0,12.0,0.0,0.0,0.0,0.0,4
299,0.0,0.0,6.0,16.0,16.0,9.0,0.0,0.0,0.0,0.0,14.0,9.0,12.0,11.0,0.0,0.0,0.0,0.0,1.0,0.0,9.0,6.0,0.0,0.0,0.0,0.0,1.0,6.0,16.0,10.0,6.0,0.0,0.0,0.0,10.0,16.0,14.0,11.0,5.0,0.0,0.0,0.0,5.0,15.0,2.0,0.0,0.0,0.0,0.0,0.0,3.0,13.0,0.0,0.0,0.0,0.0,0.0,0.0,7.0,8.0,0.0,0.0,0.0,0.0,7
39,0.0,1.0,9.0,16.0,13.0,7.0,0.0,0.0,0.0,7.0,14.0,4.0,10.0,12.0,0.0,0.0,0.0,6.0,15.0,9.0,16.0,11.0,0.0,0.0,0.0,0.0,9.0,11.0,7.0,14.0,0.0,0.0,0.0,0.0,0.0,0.0,0.0,15.0,2.0,0.0,0.0,0.0,0.0,0.0,0.0,11.0,6.0,0.0,0.0,3.0,13.0,8.0,5.0,14.0,5.0,0.0,0.0,0.0,9.0,14.0,13.0,10.0,1.0,0.0,9
1781,0.0,0.0,10.0,16.0,14.0,5.0,0.0,0.0,0.0,2.0,16.0,16.0,8.0,0.0,0.0,0.0,0.0,0.0,9.0,16.0,16.0,5.0,0.0,0.0,0.0,0.0,7.0,16.0,16.0,3.0,0.0,0.0,0.0,0.0,14.0,14.0,13.0,11.0,0.0,0.0,0.0,5.0,16.0,1.0,6.0,15.0,0.0,0.0,0.0,7.0,14.0,9.0,13.0,15.0,1.0,0.0,0.0,1.0,11.0,16.0,15.0,6.0,0.0,0.0,8
242,0.0,0.0,2.0,12.0,12.0,0.0,0.0,0.0,0.0,0.0,7.0,16.0,15.0,9.0,1.0,0.0,0.0,0.0,6.0,14.0,13.0,15.0,3.0,0.0,0.0,0.0,1.0,16.0,16.0,4.0,0.0,0.0,0.0,0.0,7.0,16.0,14.0,0.0,0.0,0.0,0.0,1.0,15.0,9.0,16.0,5.0,0.0,0.0,0.0,2.0,13.0,13.0,16.0,10.0,0.0,0.0,0.0,0.0,1.0,11.0,12.0,5.0,0.0,0.0,8
1701,0.0,0.0,4.0,14.0,5.0,0.0,0.0,0.0,0.0,0.0,13.0,14.0,0.0,0.0,0.0,0.0,0.0,2.0,16.0,10.0,0.0,0.0,0.0,0.0,0.0,4.0,16.0,7.0,0.0,0.0,0.0,0.0,0.0,6.0,16.0,16.0,15.0,4.0,0.0,0.0,0.0,4.0,16.0,9.0,4.0,16.0,2.0,0.0,0.0,1.0,15.0,13.0,6.0,16.0,11.0,0.0,0.0,0.0,4.0,13.0,16.0,15.0,5.0,0.0,6
894,0.0,0.0,6.0,16.0,16.0,7.0,0.0,0.0,0.0,0.0,13.0,12.0,15.0,10.0,0.0,0.0,0.0,0.0,3.0,6.0,13.0,9.0,0.0,0.0,0.0,0.0,8.0,16.0,16.0,15.0,6.0,0.0,0.0,0.0,1.0,9.0,14.0,8.0,5.0,0.0,0.0,0.0,0.0,11.0,9.0,0.0,0.0,0.0,0.0,0.0,4.0,16.0,3.0,0.0,0.0,0.0,0.0,0.0,10.0,10.0,0.0,0.0,0.0,0.0,7
1376,0.0,0.0,10.0,16.0,16.0,10.0,0.0,0.0,0.0,8.0,15.0,7.0,6.0,14.0,0.0,0.0,0.0,1.0,3.0,0.0,15.0,8.0,0.0,0.0,0.0,0.0,0.0,12.0,13.0,1.0,0.0,0.0,0.0,0.0,0.0,7.0,15.0,4.0,0.0,0.0,0.0,0.0,0.0,0.0,8.0,12.0,0.0,0.0,0.0,0.0,6.0,0.0,12.0,10.0,0.0,0.0,0.0,0.0,13.0,16.0,15.0,3.0,0.0,0.0,3
896,0.0,1.0,12.0,12.0,15.0,16.0,7.0,0.0,0.0,7.0,16.0,16.0,13.0,6.0,1.0,0.0,0.0,12.0,16.0,3.0,0.0,0.0,0.0,0.0,0.0,3.0,14.0,15.0,1.0,0.0,0.0,0.0,0.0,0.0,1.0,16.0,7.0,0.0,0.0,0.0,0.0,0.0,0.0,15.0,8.0,0.0,0.0,0.0,0.0,5.0,7.0,16.0,7.0,0.0,0.0,0.0,0.0,3.0,15.0,16.0,5.0,0.0,0.0,0.0,5
1261,0.0,0.0,0.0,12.0,15.0,4.0,0.0,0.0,0.0,0.0,7.0,16.0,9.0,2.0,0.0,0.0,0.0,0.0,12.0,14.0,0.0,0.0,0.0,0.0,0.0,0.0,16.0,11.0,3.0,0.0,0.0,0.0,0.0,3.0,16.0,14.0,15.0,8.0,0.0,0.0,0.0,1.0,16.0,6.0,0.0,12.0,8.0,0.0,0.0,0.0,12.0,12.0,4.0,13.0,12.0,0.0,0.0,0.0,1.0,11.0,16.0,16.0,4.0,0.0,6
979,0.0,0.0,13.0,16.0,11.0,0.0,0.0,0.0,0.0,2.0,16.0,11.0,16.0,4.0,0.0,0.0,0.0,0.0,14.0,9.0,15.0,9.0,0.0,0.0,0.0,0.0,0.0,2.0,16.0,8.0,0.0,0.0,0.0,0.0,0.0,4.0,16.0,4.0,0.0,0.0,0.0,0.0,0.0,9.0,16.0,1.0,0.0,0.0,0.0,0.0,9.0,16.0,15.0,8.0,11.0,5.0,0.0,0.0,9.0,12.0,13.0,16.0,16.0,11.0,2
497,0.0,0.0,0.0,2.0,14.0,0.0,0.0,0.0,0.0,0.0,0.0,10.0,9.0,0.0,0.0,0.0,0.0,0.0,1.0,15.0,8.0,11.0,0.0,0.0,0.0,0.0,12.0,7.0,12.0,8.0,0.0,0.0,0.0,5.0,16.0,12.0,15.0,14.0,5.0,0.0,0.0,8.0,13.0,9.0,16.0,13.0,3.0,0.0,0.0,0.0,0.0,0.0,16.0,4.0,0.0,0.0,0.0,0.0,0.0,0.0,16.0,6.0,0.0,0.0,4
382,0.0,0.0,5.0,11.0,4.0,1.0,0.0,0.0,0.0,0.0,15.0,16.0,16.0,11.0,0.0,0.0,0.0,2.0,16.0,9.0,2.0,12.0,4.0,0.0,0.0,6.0,13.0,0.0,0.0,6.0,6.0,0.0,0.0,3.0,13.0,0.0,0.0,5.0,9.0,0.0,0.0,3.0,16.0,0.0,0.0,6.0,8.0,0.0,0.0,0.0,13.0,12.0,8.0,16.0,7.0,0.0,0.0,0.0,4.0,13.0,12.0,10.0,0.0,0.0,0
597,0.0,0.0,6.0,14.0,16.0,13.0,0.0,0.0,0.0,0.0,9.0,9.0,9.0,15.0,0.0,0.0,0.0,0.0,0.0,0.0,14.0,9.0,0.0,0.0,0.0,0.0,2.0,10.0,16.0,16.0,12.0,0.0,0.0,0.0,13.0,16.0,12.0,7.0,3.0,0.0,0.0,0.0,3.0,14.0,6.0,0.0,0.0,0.0,0.0,0.0,6.0,16.0,2.0,0.0,0.0,0.0,0.0,0.0,10.0,13.0,0.0,0.0,0.0,0.0,7
627,0.0,0.0,0.0,10.0,12.0,0.0,0.0,0.0,0.0,0.0,4.0,16.0,5.0,3.0,3.0,0.0,0.0,0.0,15.0,7.0,0.0,13.0,11.0,0.0,0.0,7.0,14.0,1.0,7.0,16.0,8.0,0.0,0.0,9.0,13.0,5.0,15.0,13.0,1.0,0.0,0.0,11.0,16.0,16.0,16.0,1.0,0.0,0.0,0.0,0.0,4.0,9.0,16.0,0.0,0.0,0.0,0.0,0.0,0.0,11.0,15.0,0.0,0.0,0.0,4
1338,0.0,0.0,10.0,16.0,14.0,6.0,0.0,0.0,0.0,0.0,16.0,8.0,6.0,16.0,3.0,0.0,0.0,0.0,9.0,5.0,0.0,13.0,6.0,0.0,0.0,0.0,0.0,0.0,0.0,14.0,8.0,0.0,0.0,0.0,0.0,0.0,4.0,16.0,2.0,0.0,0.0,0.0,0.0,0.0,13.0,11.0,0.0,0.0,0.0,0.0,2.0,9.0,16.0,10.0,6.0,1.0,0.0,0.0,12.0,16.0,14.0,13.0,16.0,8.0,2
1749,0.0,0.0,0.0,13.0,12.0,0.0,0.0,0.0,0.0,0.0,6.0,16.0,4.0,0.0,0.0,0.0,0.0,2.0,16.0,10.0,0.0,0.0,0.0,0.0,0.0,5.0,16.0,10.0,0.0,0.0,0.0,0.0,0.0,8.0,15.0,15.0,6.0,0.0,0.0,0.0,0.0,3.0,16.0,14.0,13.0,10.0,2.0,0.0,0.0,0.0,12.0,16.0,13.0,16.0,12.0,0.0,0.0,0.0,1.0,10.0,16.0,14.0,4.0,0.0,6
373,0.0,0.0,7.0,11.0,12.0,14.0,2.0,0.0,0.0,8.0,16.0,9.0,4.0,3.0,0.0,0.0,0.0,10.0,15.0,5.0,0.0,0.0,0.0,0.0,0.0,3.0,12.0,16.0,14.0,4.0,0.0,0.0,0.0,0.0,0.0,2.0,13.0,16.0,2.0,0.0,0.0,0.0,0.0,0.0,0.0,15.0,9.0,0.0,0.0,0.0,2.0,4.0,8.0,15.0,9.0,0.0,0.0,0.0,10.0,16.0,13.0,8.0,0.0,0.0,5
58,0.0,0.0,0.0,10.0,13.0,1.0,0.0,0.0,0.0,1.0,11.0,12.0,7.0,0.0,0.0,0.0,0.0,2.0,16.0,12.0,0.0,0.0,0.0,0.0,0.0,4.0,16.0,11.0,0.0,0.0,0.0,0.0,0.0,4.0,16.0,15.0,8.0,4.0,0.0,0.0,0.0,4.0,16.0,16.0,13.0,16.0,6.0,0.0,0.0,0.0,7.0,16.0,7.0,13.0,14.0,0.0,0.0,0.0,0.0,7.0,15.0,15.0,5.0,0.0,6
1102,0.0,0.0,10.0,16.0,8.0,0.0,0.0,0.0,0.0,4.0,16.0,13.0,16.0,3.0,0.0,0.0,0.0,0.0,12.0,1.0,11.0,6.0,0.0,0.0,0.0,0.0,0.0,0.0,12.0,8.0,0.0,0.0,0.0,0.0,0.0,0.0,14.0,5.0,0.0,0.0,0.0,0.0,0.0,7.0,16.0,6.0,4.0,0.0,0.0,0.0,5.0,16.0,16.0,16.0,16.0,4.0,0.0,0.0,11.0,15.0,9.0,8.0,6.0,0.0,2
690,0.0,0.0,0.0,3.0,9.0,16.0,16.0,2.0,0.0,0.0,4.0,16.0,13.0,11.0,16.0,1.0,0.0,0.0,3.0,5.0,0.0,6.0,13.0,0.0,0.0,0.0,0.0,2.0,7.0,14.0,9.0,0.0,0.0,0.0,4.0,16.0,16.0,15.0,3.0,0.0,0.0,0.0,9.0,8.0,11.0,12.0,0.0,0.0,0.0,0.0,0.0,0.0,12.0,4.0,0.0,0.0,0.0,0.0,0.0,2.0,15.0,1.0,0.0,0.0,7
833,0.0,1.0,12.0,16.0,5.0,0.0,0.0,0.0,0.0,7.0,15.0,14.0,11.0,0.0,0.0,0.0,0.0,8.0,13.0,10.0,12.0,0.0,0.0,0.0,0.0,0.0,1.0,12.0,12.0,0.0,0.0,0.0,0.0,0.0,0.0,14.0,9.0,0.0,0.0,0.0,0.0,0.0,4.0,16.0,8.0,4.0,0.0,0.0,0.0,0.0,13.0,16.0,16.0,16.0,9.0,0.0,0.0,2.0,16.0,13.0,11.0,9.0,3.0,0.0,2
1125,0.0,1.0,12.0,16.0,13.0,7.0,0.0,0.0,0.0,12.0,11.0,4.0,4.0,15.0,0.0,0.0,0.0,8.0,3.0,0.0,6.0,14.0,2.0,0.0,0.0,0.0,0.0,9.0,16.0,8.0,0.0,0.0,0.0,0.0,0.0,1.0,5.0,13.0,3.0,0.0,0.0,0.0,0.0,0.0,0.0,7.0,8.0,0.0,0.0,0.0,0.0,0.0,0.0,9.0,10.0,0.0,0.0,0.0,10.0,10.0,13.0,14.0,1.0,0.0,3
270,0.0,0.0,0.0,13.0,12.0,0.0,0.0,0.0,0.0,0.0,6.0,16.0,7.0,0.0,0.0,0.0,0.0,0.0,15.0,15.0,1.0,1.0,4.0,0.0,0.0,6.0,16.0,10.0,9.0,15.0,14.0,0.0,0.0,9.0,16.0,16.0,16.0,16.0,4.0,0.0,0.0,2.0,8.0,12.0,16.0,9.0,0.0,0.0,0.0,0.0,0.0,13.0,16.0,0.0,0.0,0.0,0.0,0.0,0.0,14.0,15.0,1.0,0.0,0.0,4
607,0.0,0.0,0.0,6.0,15.0,6.0,0.0,0.0,0.0,1.0,11.0,13.0,8.0,11.0,0.0,0.0,0.0,9.0,13.0,0.0,9.0,10.0,0.0,0.0,0.0,8.0,9.0,3.0,15.0,3.0,0.0,0.0,0.0,0.0,0.0,5.0,14.0,3.0,0.0,0.0,0.0,0.0,3.0,0.0,5.0,13.0,2.0,0.0,0.0,0.0,9.0,12.0,5.0,10.0,7.0,0.0,0.0,0.0,0.0,6.0,12.0,15.0,5.0,0.0,3
1719,0.0,0.0,7.0,14.0,16.0,8.0,0.0,0.0,0.0,0.0,14.0,14.0,16.0,14.0,0.0,0.0,0.0,0.0,0.0,0.0,10.0,12.0,0.0,0.0,0.0,0.0,4.0,4.0,14.0,9.0,2.0,0.0,0.0,7.0,16.0,16.0,16.0,16.0,7.0,0.0,0.0,6.0,12.0,16.0,11.0,1.0,0.0,0.0,0.0,0.0,2.0,16.0,3.0,0.0,0.0,0.0,0.0,0.0,6.0,13.0,0.0,0.0,0.0,0.0,7
1146,0.0,0.0,8.0,15.0,9.0,0.0,0.0,0.0,0.0,1.0,16.0,10.0,16.0,9.0,0.0,0.0,0.0,2.0,6.0,2.0,16.0,16.0,1.0,0.0,0.0,3.0,9.0,9.0,16.0,14.0,0.0,0.0,0.0,0.0,7.0,5.0,12.0,5.0,0.0,0.0,0.0,0.0,0.0,0.0,7.0,12.0,1.0,0.0,0.0,0.0,0.0,0.0,2.0,16.0,4.0,0.0,0.0,0.0,9.0,13.0,12.0,10.0,1.0,0.0,9
18,0.0,0.0,10.0,7.0,13.0,9.0,0.0,0.0,0.0,0.0,9.0,10.0,12.0,15.0,2.0,0.0,0.0,0.0,4.0,11.0,10.0,11.0,0.0,0.0,0.0,0.0,1.0,16.0,10.0,1.0,0.0,0.0,0.0,0.0,12.0,13.0,4.0,0.0,0.0,0.0,0.0,0.0,12.0,1.0,12.0,0.0,0.0,0.0,0.0,1.0,10.0,2.0,14.0,0.0,0.0,0.0,0.0,0.0,11.0,14.0,5.0,0.0,0.0,0.0,8
469,0.0,0.0,7.0,13.0,11.0,0.0,0.0,0.0,0.0,6.0,16.0,11.0,16.0,0.0,0.0,0.0,0.0,3.0,8.0,5.0,16.0,0.0,0.0,0.0,0.0,0.0,3.0,15.0,16.0,6.0,0.0,0.0,0.0,0.0,0.0,7.0,8.0,16.0,5.0,0.0,0.0,6.0,8.0,0.0,0.0,11.0,9.0,0.0,0.0,0.0,16.0,6.0,6.0,14.0,6.0,0.0,0.0,0.0,6.0,15.0,16.0,10.0,0.0,0.0,3
370,0.0,0.0,7.0,13.0,16.0,11.0,0.0,0.0,0.0,3.0,16.0,5.0,4.0,14.0,2.0,0.0,0.0,8.0,11.0,1.0,4.0,15.0,2.0,0.0,0.0,3.0,12.0,14.0,16.0,8.0,0.0,0.0,0.0,0.0,8.0,16.0,15.0,1.0,0.0,0.0,0.0,1.0,15.0,5.0,11.0,12.0,0.0,0.0,0.0,3.0,16.0,5.0,7.0,16.0,1.0,0.0,0.0,0.0,5.0,14.0,16.0,15.0,2.0,0.0,8
1714,0.0,0.0,1.0,7.0,10.0,3.0,0.0,0.0,0.0,0.0,8.0,16.0,16.0,12.0,0.0,0.0,0.0,0.0,8.0,16.0,16.0,12.0,0.0,0.0,0.0,0.0,10.0,16.0,16.0,5.0,0.0,0.0,0.0,0.0,7.0,16.0,16.0,1.0,0.0,0.0,0.0,0.0,14.0,16.0,15.0,1.0,0.0,0.0,0.0,0.0,12.0,16.0,16.0,1.0,0.0,0.0,0.0,0.0,1.0,9.0,12.0,9.0,0.0,0.0,1
1584,0.0,0.0,1.0,13.0,8.0,0.0,0.0,0.0,0.0,0.0,7.0,16.0,3.0,0.0,0.0,0.0,0.0,0.0,14.0,9.0,0.0,7.0,7.0,0.0,0.0,3.0,16.0,3.0,2.0,15.0,9.0,0.0,0.0,9.0,16.0,8.0,12.0,15.0,0.0,0.0,0.0,6.0,16.0,16.0,16.0,7.0,0.0,0.0,0.0,0.0,3.0,12.0,15.0,1.0,0.0,0.0,0.0,0.0,0.0,13.0,9.0,0.0,0.0,0.0,4
1570,0.0,0.0,10.0,16.0,14.0,2.0,0.0,0.0,0.0,0.0,13.0,13.0,14.0,11.0,0.0,0.0,0.0,0.0,4.0,8.0,15.0,15.0,4.0,0.0,0.0,0.0,10.0,16.0,16.0,13.0,3.0,0.0,0.0,0.0,1.0,12.0,14.0,1.0,0.0,0.0,0.0,0.0,2.0,16.0,8.0,0.0,0.0,0.0,0.0,0.0,13.0,12.0,1.0,0.0,0.0,0.0,0.0,0.0,13.0,7.0,0.0,0.0,0.0,0.0,7
1723,0.0,0.0,5.0,11.0,12.0,5.0,0.0,0.0,0.0,0.0,12.0,6.0,2.0,3.0,0.0,0.0,0.0,0.0,9.0,16.0,16.0,4.0,0.0,0.0,0.0,0.0,12.0,16.0,16.0,4.0,0.0,0.0,0.0,0.0,12.0,16.0,16.0,4.0,0.0,0.0,0.0,0.0,12.0,16.0,16.0,4.0,0.0,0.0,0.0,0.0,12.0,16.0,16.0,8.0,0.0,0.0,0.0,0.0,6.0,12.0,11.0,7.0,0.0,0.0,1
917,0.0,4.0,16.0,15.0,1.0,0.0,0.0,0.0,0.0,8.0,14.0,16.0,4.0,0.0,0.0,0.0,0.0,5.0,8.0,16.0,4.0,0.0,0.0,0.0,0.0,0.0,0.0,12.0,8.0,0.0,0.0,0.0,0.0,0.0,1.0,15.0,7.0,0.0,0.0,0.0,0.0,0.0,5.0,16.0,3.0,6.0,9.0,0.0,0.0,3.0,15.0,15.0,8.0,13.0,15.0,0.0,0.0,4.0,15.0,16.0,16.0,16.0,7.0,0.0,2
1041,0.0,0.0,8.0,15.0,15.0,2.0,0.0,0.0,0.0,2.0,16.0,13.0,12.0,10.0,0.0,0.0,0.0,3.0,15.0,1.0,9.0,11.0,0.0,0.0,0.0,0.0,0.0,1.0,15.0,8.0,0.0,0.0,0.0,0.0,0.0,10.0,13.0,1.0,0.0,0.0,0.0,0.0,8.0,16.0,7.0,0.0,0.0,0.0,0.0,6.0,16.0,16.0,13.0,7.0,6.0,1.0,0.0,0.0,7.0,5.0,12.0,16.0,15.0,2.0,2
279,0.0,0.0,8.0,14.0,14.0,4.0,0.0,0.0,0.0,5.0,12.0,4.0,7.0,12.0,0.0,0.0,0.0,4.0,2.0,3.0,13.0,5.0,0.0,0.0,0.0,0.0,0.0,16.0,15.0,1.0,0.0,0.0,0.0,0.0,0.0,3.0,9.0,14.0,1.0,0.0,0.0,0.0,0.0,0.0,0.0,7.0,8.0,0.0,0.0,0.0,3.0,4.0,4.0,13.0,7.0,0.0,0.0,0.0,11.0,16.0,15.0,5.0,0.0,0.0,3
1496,0.0,0.0,2.0,13.0,16.0,9.0,0.0,0.0,0.0,0.0,12.0,12.0,7.0,16.0,3.0,0.0,0.0,1.0,14.0,3.0,0.0,16.0,4.0,0.0,0.0,0.0,0.0,4.0,10.0,16.0,6.0,0.0,0.0,0.0,0.0,13.0,16.0,16.0,9.0,0.0,0.0,0.0,0.0,5.0,13.0,1.0,0.0,0.0,0.0,0.0,0.0,11.0,9.0,0.0,0.0,0.0,0.0,0.0,1.0,16.0,4.0,0.0,0.0,0.0,7
478,0.0,0.0,4.0,10.0,13.0,3.0,0.0,0.0,0.0,4.0,16.0,13.0,16.0,8.0,0.0,0.0,0.0,5.0,15.0,0.0,14.0,11.0,0.0,0.0,0.0,3.0,15.0,15.0,16.0,16.0,1.0,0.0,0.0,0.0,5.0,9.0,8.0,14.0,8.0,0.0,0.0,0.0,0.0,0.0,0.0,12.0,8.0,0.0,0.0,0.0,9.0,15.0,10.0,14.0,7.0,0.0,0.0,0.0,4.0,12.0,14.0,11.0,2.0,0.0,9
1187,0.0,0.0,9.0,14.0,15.0,6.0,0.0,0.0,0.0,2.0,16.0,12.0,1.0,13.0,0.0,0.0,0.0,3.0,12.0,7.0,0.0,8.0,4.0,0.0,0.0,6.0,11.0,4.0,0.0,7.0,2.0,0.0,0.0,4.0,9.0,0.0,0.0,12.0,1.0,0.0,0.0,3.0,9.0,0.0,4.0,11.0,0.0,0.0,0.0,1.0,12.0,5.0,12.0,3.0,0.0,0.0,0.0,0.0,6.0,14.0,5.0,0.0,0.0,0.0,0
1795,0.0,0.0,2.0,10.0,7.0,0.0,0.0,0.0,0.0,0.0,14.0,16.0,16.0,15.0,1.0,0.0,0.0,4.0,16.0,7.0,3.0,16.0,7.0,0.0,0.0,5.0,16.0,10.0,7.0,16.0,4.0,0.0,0.0,0.0,5.0,14.0,14.0,16.0,4.0,0.0,0.0,0.0,0.0,0.0,0.0,16.0,2.0,0.0,0.0,0.0,4.0,7.0,7.0,16.0,2.0,0.0,0.0,0.0,5.0,12.0,16.0,12.0,0.0,0.0,9
171,0.0,0.0,0.0,8.0,13.0,0.0,0.0,0.0,0.0,0.0,1.0,16.0,16.0,0.0,0.0,0.0,0.0,0.0,7.0,16.0,16.0,0.0,0.0,0.0,0.0,1.0,15.0,16.0,16.0,0.0,0.0,0.0,0.0,6.0,16.0,15.0,16.0,9.0,2.0,0.0,0.0,6.0,15.0,16.0,16.0,16.0,11.0,0.0,0.0,0.0,0.0,11.0,16.0,0.0,0.0,0.0,0.0,0.0,0.0,10.0,14.0,0.0,0.0,0.0,4
933,0.0,0.0,10.0,14.0,10.0,1.0,0.0,0.0,0.0,4.0,14.0,6.0,13.0,7.0,0.0,0.0,0.0,6.0,12.0,0.0,7.0,7.0,0.0,0.0,0.0,1.0,16.0,10.0,15.0,1.0,0.0,0.0,0.0,0.0,5.0,16.0,15.0,3.0,0.0,0.0,0.0,0.0,13.0,6.0,6.0,15.0,5.0,0.0,0.0,3.0,15.0,0.0,4.0,12.0,7.0,0.0,0.0,0.0,12.0,16.0,15.0,8.0,0.0,0.0,8
830,0.0,3.0,15.0,16.0,14.0,1.0,0.0,0.0,0.0,2.0,12.0,13.0,16.0,4.0,0.0,0.0,0.0,0.0,0.0,6.0,16.0,3.0,0.0,0.0,0.0,0.0,1.0,15.0,10.0,0.0,0.0,0.0,0.0,0.0,6.0,16.0,4.0,0.0,0.0,0.0,0.0,2.0,15.0,10.0,0.0,0.0,0.0,0.0,0.0,4.0,16.0,11.0,8.0,11.0,3.0,0.0,0.0,3.0,16.0,16.0,16.0,12.0,3.0,0.0,2
22,0.0,0.0,8.0,16.0,5.0,0.0,0.0,0.0,0.0,1.0,13.0,11.0,16.0,0.0,0.0,0.0,0.0,0.0,10.0,0.0,13.0,3.0,0.0,0.0,0.0,0.0,3.0,1.0,16.0,1.0,0.0,0.0,0.0,0.0,0.0,9.0,12.0,0.0,0.0,0.0,0.0,0.0,3.0,15.0,5.0,0.0,0.0,0.0,0.0,0.0,14.0,15.0,8.0,8.0,3.0,0.0,0.0,0.0,7.0,12.0,12.0,12.0,13.0,1.0,2
1051,0.0,0.0,13.0,16.0,13.0,1.0,0.0,0.0,0.0,6.0,16.0,10.0,15.0,5.0,0.0,0.0,0.0,3.0,15.0,0.0,11.0,9.0,0.0,0.0,0.0,0.0,4.0,0.0,12.0,8.0,0.0,0.0,0.0,0.0,0.0,0.0,15.0,8.0,0.0,0.0,0.0,0.0,0.0,8.0,16.0,4.0,0.0,0.0,0.0,0.0,5.0,16.0,16.0,13.0,10.0,1.0,0.0,0.0,13.0,16.0,16.0,16.0,16.0,9.0,2
626,0.0,0.0,0.0,12.0,10.0,0.0,0.0,0.0,0.0,0.0,4.0,16.0,3.0,9.0,3.0,0.0,0.0,0.0,14.0,7.0,6.0,16.0,2.0,0.0,0.0,3.0,15.0,2.0,10.0,10.0,0.0,0.0,0.0,10.0,9.0,1.0,16.0,12.0,10.0,0.0,0.0,14.0,11.0,14.0,16.0,11.0,1.0,0.0,0.0,9.0,16.0,15.0,9.0,0.0,0.0,0.0,0.0,0.0,0.0,14.0,8.0,0.0,0.0,0.0,4
802,0.0,0.0,0.0,11.0,13.0,5.0,0.0,0.0,0.0,0.0,3.0,16.0,13.0,3.0,0.0,0.0,0.0,0.0,10.0,16.0,2.0,0.0,0.0,0.0,0.0,4.0,16.0,16.0,13.0,7.0,0.0,0.0,0.0,4.0,16.0,11.0,8.0,16.0,2.0,0.0,0.0,0.0,15.0,8.0,0.0,15.0,6.0,0.0,0.0,0.0,9.0,14.0,4.0,15.0,4.0,0.0,0.0,0.0,1.0,10.0,16.0,11.0,1.0,0.0,6
223,0.0,0.0,0.0,8.0,12.0,1.0,0.0,0.0,0.0,0.0,1.0,15.0,12.0,1.0,0.0,0.0,0.0,0.0,6.0,16.0,3.0,0.0,0.0,0.0,0.0,0.0,7.0,16.0,1.0,0.0,0.0,0.0,0.0,1.0,16.0,16.0,14.0,5.0,0.0,0.0,0.0,1.0,12.0,16.0,6.0,14.0,9.0,0.0,0.0,0.0,2.0,16.0,6.0,10.0,15.0,0.0,0.0,0.0,0.0,6.0,16.0,16.0,11.0,0.0,6
855,0.0,0.0,9.0,9.0,4.0,0.0,0.0,0.0,0.0,0.0,15.0,15.0,14.0,12.0,0.0,0.0,0.0,3.0,10.0,1.0,0.0,12.0,5.0,0.0,0.0,5.0,8.0,0.0,0.0,8.0,6.0,0.0,0.0,8.0,8.0,0.0,0.0,8.0,8.0,0.0,0.0,5.0,8.0,0.0,0.0,10.0,6.0,0.0,0.0,4.0,13.0,4.0,6.0,13.0,0.0,0.0,0.0,0.0,6.0,16.0,14.0,3.0,0.0,0.0,0
1204,0.0,0.0,0.0,4.0,15.0,12.0,0.0,0.0,0.0,0.0,5.0,15.0,16.0,11.0,0.0,0.0,0.0,8.0,16.0,16.0,16.0,4.0,0.0,0.0,0.0,14.0,11.0,11.0,16.0,2.0,0.0,0.0,0.0,0.0,0.0,7.0,16.0,0.0,0.0,0.0,0.0,0.0,0.0,9.0,16.0,2.0,0.0,0.0,0.0,0.0,0.0,9.0,16.0,3.0,0.0,0.0,0.0,0.0,0.0,5.0,16.0,5.0,0.0,0.0,1
1334,0.0,0.0,0.0,14.0,11.0,0.0,0.0,0.0,0.0,0.0,0.0,12.0,16.0,2.0,0.0,0.0,0.0,0.0,0.0,12.0,16.0,2.0,0.0,0.0,0.0,0.0,0.0,15.0,16.0,1.0,0.0,0.0,0.0,0.0,0.0,16.0,16.0,1.0,0.0,0.0,0.0,0.0,3.0,16.0,15.0,0.0,0.0,0.0,0.0,0.0,4.0,16.0,14.0,0.0,0.0,0.0,0.0,0.0,1.0,14.0,16.0,4.0,0.0,0.0,1
1605,0.0,0.0,9.0,16.0,16.0,10.0,0.0,0.0,0.0,0.0,9.0,9.0,9.0,15.0,0.0,0.0,0.0,0.0,0.0,0.0,6.0,14.0,0.0,0.0,0.0,0.0,0.0,2.0,15.0,7.0,0.0,0.0,0.0,0.0,1.0,14.0,16.0,4.0,0.0,0.0,0.0,0.0,5.0,16.0,16.0,8.0,0.0,0.0,0.0,0.0,0.0,6.0,16.0,4.0,0.0,0.0,0.0,0.0,11.0,16.0,12.0,0.0,0.0,0.0,3
1335,0.0,0.0,1.0,13.0,14.0,1.0,0.0,0.0,0.0,1.0,11.0,16.0,10.0,12.0,0.0,0.0,0.0,6.0,16.0,15.0,0.0,13.0,3.0,0.0,0.0,7.0,14.0,5.0,0.0,8.0,9.0,0.0,0.0,6.0,13.0,0.0,0.0,8.0,11.0,0.0,0.0,4.0,15.0,0.0,1.0,14.0,9.0,0.0,0.0,0.0,14.0,8.0,12.0,16.0,3.0,0.0,0.0,0.0,3.0,15.0,15.0,4.0,0.0,0.0,0
1586,0.0,0.0,8.0,15.0,16.0,10.0,0.0,0.0,0.0,0.0,7.0,10.0,10.0,15.0,0.0,0.0,0.0,0.0,0.0,0.0,7.0,13.0,0.0,0.0,0.0,0.0,0.0,4.0,14.0,12.0,1.0,0.0,0.0,3.0,16.0,16.0,16.0,12.0,4.0,0.0,0.0,1.0,10.0,16.0,7.0,0.0,0.0,0.0,0.0,0.0,8.0,9.0,0.0,0.0,0.0,0.0,0.0,0.0,13.0,1.0,0.0,0.0,0.0,0.0,7
1518,0.0,0.0,8.0,15.0,12.0,4.0,0.0,0.0,0.0,5.0,14.0,4.0,11.0,7.0,0.0,0.0,0.0,0.0,0.0,1.0,14.0,3.0,0.0,0.0,0.0,0.0,2.0,15.0,14.0,1.0,0.0,0.0,0.0,0.0,0.0,8.0,13.0,11.0,0.0,0.0,0.0,0.0,0.0,0.0,0.0,13.0,5.0,0.0,0.0,0.0,12.0,2.0,3.0,12.0,7.0,0.0,0.0,0.0,13.0,16.0,15.0,8.0,0.0,0.0,3
918,0.0,0.0,9.0,16.0,10.0,1.0,0.0,0.0,0.0,0.0,8.0,3.0,16.0,4.0,0.0,0.0,0.0,0.0,0.0,5.0,14.0,2.0,0.0,0.0,0.0,0.0,2.0,16.0,15.0,7.0,0.0,0.0,0.0,0.0,0.0,0.0,3.0,15.0,2.0,0.0,0.0,4.0,6.0,0.0,0.0,13.0,7.0,0.0,0.0,6.0,13.0,1.0,5.0,16.0,3.0,0.0,0.0,0.0,10.0,16.0,15.0,5.0,0.0,0.0,3
1233,0.0,2.0,9.0,16.0,13.0,13.0,2.0,0.0,0.0,11.0,11.0,4.0,2.0,10.0,4.0,0.0,0.0,6.0,12.0,2.0,4.0,12.0,0.0,0.0,0.0,0.0,6.0,14.0,13.0,2.0,0.0,0.0,0.0,0.0,1.0,14.0,12.0,0.0,0.0,0.0,0.0,0.0,8.0,7.0,13.0,0.0,0.0,0.0,0.0,0.0,12.0,5.0,12.0,0.0,0.0,0.0,0.0,0.0,13.0,14.0,3.0,0.0,0.0,0.0,8
1314,0.0,0.0,9.0,13.0,16.0,16.0,4.0,0.0,0.0,2.0,12.0,5.0,4.0,14.0,4.0,0.0,0.0,0.0,0.0,0.0,5.0,13.0,0.0,0.0,0.0,0.0,0.0,3.0,13.0,12.0,5.0,0.0,0.0,0.0,0.0,13.0,14.0,12.0,8.0,0.0,0.0,0.0,0.0,13.0,6.0,0.0,0.0,0.0,0.0,0.0,4.0,14.0,1.0,0.0,0.0,0.0,0.0,0.0,14.0,7.0,0.0,0.0,0.0,0.0,7
125,0.0,0.0,12.0,16.0,7.0,0.0,0.0,0.0,0.0,2.0,16.0,5.0,12.0,3.0,0.0,0.0,0.0,0.0,14.0,6.0,3.0,16.0,2.0,0.0,0.0,0.0,2.0,14.0,16.0,12.0,0.0,0.0,0.0,0.0,0.0,0.0,10.0,10.0,0.0,0.0,0.0,0.0,0.0,0.0,10.0,8.0,0.0,0.0,0.0,0.0,8.0,2.0,13.0,7.0,0.0,0.0,0.0,0.0,11.0,16.0,16.0,3.0,0.0,0.0,9
468,0.0,0.0,0.0,9.0,14.0,4.0,0.0,0.0,0.0,0.0,6.0,16.0,12.0,4.0,0.0,0.0,0.0,1.0,16.0,11.0,0.0,0.0,0.0,0.0,0.0,2.0,16.0,7.0,3.0,0.0,0.0,0.0,0.0,4.0,16.0,14.0,16.0,10.0,0.0,0.0,0.0,3.0,16.0,15.0,10.0,16.0,6.0,0.0,0.0,0.0,12.0,16.0,7.0,13.0,9.0,0.0,0.0,0.0,1.0,11.0,16.0,16.0,9.0,0.0,6
1794,0.0,0.0,1.0,11.0,15.0,1.0,0.0,0.0,0.0,0.0,13.0,16.0,8.0,2.0,1.0,0.0,0.0,0.0,16.0,15.0,10.0,16.0,5.0,0.0,0.0,0.0,8.0,16.0,16.0,7.0,0.0,0.0,0.0,0.0,9.0,16.0,16.0,4.0,0.0,0.0,0.0,0.0,16.0,14.0,16.0,15.0,0.0,0.0,0.0,0.0,15.0,15.0,15.0,16.0,0.0,0.0,0.0,0.0,2.0,9.0,13.0,6.0,0.0,0.0,8
967,0.0,0.0,1.0,9.0,13.0,1.0,0.0,0.0,0.0,1.0,12.0,14.0,5.0,0.0,0.0,0.0,0.0,2.0,16.0,5.0,0.0,0.0,0.0,0.0,0.0,5.0,15.0,0.0,3.0,0.0,0.0,0.0,0.0,3.0,16.0,16.0,16.0,15.0,3.0,0.0,0.0,2.0,16.0,11.0,1.0,9.0,11.0,0.0,0.0,0.0,11.0,13.0,6.0,12.0,11.0,0.0,0.0,0.0,0.0,6.0,16.0,15.0,2.0,0.0,6
684,0.0,0.0,6.0,14.0,13.0,4.0,0.0,0.0,0.0,4.0,16.0,11.0,10.0,15.0,0.0,0.0,0.0,9.0,11.0,0.0,12.0,11.0,0.0,0.0,0.0,7.0,11.0,8.0,16.0,3.0,0.0,0.0,0.0,0.0,13.0,16.0,10.0,0.0,0.0,0.0,0.0,0.0,13.0,13.0,12.0,9.0,0.0,0.0,0.0,0.0,12.0,8.0,0.0,15.0,1.0,0.0,0.0,0.0,5.0,16.0,16.0,11.0,0.0,0.0,8
959,0.0,0.0,11.0,16.0,7.0,0.0,0.0,0.0,0.0,1.0,16.0,11.0,15.0,0.0,0.0,0.0,0.0,2.0,16.0,5.0,16.0,4.0,0.0,0.0,0.0,0.0,2.0,2.0,16.0,3.0,0.0,0.0,0.0,0.0,0.0,5.0,16.0,0.0,0.0,0.0,0.0,0.0,0.0,9.0,14.0,0.0,0.0,0.0,0.0,0.0,9.0,16.0,14.0,7.0,6.0,0.0,0.0,0.0,13.0,14.0,14.0,16.0,16.0,6.0,2
1057,0.0,2.0,15.0,12.0,1.0,0.0,0.0,0.0,0.0,4.0,16.0,13.0,13.0,0.0,0.0,0.0,0.0,0.0,14.0,3.0,15.0,12.0,5.0,0.0,0.0,0.0,5.0,16.0,16.0,11.0,0.0,0.0,0.0,2.0,13.0,13.0,14.0,2.0,0.0,0.0,0.0,5.0,13.0,0.0,6.0,8.0,0.0,0.0,0.0,4.0,11.0,0.0,1.0,15.0,0.0,0.0,0.0,2.0,12.0,16.0,16.0,7.0,0.0,0.0,8
575,0.0,0.0,1.0,9.0,16.0,6.0,0.0,0.0,0.0,4.0,14.0,10.0,11.0,10.0,0.0,0.0,0.0,12.0,10.0,0.0,13.0,6.0,0.0,0.0,0.0,6.0,7.0,4.0,16.0,5.0,0.0,0.0,0.0,0.0,0.0,0.0,7.0,12.0,1.0,0.0,0.0,0.0,0.0,0.0,0.0,8.0,10.0,0.0,0.0,0.0,8.0,13.0,3.0,0.0,14.0,3.0,0.0,0.0,0.0,8.0,16.0,16.0,13.0,3.0,3
734,0.0,0.0,0.0,8.0,3.0,0.0,0.0,0.0,0.0,0.0,2.0,16.0,8.0,0.0,0.0,0.0,0.0,0.0,9.0,15.0,1.0,0.0,0.0,0.0,0.0,0.0,12.0,10.0,0.0,0.0,0.0,0.0,0.0,0.0,14.0,7.0,0.0,0.0,0.0,0.0,0.0,0.0,10.0,15.0,16.0,16.0,14.0,1.0,0.0,0.0,4.0,16.0,1.0,4.0,15.0,6.0,0.0,0.0,0.0,5.0,14.0,15.0,10.0,0.0,6
982,0.0,0.0,8.0,11.0,0.0,0.0,0.0,0.0,0.0,0.0,7.0,16.0,3.0,0.0,0.0,0.0,0.0,0.0,6.0,16.0,10.0,0.0,0.0,0.0,0.0,0.0,10.0,16.0,15.0,1.0,0.0,0.0,0.0,0.0,0.0,2.0,16.0,2.0,0.0,0.0,0.0,0.0,0.0,0.0,15.0,9.0,0.0,0.0,0.0,0.0,6.0,12.0,16.0,15.0,8.0,5.0,0.0,0.0,4.0,15.0,16.0,16.0,16.0,16.0,1
106,0.0,0.0,0.0,5.0,11.0,1.0,0.0,0.0,0.0,0.0,0.0,14.0,14.0,2.0,0.0,0.0,0.0,0.0,5.0,16.0,5.0,0.0,0.0,0.0,0.0,0.0,8.0,15.0,2.0,0.0,0.0,0.0,0.0,0.0,10.0,13.0,0.0,0.0,0.0,0.0,0.0,0.0,14.0,16.0,16.0,8.0,0.0,0.0,0.0,0.0,6.0,16.0,9.0,15.0,6.0,0.0,0.0,0.0,0.0,6.0,14.0,16.0,8.0,0.0,6
454,0.0,0.0,0.0,4.0,9.0,0.0,0.0,0.0,0.0,0.0,0.0,12.0,11.0,0.0,0.0,0.0,0.0,0.0,4.0,13.0,16.0,4.0,0.0,0.0,0.0,0.0,12.0,6.0,14.0,4.0,0.0,0.0,0.0,4.0,16.0,9.0,15.0,13.0,3.0,0.0,0.0,4.0,12.0,12.0,16.0,14.0,6.0,0.0,0.0,0.0,0.0,0.0,16.0,4.0,0.0,0.0,0.0,0.0,0.0,2.0,16.0,3.0,0.0,0.0,4
574,0.0,0.0,3.0,12.0,16.0,6.0,0.0,0.0,0.0,0.0,13.0,16.0,12.0,4.0,0.0,0.0,0.0,3.0,16.0,9.0,0.0,0.0,0.0,0.0,0.0,6.0,13.0,5.0,4.0,0.0,0.0,0.0,0.0,8.0,14.0,3.0,16.0,2.0,0.0,0.0,0.0,4.0,16.0,4.0,13.0,7.0,0.0,0.0,0.0,0.0,11.0,11.0,11.0,14.0,0.0,0.0,0.0,0.0,3.0,12.0,16.0,15.0,0.0,0.0,6
591,0.0,0.0,7.0,15.0,13.0,0.0,0.0,0.0,0.0,9.0,16.0,15.0,16.0,5.0,0.0,0.0,0.0,12.0,16.0,5.0,15.0,6.0,0.0,0.0,0.0,0.0,7.0,2.0,13.0,9.0,0.0,0.0,0.0,0.0,0.0,1.0,16.0,7.0,0.0,0.0,0.0,0.0,0.0,6.0,16.0,4.0,0.0,0.0,0.0,0.0,1.0,15.0,16.0,12.0,15.0,7.0,0.0,0.0,5.0,16.0,14.0,12.0,12.0,11.0,2
1306,0.0,0.0,8.0,16.0,4.0,0.0,0.0,0.0,0.0,6.0,12.0,2.0,14.0,13.0,0.0,0.0,0.0,9.0,6.0,1.0,14.0,14.0,0.0,0.0,0.0,2.0,11.0,12.0,8.0,16.0,2.0,0.0,0.0,0.0,0.0,0.0,0.0,11.0,8.0,0.0,0.0,0.0,0.0,0.0,0.0,7.0,9.0,0.0,0.0,0.0,2.0,0.0,1.0,12.0,6.0,0.0,0.0,0.0,8.0,9.0,13.0,7.0,0.0,0.0,9
493,0.0,0.0,0.0,4.0,14.0,14.0,4.0,0.0,0.0,0.0,1.0,15.0,16.0,16.0,2.0,0.0,0.0,2.0,13.0,16.0,16.0,16.0,0.0,0.0,0.0,8.0,16.0,16.0,16.0,16.0,0.0,0.0,0.0,2.0,7.0,8.0,16.0,16.0,1.0,0.0,0.0,0.0,0.0,4.0,16.0,16.0,0.0,0.0,0.0,0.0,0.0,4.0,16.0,16.0,2.0,0.0,0.0,0.0,0.0,4.0,16.0,15.0,4.0,0.0,1
1230,0.0,0.0,9.0,16.0,16.0,7.0,0.0,0.0,0.0,2.0,16.0,11.0,4.0,15.0,2.0,0.0,0.0,4.0,16.0,2.0,2.0,16.0,6.0,0.0,0.0,0.0,13.0,11.0,13.0,16.0,10.0,0.0,0.0,0.0,1.0,10.0,13.0,16.0,6.0,0.0,0.0,0.0,0.0,0.0,3.0,16.0,7.0,0.0,0.0,0.0,0.0,2.0,13.0,14.0,1.0,0.0,0.0,0.0,11.0,15.0,15.0,6.0,0.0,0.0,9
1203,0.0,0.0,2.0,12.0,16.0,16.0,7.0,0.0,0.0,0.0,10.0,13.0,7.0,8.0,3.0,0.0,0.0,2.0,15.0,6.0,0.0,0.0,0.0,0.0,0.0,11.0,14.0,7.0,5.0,1.0,0.0,0.0,0.0,5.0,16.0,16.0,16.0,15.0,6.0,0.0,0.0,0.0,4.0,4.0,4.0,14.0,8.0,0.0,0.0,0.0,0.0,4.0,7.0,14.0,5.0,0.0,0.0,0.0,2.0,15.0,15.0,5.0,0.0,0.0,5
1433,0.0,0.0,3.0,12.0,15.0,11.0,2.0,0.0,0.0,0.0,11.0,13.0,7.0,13.0,8.0,0.0,0.0,7.0,15.0,1.0,5.0,15.0,3.0,0.0,0.0,1.0,12.0,16.0,16.0,5.0,0.0,0.0,0.0,0.0,0.0,13.0,15.0,15.0,2.0,0.0,0.0,0.0,2.0,13.0,0.0,10.0,5.0,0.0,0.0,0.0,4.0,11.0,4.0,11.0,6.0,0.0,0.0,0.0,2.0,13.0,16.0,12.0,0.0,0.0,8
911,0.0,0.0,1.0,10.0,10.0,0.0,0.0,0.0,0.0,1.0,13.0,10.0,1.0,0.0,0.0,0.0,0.0,4.0,14.0,0.0,0.0,0.0,0.0,0.0,0.0,6.0,12.0,0.0,0.0,0.0,0.0,0.0,0.0,8.0,11.0,5.0,10.0,11.0,1.0,0.0,0.0,5.0,16.0,13.0,6.0,10.0,8.0,0.0,0.0,0.0,10.0,9.0,0.0,7.0,11.0,0.0,0.0,0.0,1.0,12.0,16.0,14.0,2.0,0.0,6
1670,0.0,1.0,6.0,12.0,15.0,5.0,0.0,0.0,0.0,7.0,14.0,14.0,16.0,7.0,0.0,0.0,0.0,0.0,2.0,14.0,10.0,0.0,0.0,0.0,0.0,0.0,11.0,16.0,2.0,0.0,0.0,0.0,0.0,0.0,2.0,11.0,16.0,12.0,0.0,0.0,0.0,0.0,0.0,0.0,4.0,14.0,7.0,0.0,0.0,0.0,2.0,4.0,5.0,14.0,7.0,0.0,0.0,0.0,6.0,16.0,14.0,8.0,0.0,0.0,3
178,0.0,0.0,6.0,15.0,15.0,3.0,0.0,0.0,0.0,3.0,16.0,14.0,14.0,13.0,0.0,0.0,0.0,6.0,15.0,2.0,1.0,14.0,5.0,0.0,0.0,8.0,14.0,2.0,0.0,9.0,8.0,0.0,0.0,8.0,16.0,4.0,0.0,8.0,8.0,0.0,0.0,5.0,16.0,6.0,0.0,11.0,9.0,0.0,0.0,1.0,16.0,16.0,14.0,16.0,9.0,0.0,0.0,0.0,5.0,14.0,15.0,10.0,1.0,0.0,0
1389,0.0,0.0,7.0,16.0,15.0,4.0,0.0,0.0,0.0,0.0,3.0,13.0,4.0,2.0,0.0,0.0,0.0,0.0,9.0,9.0,0.0,0.0,0.0,0.0,0.0,0.0,14.0,7.0,0.0,0.0,0.0,0.0,0.0,0.0,13.0,16.0,13.0,2.0,0.0,0.0,0.0,0.0,0.0,4.0,11.0,8.0,0.0,0.0,0.0,0.0,0.0,1.0,13.0,6.0,0.0,0.0,0.0,0.0,6.0,16.0,14.0,0.0,0.0,0.0,5
475,0.0,0.0,6.0,15.0,11.0,0.0,0.0,0.0,0.0,6.0,16.0,13.0,16.0,0.0,0.0,0.0,0.0,2.0,7.0,13.0,9.0,0.0,0.0,0.0,0.0,0.0,3.0,16.0,15.0,5.0,0.0,0.0,0.0,0.0,0.0,3.0,11.0,16.0,2.0,0.0,0.0,0.0,0.0,0.0,0.0,16.0,7.0,0.0,0.0,0.0,16.0,11.0,10.0,16.0,7.0,0.0,0.0,0.0,5.0,16.0,15.0,9.0,0.0,0.0,3
1511,0.0,0.0,3.0,12.0,16.0,9.0,0.0,0.0,0.0,0.0,12.0,9.0,13.0,16.0,9.0,0.0,0.0,3.0,16.0,5.0,0.0,8.0,12.0,0.0,0.0,0.0,9.0,16.0,10.0,13.0,2.0,0.0,0.0,0.0,0.0,4.0,16.0,12.0,0.0,0.0,0.0,0.0,0.0,11.0,9.0,16.0,0.0,0.0,0.0,0.0,1.0,15.0,2.0,12.0,0.0,0.0,0.0,0.0,2.0,16.0,16.0,6.0,0.0,0.0,8
1532,0.0,0.0,15.0,14.0,15.0,9.0,0.0,0.0,0.0,0.0,12.0,10.0,7.0,6.0,4.0,0.0,0.0,1.0,14.0,2.0,0.0,0.0,0.0,0.0,0.0,5.0,16.0,12.0,10.0,4.0,0.0,0.0,0.0,4.0,11.0,8.0,11.0,15.0,5.0,0.0,0.0,0.0,0.0,0.0,0.0,13.0,7.0,0.0,0.0,4.0,16.0,10.0,11.0,14.0,1.0,0.0,0.0,1.0,10.0,16.0,15.0,4.0,0.0,0.0,5
1055,0.0,0.0,1.0,9.0,15.0,1.0,0.0,0.0,0.0,0.0,9.0,14.0,4.0,0.0,0.0,0.0,0.0,0.0,16.0,3.0,0.0,0.0,0.0,0.0,0.0,6.0,13.0,0.0,0.0,0.0,0.0,0.0,0.0,4.0,14.0,12.0,16.0,13.0,3.0,0.0,0.0,2.0,15.0,13.0,4.0,3.0,13.0,0.0,0.0,0.0,9.0,8.0,2.0,4.0,16.0,1.0,0.0,0.0,0.0,9.0,12.0,12.0,8.0,0.0,6
892,0.0,0.0,10.0,15.0,13.0,1.0,0.0,0.0,0.0,4.0,16.0,7.0,13.0,7.0,0.0,0.0,0.0,2.0,11.0,0.0,12.0,6.0,0.0,0.0,0.0,0.0,0.0,4.0,14.0,0.0,0.0,0.0,0.0,0.0,1.0,15.0,6.0,0.0,0.0,0.0,0.0,0.0,9.0,12.0,0.0,0.0,0.0,0.0,0.0,4.0,16.0,7.0,7.0,13.0,3.0,0.0,0.0,0.0,10.0,16.0,12.0,3.0,0.0,0.0,2
440,0.0,0.0,7.0,13.0,2.0,0.0,0.0,0.0,0.0,11.0,15.0,12.0,13.0,0.0,0.0,0.0,0.0,12.0,7.0,0.0,16.0,4.0,0.0,0.0,0.0,4.0,4.0,0.0,14.0,8.0,0.0,0.0,0.0,0.0,0.0,0.0,14.0,7.0,0.0,0.0,0.0,0.0,0.0,4.0,16.0,3.0,0.0,0.0,0.0,0.0,12.0,16.0,16.0,12.0,9.0,0.0,0.0,0.0,9.0,12.0,8.0,10.0,14.0,0.0,2
154,0.0,0.0,0.0,3.0,16.0,3.0,0.0,0.0,0.0,0.0,0.0,10.0,16.0,11.0,0.0,0.0,0.0,0.0,4.0,16.0,16.0,8.0,0.0,0.0,0.0,2.0,14.0,12.0,16.0,5.0,0.0,0.0,0.0,10.0,16.0,14.0,16.0,16.0,11.0,0.0,0.0,5.0,12.0,13.0,16.0,8.0,3.0,0.0,0.0,0.0,0.0,2.0,15.0,3.0,0.0,0.0,0.0,0.0,0.0,4.0,12.0,0.0,0.0,0.0,4
559,0.0,0.0,4.0,10.0,15.0,16.0,4.0,0.0,0.0,0.0,13.0,14.0,9.0,16.0,3.0,0.0,0.0,0.0,2.0,1.0,5.0,15.0,0.0,0.0,0.0,0.0,3.0,4.0,13.0,14.0,2.0,0.0,0.0,5.0,16.0,16.0,16.0,16.0,8.0,0.0,0.0,4.0,9.0,12.0,14.0,1.0,0.0,0.0,0.0,0.0,5.0,15.0,10.0,0.0,0.0,0.0,0.0,0.0,6.0,16.0,4.0,0.0,0.0,0.0,7
173,0.0,0.0,7.0,16.0,16.0,16.0,13.0,0.0,0.0,0.0,8.0,9.0,8.0,15.0,15.0,0.0,0.0,0.0,0.0,0.0,4.0,16.0,7.0,0.0,0.0,0.0,4.0,8.0,12.0,16.0,5.0,0.0,0.0,3.0,16.0,16.0,16.0,14.0,7.0,0.0,0.0,0.0,3.0,8.0,16.0,3.0,0.0,0.0,0.0,0.0,0.0,15.0,13.0,0.0,0.0,0.0,0.0,0.0,7.0,16.0,3.0,0.0,0.0,0.0,7
72,0.0,0.0,1.0,13.0,10.0,0.0,0.0,0.0,0.0,7.0,16.0,16.0,16.0,7.0,0.0,0.0,0.0,8.0,16.0,13.0,10.0,15.0,0.0,0.0,0.0,8.0,16.0,2.0,2.0,15.0,3.0,0.0,0.0,5.0,15.0,2.0,0.0,12.0,7.0,0.0,0.0,1.0,15.0,6.0,2.0,16.0,3.0,0.0,0.0,0.0,11.0,15.0,13.0,16.0,0.0,0.0,0.0,0.0,1.0,15.0,14.0,8.0,0.0,0.0,0
1659,0.0,0.0,3.0,14.0,16.0,14.0,0.0,0.0,0.0,3.0,12.0,16.0,8.0,1.0,0.0,0.0,0.0,15.0,16.0,12.0,0.0,0.0,0.0,0.0,0.0,10.0,16.0,16.0,8.0,0.0,0.0,0.0,0.0,0.0,7.0,11.0,15.0,1.0,0.0,0.0,0.0,0.0,0.0,7.0,16.0,1.0,0.0,0.0,0.0,0.0,8.0,15.0,16.0,2.0,0.0,0.0,0.0,0.0,4.0,16.0,9.0,0.0,0.0,0.0,5
1373,0.0,1.0,8.0,16.0,15.0,0.0,0.0,0.0,0.0,4.0,13.0,5.0,16.0,0.0,0.0,0.0,0.0,0.0,0.0,0.0,16.0,0.0,0.0,0.0,0.0,0.0,1.0,7.0,14.0,6.0,2.0,0.0,0.0,0.0,12.0,16.0,14.0,13.0,8.0,0.0,0.0,0.0,8.0,16.0,4.0,0.0,0.0,0.0,0.0,0.0,5.0,15.0,0.0,0.0,0.0,0.0,0.0,0.0,14.0,8.0,0.0,0.0,0.0,0.0,7
581,0.0,0.0,0.0,10.0,16.0,6.0,0.0,0.0,0.0,0.0,11.0,14.0,5.0,0.0,0.0,0.0,0.0,3.0,16.0,2.0,0.0,0.0,0.0,0.0,0.0,8.0,10.0,0.0,0.0,0.0,0.0,0.0,0.0,6.0,16.0,14.0,11.0,3.0,0.0,0.0,0.0,2.0,14.0,0.0,7.0,13.0,0.0,0.0,0.0,0.0,10.0,9.0,1.0,15.0,2.0,0.0,0.0,0.0,0.0,8.0,16.0,15.0,1.0,0.0,6
227,0.0,0.0,0.0,1.0,16.0,11.0,0.0,0.0,0.0,0.0,0.0,1.0,16.0,16.0,4.0,0.0,0.0,0.0,0.0,8.0,16.0,16.0,0.0,0.0,0.0,0.0,10.0,16.0,16.0,16.0,1.0,0.0,0.0,6.0,16.0,14.0,16.0,15.0,0.0,0.0,0.0,1.0,3.0,5.0,16.0,12.0,0.0,0.0,0.0,0.0,0.0,4.0,16.0,12.0,0.0,0.0,0.0,0.0,0.0,2.0,15.0,12.0,0.0,0.0,1
1627,0.0,1.0,11.0,16.0,11.0,0.0,0.0,0.0,0.0,10.0,14.0,11.0,16.0,0.0,0.0,0.0,0.0,14.0,5.0,6.0,15.0,0.0,0.0,0.0,0.0,3.0,1.0,11.0,14.0,3.0,1.0,0.0,0.0,2.0,13.0,16.0,16.0,16.0,9.0,0.0,0.0,2.0,14.0,16.0,5.0,4.0,2.0,0.0,0.0,0.0,11.0,11.0,0.0,0.0,0.0,0.0,0.0,0.0,16.0,3.0,0.0,0.0,0.0,0.0,7
